{"type": "FeatureCollection", "features": [{"type": "Feature", "properties": {"AREA_NAME": "South Eglinton-Davisville", "buzzmaps_hoods": ["Midtown"]}, "geometry": {"type": "MultiPolygon", "coordinates": [[[[-79.38635, 43.69783], [-79.38623, 43.6975], [-79.38639, 43.69751], [-79.38646, 43.69752], [-79.38666, 43.6975], [-79.38701, 43.69747], [-79.38765, 43.6974], [-79.38953, 43.69699], [-79.39275, 43.69628], [-79.39502, 43.69584], [-79.39513, 43.69581], [-79.39528, 43.69578], [-79.39546, 43.69574], [-79.39557, 43.69572], [-79.39572, 43.6957], [-79.39589, 43.69569], [-79.39611, 43.69567], [-79.3962, 43.69613], [-79.39647, 43.69737], [-79.39664, 43.6983], [-79.39686, 43.69933], [-79.39695, 43.69979], [-79.39704, 43.7003], [-79.39716, 43.70085], [-79.39722, 43.70114], [-79.39734, 43.70179], [-79.39751, 43.70251], [-79.39767, 43.70329], [-79.39768, 43.7034], [-79.39783, 43.70415], [-79.39785, 43.70435], [-79.39824, 43.70614], [-79.39837, 43.70673], [-79.39747, 43.70692], [-79.39744, 43.70693], [-79.39683, 43.70706], [-79.39549, 43.70733], [-79.39413, 43.7076], [-79.39282, 43.70786], [-79.3915, 43.70813], [-79.3902, 43.70841], [-79.38929, 43.70608], [-79.38893, 43.70518], [-79.38857, 43.70429], [-79.38816, 43.70329], [-79.38783, 43.70247], [-79.3875, 43.70165], [-79.38703, 43.70051], [-79.38697, 43.70031], [-79.38683, 43.69984], [-79.38674, 43.6993], [-79.38653, 43.69833], [-79.38648, 43.69817], [-79.38635, 43.69783]]]]}}, {"type": "Feature", "properties": {"AREA_NAME": "Dovercourt Village", "buzzmaps_hoods": ["Ossington"]}, "geometry": {"type": "MultiPolygon", "coordinates": [[[[-79.43411, 43.66015], [-79.43537, 43.65988], [-79.43553, 43.66027], [-79.43668, 43.66297], [-79.4367, 43.66303], [-79.43706, 43.66386], [-79.43744, 43.66472], [-79.43762, 43.66512], [-79.43781, 43.66556], [-79.43792, 43.66585], [-79.43819, 43.66643], [-79.4387, 43.66766], [-79.4389, 43.66815], [-79.43904, 43.66846], [-79.43928, 43.66898], [-79.43929, 43.66901], [-79.43663, 43.66952], [-79.43662, 43.66953], [-79.43629, 43.6696], [-79.43595, 43.66967], [-79.4352, 43.66983], [-79.43504, 43.66987], [-79.43487, 43.6699], [-79.43471, 43.66994], [-79.43454, 43.66998], [-79.43438, 43.67001], [-79.43421, 43.67005], [-79.43405, 43.67008], [-79.43388, 43.67011], [-79.43372, 43.67015], [-79.43355, 43.67018], [-79.43338, 43.67021], [-79.43301, 43.67027], [-79.43295, 43.67029], [-79.4294, 43.67097], [-79.42697, 43.67144], [-79.42293, 43.67221], [-79.42185, 43.67242], [-79.42154, 43.67162], [-79.42123, 43.67078], [-79.42109, 43.67042], [-79.42093, 43.67001], [-79.42064, 43.66925], [-79.42029, 43.66834], [-79.4202, 43.66812], [-79.41993, 43.66739], [-79.41976, 43.66693], [-79.41975, 43.66691], [-79.41962, 43.66657], [-79.41959, 43.66649], [-79.41947, 43.66617], [-79.41879, 43.66444], [-79.41857, 43.66395], [-79.41842, 43.66358], [-79.41887, 43.66347], [-79.41894, 43.66346], [-79.42025, 43.66317], [-79.42091, 43.66303], [-79.42162, 43.66287], [-79.42206, 43.66278], [-79.42327, 43.66251], [-79.42443, 43.66225], [-79.42465, 43.6622], [-79.42566, 43.66198], [-79.42686, 43.66174], [-79.42805, 43.66148], [-79.42821, 43.66144], [-79.42944, 43.66115], [-79.43024, 43.66098], [-79.43042, 43.66095], [-79.43113, 43.66079], [-79.43167, 43.66066], [-79.43244, 43.66049], [-79.43292, 43.66039], [-79.43303, 43.66037], [-79.43384, 43.66019], [-79.43411, 43.66015]]]]}}, {"type": "Feature", "properties": {"AREA_NAME": "Junction-Wallace Emerson", "buzzmaps_hoods": ["Junction Triangle"]}, "geometry": {"type": "MultiPolygon", "coordinates": [[[[-79.4387, 43.66766], [-79.43841, 43.66696], [-79.43819, 43.66643], [-79.43792, 43.66585], [-79.43781, 43.66556], [-79.43762, 43.66512], [-79.43744, 43.66472], [-79.43706, 43.66386], [-79.4367, 43.66303], [-79.43668, 43.66297], [-79.43553, 43.66027], [-79.43537, 43.65988], [-79.43644, 43.65965], [-79.43761, 43.65943], [-79.43867, 43.65921], [-79.43918, 43.6591], [-79.43974, 43.65899], [-79.44039, 43.65886], [-79.44075, 43.65878], [-79.44158, 43.65859], [-79.44173, 43.65856], [-79.44273, 43.65834], [-79.444, 43.65809], [-79.44522, 43.65783], [-79.44525, 43.65783], [-79.44693, 43.65748], [-79.44699, 43.65747], [-79.44777, 43.6573], [-79.44809, 43.65723], [-79.4488, 43.65708], [-79.44893, 43.65705], [-79.44965, 43.65692], [-79.44987, 43.65688], [-79.45134, 43.65837], [-79.45203, 43.65907], [-79.45344, 43.66051], [-79.45354, 43.66061], [-79.45455, 43.66163], [-79.45602, 43.66313], [-79.45728, 43.66441], [-79.45782, 43.66496], [-79.45932, 43.66648], [-79.46005, 43.66723], [-79.45947, 43.66722], [-79.45856, 43.66721], [-79.45808, 43.66721], [-79.45643, 43.66719], [-79.45497, 43.66717], [-79.4531, 43.66714], [-79.45221, 43.66714], [-79.4522, 43.66714], [-79.45211, 43.66714], [-79.45202, 43.66713], [-79.45192, 43.66713], [-79.45182, 43.66713], [-79.45179, 43.66713], [-79.45173, 43.66712], [-79.45163, 43.66712], [-79.45153, 43.66712], [-79.45144, 43.66712], [-79.45134, 43.66712], [-79.45124, 43.66713], [-79.45115, 43.66713], [-79.45105, 43.66713], [-79.45095, 43.66713], [-79.45086, 43.66714], [-79.45076, 43.66714], [-79.45066, 43.66714], [-79.45057, 43.66715], [-79.45049, 43.66716], [-79.45047, 43.66716], [-79.45038, 43.66717], [-79.45028, 43.66717], [-79.45018, 43.66718], [-79.45009, 43.66718], [-79.44999, 43.66719], [-79.44979, 43.66721], [-79.44968, 43.66722], [-79.44956, 43.66722], [-79.44945, 43.66723], [-79.44934, 43.66724], [-79.44923, 43.66725], [-79.44912, 43.66726], [-79.44902, 43.66726], [-79.44913, 43.66753], [-79.44916, 43.66762], [-79.4492, 43.6677], [-79.44923, 43.66778], [-79.44927, 43.66786], [-79.44931, 43.66794], [-79.44935, 43.66803], [-79.44939, 43.66811], [-79.44943, 43.66819], [-79.44947, 43.66828], [-79.44951, 43.66836], [-79.44956, 43.66844], [-79.4496, 43.66852], [-79.44965, 43.6686], [-79.44969, 43.66868], [-79.44974, 43.66876], [-79.44978, 43.66884], [-79.44983, 43.66893], [-79.44988, 43.66901], [-79.44993, 43.66909], [-79.44998, 43.66916], [-79.45003, 43.66925], [-79.45008, 43.66932], [-79.45013, 43.6694], [-79.45019, 43.66948], [-79.45024, 43.66956], [-79.45029, 43.66964], [-79.45035, 43.66971], [-79.4504, 43.66979], [-79.45046, 43.66987], [-79.45052, 43.66995], [-79.45125, 43.67088], [-79.45138, 43.67104], [-79.4511, 43.6711], [-79.44947, 43.67137], [-79.44942, 43.67137], [-79.4483, 43.67156], [-79.44749, 43.6717], [-79.44723, 43.67173], [-79.44605, 43.67194], [-79.44562, 43.67201], [-79.4451, 43.67209], [-79.44475, 43.67217], [-79.44455, 43.67221], [-79.44377, 43.67238], [-79.44262, 43.67262], [-79.44211, 43.67273], [-79.44186, 43.67279], [-79.441, 43.67299], [-79.43981, 43.67326], [-79.43953, 43.67332], [-79.4384, 43.67369], [-79.43835, 43.67371], [-79.43809, 43.67379], [-79.43765, 43.67391], [-79.43747, 43.67394], [-79.43733, 43.67396], [-79.43714, 43.67397], [-79.43593, 43.67414], [-79.43465, 43.67429], [-79.43448, 43.67388], [-79.43334, 43.67111], [-79.43318, 43.67071], [-79.43309, 43.67049], [-79.43301, 43.67027], [-79.43338, 43.67021], [-79.43355, 43.67018], [-79.43372, 43.67015], [-79.43388, 43.67011], [-79.43405, 43.67008], [-79.43421, 43.67005], [-79.43438, 43.67001], [-79.43454, 43.66998], [-79.43471, 43.66994], [-79.43487, 43.6699], [-79.43504, 43.66987], [-79.4352, 43.66983], [-79.43595, 43.66967], [-79.43629, 43.6696], [-79.43662, 43.66953], [-79.43663, 43.66952], [-79.43929, 43.66901], [-79.43928, 43.66898], [-79.43904, 43.66846], [-79.4389, 43.66815], [-79.4387, 43.66766]]]]}}, {"type": "Feature", "properties": {"AREA_NAME": "Bay-Cloverhill", "buzzmaps_hoods": ["Yorkville"]}, "geometry": {"type": "MultiPolygon", "coordinates": [[[[-79.38743, 43.66051], [-79.39049, 43.65986], [-79.39063, 43.66016], [-79.39064, 43.66018], [-79.39068, 43.66026], [-79.39069, 43.66027], [-79.3907, 43.66029], [-79.39072, 43.66031], [-79.39073, 43.66033], [-79.39075, 43.66034], [-79.39076, 43.66036], [-79.39078, 43.66037], [-79.39079, 43.66039], [-79.39081, 43.66041], [-79.39083, 43.66042], [-79.39085, 43.66044], [-79.39087, 43.66045], [-79.39089, 43.66047], [-79.39091, 43.66048], [-79.39093, 43.6605], [-79.39095, 43.66051], [-79.39097, 43.66052], [-79.391, 43.66054], [-79.39102, 43.66055], [-79.39104, 43.66056], [-79.39107, 43.66057], [-79.39109, 43.66058], [-79.39111, 43.66059], [-79.39114, 43.6606], [-79.39116, 43.66061], [-79.3912, 43.66061], [-79.39122, 43.66062], [-79.3913, 43.66065], [-79.39135, 43.66067], [-79.3914, 43.66069], [-79.39145, 43.66072], [-79.3915, 43.66074], [-79.39155, 43.66077], [-79.3916, 43.66079], [-79.39165, 43.66082], [-79.39169, 43.66084], [-79.39174, 43.66087], [-79.39181, 43.66092], [-79.39192, 43.661], [-79.39205, 43.66112], [-79.39213, 43.66121], [-79.39221, 43.66133], [-79.39228, 43.66145], [-79.3923, 43.66148], [-79.39241, 43.66172], [-79.39249, 43.6619], [-79.39291, 43.66242], [-79.39295, 43.66247], [-79.39311, 43.66277], [-79.39321, 43.66307], [-79.39359, 43.66408], [-79.39386, 43.66481], [-79.39387, 43.66483], [-79.39387, 43.66485], [-79.39388, 43.66487], [-79.39388, 43.6649], [-79.39389, 43.66492], [-79.39389, 43.66495], [-79.39389, 43.66497], [-79.3939, 43.66499], [-79.3939, 43.66501], [-79.3939, 43.66502], [-79.3939, 43.66504], [-79.3939, 43.66506], [-79.3939, 43.66508], [-79.39389, 43.66511], [-79.39389, 43.66513], [-79.39389, 43.66516], [-79.39388, 43.66518], [-79.39388, 43.6652], [-79.39387, 43.66522], [-79.39386, 43.66525], [-79.39386, 43.66527], [-79.39385, 43.66529], [-79.39384, 43.66531], [-79.39383, 43.66533], [-79.39383, 43.66534], [-79.39382, 43.66536], [-79.39381, 43.66538], [-79.3938, 43.6654], [-79.39379, 43.6654], [-79.39378, 43.66542], [-79.39377, 43.66544], [-79.39376, 43.66546], [-79.39375, 43.66548], [-79.39373, 43.6655], [-79.39372, 43.66552], [-79.3937, 43.66554], [-79.39369, 43.66556], [-79.39367, 43.66558], [-79.39365, 43.6656], [-79.39363, 43.66562], [-79.39361, 43.66563], [-79.39359, 43.66565], [-79.39357, 43.66567], [-79.39355, 43.66569], [-79.39353, 43.6657], [-79.39351, 43.66572], [-79.39349, 43.66573], [-79.39346, 43.66575], [-79.39344, 43.66576], [-79.39342, 43.66578], [-79.39339, 43.66579], [-79.39339, 43.66579], [-79.39335, 43.66583], [-79.39332, 43.66586], [-79.39328, 43.66591], [-79.39325, 43.66595], [-79.39321, 43.66601], [-79.39319, 43.66606], [-79.39318, 43.66611], [-79.39317, 43.66616], [-79.39317, 43.6662], [-79.39317, 43.66625], [-79.39315, 43.66637], [-79.39353, 43.66727], [-79.39414, 43.66872], [-79.39103, 43.66936], [-79.39059, 43.66945], [-79.38951, 43.66967], [-79.38802, 43.66997], [-79.38741, 43.6701], [-79.38679, 43.67023], [-79.38656, 43.66969], [-79.38642, 43.66937], [-79.38616, 43.66874], [-79.38611, 43.66863], [-79.38586, 43.668], [-79.38569, 43.66756], [-79.38534, 43.6667], [-79.38533, 43.66667], [-79.38526, 43.66655], [-79.38505, 43.66606], [-79.38504, 43.66604], [-79.38495, 43.66584], [-79.3846, 43.66494], [-79.38416, 43.6639], [-79.38414, 43.66386], [-79.38379, 43.66302], [-79.38373, 43.6629], [-79.38342, 43.66214], [-79.38339, 43.66205], [-79.38311, 43.66137], [-79.38371, 43.66125], [-79.38585, 43.66082], [-79.38668, 43.66066], [-79.38743, 43.66051]]]]}}, {"type": "Feature", "properties": {"AREA_NAME": "Bendale-Glen Andrew", "buzzmaps_hoods": ["Scarborough"]}, "geometry": {"type": "MultiPolygon", "coordinates": [[[[-79.26392, 43.75175], [-79.26505, 43.75152], [-79.26513, 43.75171], [-79.2652, 43.75193], [-79.26531, 43.75232], [-79.2654, 43.7526], [-79.26551, 43.75294], [-79.26558, 43.75312], [-79.26565, 43.75332], [-79.26571, 43.75349], [-79.26578, 43.75365], [-79.2659, 43.75394], [-79.26638, 43.75518], [-79.26667, 43.7559], [-79.26718, 43.75726], [-79.26745, 43.75795], [-79.26783, 43.75891], [-79.26831, 43.76015], [-79.26892, 43.76173], [-79.26927, 43.76259], [-79.26969, 43.76367], [-79.27018, 43.76495], [-79.27056, 43.76588], [-79.2708, 43.76653], [-79.27085, 43.76666], [-79.27088, 43.76678], [-79.27092, 43.76693], [-79.27095, 43.76707], [-79.27102, 43.76738], [-79.27107, 43.76773], [-79.27111, 43.76792], [-79.27118, 43.76814], [-79.27121, 43.76831], [-79.27125, 43.7685], [-79.27129, 43.76867], [-79.27134, 43.7688], [-79.27138, 43.76893], [-79.27145, 43.76913], [-79.27165, 43.76966], [-79.27189, 43.77026], [-79.27197, 43.77045], [-79.27204, 43.77061], [-79.27232, 43.77131], [-79.27262, 43.77205], [-79.27292, 43.77275], [-79.27299, 43.77297], [-79.2733, 43.77368], [-79.27368, 43.77461], [-79.27401, 43.77544], [-79.27428, 43.77609], [-79.27452, 43.77666], [-79.27465, 43.77694], [-79.27471, 43.77711], [-79.27471, 43.77712], [-79.27477, 43.77727], [-79.27478, 43.77728], [-79.27469, 43.7773], [-79.27179, 43.77794], [-79.26906, 43.7785], [-79.26799, 43.77871], [-79.26603, 43.77909], [-79.26487, 43.77931], [-79.26477, 43.77933], [-79.26479, 43.7794], [-79.26392, 43.7795], [-79.26371, 43.77954], [-79.26034, 43.78021], [-79.25797, 43.78065], [-79.25498, 43.78122], [-79.25497, 43.78121], [-79.25495, 43.78113], [-79.25492, 43.78106], [-79.2549, 43.78102], [-79.25489, 43.78098], [-79.25485, 43.7809], [-79.25483, 43.78085], [-79.25482, 43.78083], [-79.2548, 43.78078], [-79.2548, 43.78078], [-79.25479, 43.78075], [-79.25475, 43.78068], [-79.25472, 43.7806], [-79.25469, 43.78053], [-79.25465, 43.78045], [-79.25461, 43.78038], [-79.25457, 43.7803], [-79.25454, 43.78023], [-79.2545, 43.78015], [-79.25446, 43.78008], [-79.25423, 43.77961], [-79.25422, 43.77959], [-79.25403, 43.77911], [-79.25385, 43.77865], [-79.25359, 43.77799], [-79.25356, 43.77793], [-79.25356, 43.77793], [-79.25313, 43.77683], [-79.25292, 43.77631], [-79.25259, 43.77544], [-79.2524, 43.77495], [-79.25224, 43.77457], [-79.25219, 43.77446], [-79.25187, 43.77365], [-79.25175, 43.77331], [-79.25169, 43.77313], [-79.25164, 43.77298], [-79.25161, 43.77286], [-79.25158, 43.77274], [-79.25155, 43.77262], [-79.25153, 43.77251], [-79.25151, 43.77239], [-79.2515, 43.77214], [-79.25143, 43.77193], [-79.25133, 43.7716], [-79.25107, 43.77088], [-79.25081, 43.77018], [-79.25076, 43.77005], [-79.2504, 43.76909], [-79.25021, 43.76864], [-79.24974, 43.76743], [-79.24896, 43.76542], [-79.24863, 43.76459], [-79.24821, 43.76348], [-79.24761, 43.76198], [-79.24724, 43.76103], [-79.24688, 43.76016], [-79.24685, 43.76008], [-79.24667, 43.75962], [-79.24622, 43.75839], [-79.24595, 43.75767], [-79.24591, 43.75757], [-79.24591, 43.75756], [-79.24582, 43.75735], [-79.24575, 43.75718], [-79.2457, 43.75704], [-79.24564, 43.75687], [-79.24559, 43.75673], [-79.24556, 43.7566], [-79.24551, 43.75647], [-79.24551, 43.75646], [-79.24548, 43.75618], [-79.24547, 43.756], [-79.24547, 43.7559], [-79.24547, 43.7558], [-79.24546, 43.75573], [-79.24544, 43.75562], [-79.24542, 43.75555], [-79.24676, 43.75526], [-79.24849, 43.75492], [-79.25088, 43.75443], [-79.25093, 43.75442], [-79.25156, 43.75428], [-79.25537, 43.75353], [-79.25591, 43.75341], [-79.25664, 43.75324], [-79.25684, 43.7532], [-79.25808, 43.75297], [-79.25852, 43.75286], [-79.26014, 43.75254], [-79.26164, 43.75222], [-79.26246, 43.75207], [-79.26392, 43.75175]]]]}}, {"type": "Feature", "properties": {"AREA_NAME": "East Willowdale", "buzzmaps_hoods": ["North York"]}, "geometry": {"type": "MultiPolygon", "coordinates": [[[[-79.40717, 43.76233], [-79.40826, 43.7621], [-79.40832, 43.76226], [-79.40838, 43.76253], [-79.40843, 43.76276], [-79.40846, 43.76289], [-79.40848, 43.76294], [-79.40866, 43.76368], [-79.40868, 43.76377], [-79.40867, 43.76383], [-79.40865, 43.76388], [-79.40863, 43.76393], [-79.40859, 43.76399], [-79.40854, 43.76405], [-79.40845, 43.76411], [-79.40841, 43.76418], [-79.40838, 43.76424], [-79.40838, 43.76431], [-79.40839, 43.7644], [-79.40862, 43.76497], [-79.40909, 43.76578], [-79.40931, 43.76616], [-79.40935, 43.76625], [-79.40971, 43.76711], [-79.41008, 43.76798], [-79.41045, 43.76886], [-79.41081, 43.76973], [-79.4112, 43.77055], [-79.41157, 43.77137], [-79.41186, 43.77205], [-79.41195, 43.77226], [-79.41204, 43.77246], [-79.41233, 43.77323], [-79.41245, 43.7738], [-79.41248, 43.7741], [-79.4099, 43.77468], [-79.41042, 43.77591], [-79.41053, 43.77616], [-79.4109, 43.77702], [-79.41106, 43.77739], [-79.41145, 43.77841], [-79.41189, 43.77942], [-79.41232, 43.78048], [-79.40972, 43.78106], [-79.40711, 43.78163], [-79.40447, 43.7822], [-79.40188, 43.78276], [-79.40061, 43.78305], [-79.3993, 43.78334], [-79.39769, 43.78369], [-79.39634, 43.78398], [-79.39595, 43.78408], [-79.3947, 43.78435], [-79.39361, 43.78459], [-79.39328, 43.78466], [-79.39296, 43.78475], [-79.39258, 43.78485], [-79.3924, 43.78489], [-79.39215, 43.78501], [-79.39211, 43.78476], [-79.39192, 43.78387], [-79.39171, 43.78292], [-79.39149, 43.78193], [-79.39137, 43.7814], [-79.39126, 43.78086], [-79.39124, 43.78079], [-79.39114, 43.78032], [-79.39099, 43.77971], [-79.39092, 43.77937], [-79.39062, 43.77804], [-79.39047, 43.77741], [-79.3904, 43.77705], [-79.39019, 43.7761], [-79.38998, 43.77524], [-79.38978, 43.77433], [-79.38958, 43.77348], [-79.38939, 43.77255], [-79.38919, 43.77165], [-79.38898, 43.77074], [-79.38883, 43.7701], [-79.38866, 43.76938], [-79.38858, 43.76906], [-79.38842, 43.76819], [-79.38826, 43.76756], [-79.38822, 43.76737], [-79.3881, 43.76689], [-79.38806, 43.76659], [-79.38818, 43.76655], [-79.38844, 43.76649], [-79.38891, 43.76637], [-79.39004, 43.76613], [-79.39202, 43.7657], [-79.39313, 43.76546], [-79.39472, 43.7651], [-79.39705, 43.76458], [-79.39876, 43.7642], [-79.39969, 43.764], [-79.40131, 43.76365], [-79.40231, 43.76343], [-79.40287, 43.7633], [-79.40393, 43.76307], [-79.40396, 43.76306], [-79.40407, 43.76304], [-79.4042, 43.76301], [-79.40476, 43.76289], [-79.40717, 43.76233]]]]}}, {"type": "Feature", "properties": {"AREA_NAME": "Yonge-Doris", "buzzmaps_hoods": ["North York"]}, "geometry": {"type": "MultiPolygon", "coordinates": [[[[-79.40961, 43.7618], [-79.41094, 43.76151], [-79.41116, 43.76235], [-79.41138, 43.76326], [-79.41154, 43.76389], [-79.41157, 43.764], [-79.41164, 43.7643], [-79.41176, 43.76481], [-79.41199, 43.76566], [-79.41221, 43.76656], [-79.41225, 43.76669], [-79.41232, 43.76694], [-79.41245, 43.76747], [-79.41267, 43.76839], [-79.4129, 43.76927], [-79.41311, 43.77014], [-79.41322, 43.77057], [-79.41332, 43.77099], [-79.41358, 43.77199], [-79.41364, 43.77226], [-79.41383, 43.77298], [-79.41403, 43.77378], [-79.41438, 43.77516], [-79.41451, 43.77566], [-79.41475, 43.77659], [-79.41485, 43.77695], [-79.41509, 43.77789], [-79.41529, 43.77868], [-79.4153, 43.77875], [-79.41531, 43.77878], [-79.41558, 43.77977], [-79.41493, 43.77991], [-79.41414, 43.78008], [-79.41232, 43.78048], [-79.41189, 43.77942], [-79.41145, 43.77841], [-79.41106, 43.77739], [-79.41053, 43.77616], [-79.41042, 43.77591], [-79.4099, 43.77468], [-79.41248, 43.7741], [-79.41245, 43.7738], [-79.41233, 43.77323], [-79.41204, 43.77246], [-79.41157, 43.77137], [-79.4112, 43.77055], [-79.41099, 43.77012], [-79.41085, 43.76981], [-79.41081, 43.76973], [-79.41045, 43.76886], [-79.41008, 43.76798], [-79.40971, 43.76711], [-79.40935, 43.76625], [-79.40931, 43.76616], [-79.40862, 43.76497], [-79.40839, 43.7644], [-79.40838, 43.76431], [-79.40838, 43.76424], [-79.40841, 43.76418], [-79.40845, 43.76411], [-79.40854, 43.76405], [-79.40859, 43.76399], [-79.40863, 43.76393], [-79.40865, 43.76388], [-79.40867, 43.76383], [-79.40868, 43.76377], [-79.40866, 43.76368], [-79.40848, 43.76294], [-79.40846, 43.76289], [-79.40843, 43.76276], [-79.40838, 43.76253], [-79.40832, 43.76226], [-79.40826, 43.7621], [-79.40961, 43.7618]]]]}}, {"type": "Feature", "properties": {"AREA_NAME": "Scarborough Village", "buzzmaps_hoods": ["Scarborough"]}, "geometry": {"type": "MultiPolygon", "coordinates": [[[[-79.20827, 43.73757], [-79.20761, 43.73606], [-79.20588, 43.73769], [-79.20557, 43.73707], [-79.20541, 43.73668], [-79.20471, 43.735], [-79.20488, 43.73495], [-79.205, 43.73491], [-79.20513, 43.73488], [-79.20524, 43.73484], [-79.2053, 43.7348], [-79.20547, 43.73471], [-79.20561, 43.73462], [-79.20568, 43.73456], [-79.20569, 43.73455], [-79.2057, 43.73453], [-79.20572, 43.73448], [-79.20573, 43.73446], [-79.20572, 43.73444], [-79.20572, 43.73442], [-79.20571, 43.73441], [-79.2057, 43.73438], [-79.2057, 43.73436], [-79.20569, 43.73435], [-79.20569, 43.73434], [-79.20569, 43.73432], [-79.2057, 43.7343], [-79.20571, 43.73428], [-79.20572, 43.73426], [-79.20574, 43.73425], [-79.20576, 43.73424], [-79.20578, 43.73423], [-79.20581, 43.73422], [-79.20583, 43.73422], [-79.20586, 43.73422], [-79.20587, 43.73423], [-79.20589, 43.73424], [-79.20591, 43.73426], [-79.20594, 43.73428], [-79.20597, 43.7343], [-79.206, 43.73432], [-79.20602, 43.73433], [-79.20608, 43.73434], [-79.20608, 43.73434], [-79.2062, 43.73431], [-79.20643, 43.73419], [-79.2066, 43.73403], [-79.20677, 43.73383], [-79.20681, 43.73376], [-79.20683, 43.73372], [-79.20686, 43.73367], [-79.20686, 43.73365], [-79.20684, 43.73363], [-79.20683, 43.7336], [-79.20681, 43.73356], [-79.2068, 43.73354], [-79.20679, 43.73352], [-79.20678, 43.7335], [-79.20679, 43.73347], [-79.20679, 43.73345], [-79.2068, 43.73342], [-79.20682, 43.73339], [-79.20684, 43.73338], [-79.20687, 43.73336], [-79.20691, 43.73334], [-79.20695, 43.73333], [-79.20703, 43.73332], [-79.20706, 43.73331], [-79.20709, 43.73331], [-79.20713, 43.73332], [-79.20714, 43.73333], [-79.20718, 43.73335], [-79.20722, 43.73338], [-79.20725, 43.73341], [-79.20728, 43.73344], [-79.2073, 43.73344], [-79.20733, 43.73344], [-79.20738, 43.73344], [-79.20743, 43.73342], [-79.20749, 43.7334], [-79.20754, 43.73338], [-79.20759, 43.73335], [-79.20768, 43.73328], [-79.20774, 43.73323], [-79.2078, 43.73318], [-79.20785, 43.73314], [-79.2079, 43.73307], [-79.20794, 43.733], [-79.20797, 43.73295], [-79.20797, 43.73291], [-79.20796, 43.73289], [-79.2079, 43.73285], [-79.20787, 43.73283], [-79.20785, 43.73281], [-79.20783, 43.73278], [-79.20781, 43.73275], [-79.2078, 43.73274], [-79.20779, 43.73272], [-79.20778, 43.7327], [-79.20777, 43.73269], [-79.20778, 43.73267], [-79.20778, 43.73266], [-79.20779, 43.73264], [-79.20779, 43.73262], [-79.20782, 43.7326], [-79.20783, 43.73259], [-79.20786, 43.73258], [-79.20789, 43.73256], [-79.20793, 43.73255], [-79.20795, 43.73255], [-79.20798, 43.73255], [-79.208, 43.73255], [-79.20804, 43.73256], [-79.20807, 43.73258], [-79.20808, 43.73258], [-79.2081, 43.73258], [-79.20813, 43.73258], [-79.20821, 43.73256], [-79.20833, 43.73252], [-79.20844, 43.73248], [-79.20851, 43.73244], [-79.20862, 43.73236], [-79.20872, 43.73228], [-79.20879, 43.73221], [-79.20886, 43.73213], [-79.20891, 43.73207], [-79.20893, 43.73203], [-79.20896, 43.73197], [-79.20899, 43.73192], [-79.20899, 43.73191], [-79.20898, 43.7319], [-79.20896, 43.73188], [-79.20894, 43.73187], [-79.20892, 43.73185], [-79.20889, 43.73182], [-79.20887, 43.7318], [-79.20885, 43.73178], [-79.20884, 43.73176], [-79.20883, 43.73173], [-79.20884, 43.73171], [-79.20885, 43.73169], [-79.20886, 43.73166], [-79.20888, 43.73165], [-79.2089, 43.73163], [-79.20892, 43.73161], [-79.20895, 43.7316], [-79.209, 43.73158], [-79.20903, 43.73158], [-79.20906, 43.73158], [-79.20909, 43.73158], [-79.20911, 43.73158], [-79.20914, 43.73159], [-79.20917, 43.7316], [-79.20921, 43.73163], [-79.20925, 43.73165], [-79.20929, 43.73166], [-79.20931, 43.73166], [-79.20934, 43.73165], [-79.20948, 43.7316], [-79.20962, 43.73154], [-79.20979, 43.73144], [-79.20995, 43.7313], [-79.21009, 43.73111], [-79.21016, 43.73093], [-79.21014, 43.73087], [-79.21007, 43.73078], [-79.21, 43.73075], [-79.20994, 43.73072], [-79.20989, 43.7307], [-79.20985, 43.73067], [-79.20981, 43.73065], [-79.20978, 43.73062], [-79.20977, 43.73058], [-79.20976, 43.73055], [-79.20976, 43.73054], [-79.20977, 43.7305], [-79.20979, 43.73047], [-79.20981, 43.73045], [-79.20985, 43.73042], [-79.2099, 43.7304], [-79.20994, 43.73039], [-79.20998, 43.7304], [-79.21003, 43.73041], [-79.21005, 43.73041], [-79.21007, 43.73042], [-79.21009, 43.73042], [-79.2101, 43.73042], [-79.21011, 43.73042], [-79.21012, 43.73041], [-79.21014, 43.7304], [-79.21017, 43.73037], [-79.21019, 43.73035], [-79.21019, 43.73034], [-79.21019, 43.73032], [-79.21019, 43.73031], [-79.21018, 43.73028], [-79.21018, 43.73025], [-79.21018, 43.73022], [-79.21019, 43.7302], [-79.21019, 43.73019], [-79.21024, 43.73016], [-79.21027, 43.73014], [-79.21031, 43.73013], [-79.21034, 43.73012], [-79.21036, 43.73011], [-79.21039, 43.73011], [-79.21041, 43.73011], [-79.21043, 43.73012], [-79.21046, 43.73013], [-79.21049, 43.73015], [-79.21051, 43.73016], [-79.21054, 43.73016], [-79.21057, 43.73016], [-79.21062, 43.73014], [-79.21074, 43.7301], [-79.21081, 43.73008], [-79.21088, 43.73006], [-79.21094, 43.73004], [-79.21104, 43.72999], [-79.21111, 43.72995], [-79.21115, 43.72992], [-79.2112, 43.72987], [-79.21125, 43.72983], [-79.21131, 43.72977], [-79.21136, 43.7297], [-79.2114, 43.72961], [-79.21143, 43.72957], [-79.21141, 43.72955], [-79.2114, 43.72954], [-79.2114, 43.72952], [-79.21138, 43.72949], [-79.21137, 43.72947], [-79.21137, 43.72944], [-79.21137, 43.72941], [-79.21138, 43.7294], [-79.2114, 43.72937], [-79.21142, 43.72934], [-79.21145, 43.72932], [-79.21148, 43.7293], [-79.21151, 43.72928], [-79.21154, 43.72927], [-79.21158, 43.72926], [-79.21163, 43.72925], [-79.21167, 43.72925], [-79.21171, 43.72925], [-79.21175, 43.72926], [-79.21177, 43.72927], [-79.21178, 43.72927], [-79.21182, 43.72925], [-79.21188, 43.72922], [-79.21196, 43.72918], [-79.21199, 43.72915], [-79.21206, 43.72911], [-79.21212, 43.72905], [-79.21217, 43.72901], [-79.21222, 43.72896], [-79.21225, 43.72892], [-79.2123, 43.72887], [-79.21232, 43.72885], [-79.21238, 43.72877], [-79.21242, 43.72872], [-79.21244, 43.72869], [-79.21249, 43.72865], [-79.21252, 43.72861], [-79.21254, 43.72858], [-79.21256, 43.72854], [-79.21257, 43.72851], [-79.2126, 43.72843], [-79.21263, 43.72835], [-79.21268, 43.72824], [-79.2127, 43.72819], [-79.21273, 43.72815], [-79.21276, 43.72809], [-79.21279, 43.72805], [-79.21284, 43.72795], [-79.21287, 43.72789], [-79.21291, 43.72784], [-79.21297, 43.72776], [-79.21301, 43.7277], [-79.21309, 43.72762], [-79.21314, 43.72755], [-79.2132, 43.72749], [-79.21325, 43.72743], [-79.21328, 43.7274], [-79.21328, 43.72739], [-79.21327, 43.72737], [-79.21323, 43.72738], [-79.21319, 43.7274], [-79.21316, 43.72741], [-79.21314, 43.72741], [-79.21313, 43.72742], [-79.21312, 43.72741], [-79.21311, 43.72741], [-79.2131, 43.7274], [-79.21309, 43.7274], [-79.21309, 43.72739], [-79.21309, 43.72738], [-79.21309, 43.72736], [-79.2131, 43.72735], [-79.21311, 43.72734], [-79.21314, 43.72732], [-79.21322, 43.7273], [-79.21337, 43.72726], [-79.21343, 43.72716], [-79.21347, 43.7271], [-79.2135, 43.72705], [-79.21356, 43.72699], [-79.21361, 43.72694], [-79.21365, 43.7269], [-79.2137, 43.72686], [-79.21376, 43.72682], [-79.21381, 43.72679], [-79.21388, 43.72678], [-79.21397, 43.72676], [-79.214, 43.72681], [-79.21401, 43.72684], [-79.21403, 43.72692], [-79.21406, 43.72701], [-79.21409, 43.7271], [-79.21414, 43.72719], [-79.21421, 43.72727], [-79.21429, 43.72733], [-79.21441, 43.72738], [-79.21453, 43.72742], [-79.21466, 43.72745], [-79.21479, 43.72748], [-79.21494, 43.72751], [-79.21507, 43.72754], [-79.21521, 43.72756], [-79.21536, 43.72757], [-79.2155, 43.72758], [-79.21566, 43.72758], [-79.21581, 43.7276], [-79.21596, 43.72763], [-79.21611, 43.72765], [-79.21624, 43.72767], [-79.21639, 43.72768], [-79.21654, 43.7277], [-79.21669, 43.72773], [-79.21681, 43.72776], [-79.21693, 43.72778], [-79.21707, 43.7278], [-79.21721, 43.72781], [-79.21735, 43.72783], [-79.21749, 43.72784], [-79.21764, 43.72785], [-79.21776, 43.72785], [-79.21791, 43.72788], [-79.21804, 43.72788], [-79.2182, 43.72792], [-79.21833, 43.72798], [-79.21845, 43.72805], [-79.21855, 43.72811], [-79.21876, 43.72815], [-79.21899, 43.72818], [-79.21912, 43.72822], [-79.21929, 43.72827], [-79.21946, 43.72833], [-79.21961, 43.72837], [-79.21963, 43.72838], [-79.21976, 43.72841], [-79.21986, 43.72845], [-79.21991, 43.72847], [-79.22007, 43.7285], [-79.22017, 43.72854], [-79.2203, 43.7286], [-79.22044, 43.7287], [-79.22057, 43.72879], [-79.2207, 43.72889], [-79.22081, 43.72896], [-79.22095, 43.72903], [-79.22108, 43.72906], [-79.22125, 43.72911], [-79.22147, 43.72918], [-79.22164, 43.72925], [-79.2218, 43.72931], [-79.22193, 43.72936], [-79.22207, 43.72941], [-79.22221, 43.72946], [-79.22232, 43.72951], [-79.22244, 43.72957], [-79.22255, 43.72961], [-79.22268, 43.72967], [-79.22279, 43.72972], [-79.22289, 43.72975], [-79.22303, 43.72979], [-79.22315, 43.7298], [-79.22329, 43.72981], [-79.22341, 43.72983], [-79.22355, 43.72985], [-79.22371, 43.72989], [-79.22384, 43.72992], [-79.22397, 43.72996], [-79.22406, 43.73], [-79.22415, 43.73005], [-79.22428, 43.7301], [-79.22436, 43.73015], [-79.22442, 43.73021], [-79.22453, 43.73028], [-79.2246, 43.73035], [-79.22466, 43.73041], [-79.2247, 43.73047], [-79.22472, 43.73056], [-79.22473, 43.73064], [-79.22474, 43.73074], [-79.22474, 43.73083], [-79.22476, 43.73091], [-79.22482, 43.73098], [-79.22485, 43.73101], [-79.22493, 43.73105], [-79.22539, 43.7313], [-79.22457, 43.73206], [-79.22508, 43.73324], [-79.22542, 43.73403], [-79.22583, 43.73499], [-79.22594, 43.7353], [-79.22626, 43.73602], [-79.22666, 43.73697], [-79.22708, 43.73798], [-79.22793, 43.73998], [-79.22822, 43.74066], [-79.22825, 43.74073], [-79.22867, 43.74102], [-79.22889, 43.74148], [-79.22813, 43.74197], [-79.22799, 43.74206], [-79.22785, 43.74216], [-79.22771, 43.74225], [-79.22757, 43.74235], [-79.22743, 43.74245], [-79.22729, 43.74255], [-79.22715, 43.74265], [-79.22702, 43.74274], [-79.22688, 43.74284], [-79.22675, 43.74294], [-79.22661, 43.74304], [-79.22648, 43.74314], [-79.22634, 43.74324], [-79.22621, 43.74335], [-79.22608, 43.74345], [-79.22594, 43.74355], [-79.22581, 43.74365], [-79.22568, 43.74375], [-79.22555, 43.74386], [-79.22542, 43.74396], [-79.22531, 43.74404], [-79.22524, 43.7441], [-79.22521, 43.74413], [-79.2251, 43.74421], [-79.225, 43.74429], [-79.22489, 43.74438], [-79.22479, 43.74446], [-79.22468, 43.74455], [-79.22458, 43.74463], [-79.22448, 43.74472], [-79.22438, 43.7448], [-79.22428, 43.74489], [-79.22418, 43.74498], [-79.22408, 43.74506], [-79.22398, 43.74515], [-79.22388, 43.74524], [-79.22378, 43.74533], [-79.22368, 43.74541], [-79.22363, 43.74546], [-79.22359, 43.7455], [-79.22349, 43.74559], [-79.2234, 43.74568], [-79.2233, 43.74577], [-79.22321, 43.74586], [-79.22311, 43.74595], [-79.22302, 43.74604], [-79.22293, 43.74613], [-79.22284, 43.74623], [-79.22277, 43.74629], [-79.22271, 43.74635], [-79.22264, 43.74642], [-79.22258, 43.74648], [-79.22251, 43.74655], [-79.22244, 43.74661], [-79.22238, 43.74667], [-79.22234, 43.7467], [-79.22231, 43.74673], [-79.22224, 43.7468], [-79.22217, 43.74686], [-79.2221, 43.74692], [-79.22203, 43.74698], [-79.22196, 43.74704], [-79.22188, 43.7471], [-79.22181, 43.74716], [-79.22174, 43.74722], [-79.22167, 43.74728], [-79.22159, 43.74734], [-79.22152, 43.7474], [-79.22144, 43.74745], [-79.22136, 43.74751], [-79.22129, 43.74757], [-79.22121, 43.74762], [-79.22113, 43.74768], [-79.22105, 43.74774], [-79.22098, 43.74779], [-79.2209, 43.74784], [-79.22066, 43.74799], [-79.22058, 43.74803], [-79.22051, 43.74808], [-79.22043, 43.74812], [-79.22035, 43.74817], [-79.22027, 43.74821], [-79.22019, 43.74825], [-79.22011, 43.74829], [-79.22003, 43.74834], [-79.21995, 43.74838], [-79.21987, 43.74842], [-79.21979, 43.74846], [-79.2197, 43.7485], [-79.21962, 43.74854], [-79.21954, 43.74858], [-79.21945, 43.74862], [-79.21937, 43.74865], [-79.2193, 43.74869], [-79.21922, 43.74872], [-79.21914, 43.74876], [-79.21906, 43.74879], [-79.21897, 43.74883], [-79.21889, 43.74886], [-79.21881, 43.74889], [-79.21873, 43.74892], [-79.21865, 43.74896], [-79.21857, 43.74899], [-79.21848, 43.74902], [-79.2184, 43.74905], [-79.21831, 43.74908], [-79.21823, 43.74911], [-79.21815, 43.74913], [-79.21806, 43.74916], [-79.21798, 43.74919], [-79.21789, 43.74922], [-79.2178, 43.74924], [-79.21772, 43.74927], [-79.21763, 43.74929], [-79.21755, 43.74932], [-79.21746, 43.74934], [-79.21737, 43.74937], [-79.21728, 43.74939], [-79.2172, 43.74941], [-79.21711, 43.74943], [-79.21702, 43.74945], [-79.21693, 43.74948], [-79.21684, 43.7495], [-79.21675, 43.74951], [-79.21666, 43.74953], [-79.21411, 43.75018], [-79.214, 43.75021], [-79.2139, 43.75024], [-79.2138, 43.75026], [-79.21371, 43.75029], [-79.21361, 43.75031], [-79.21351, 43.75034], [-79.21341, 43.75037], [-79.21332, 43.7504], [-79.21322, 43.75043], [-79.21313, 43.75045], [-79.21303, 43.75048], [-79.21294, 43.75051], [-79.21284, 43.75054], [-79.21275, 43.75058], [-79.21265, 43.75061], [-79.21256, 43.75064], [-79.21247, 43.75067], [-79.21237, 43.75071], [-79.21228, 43.75074], [-79.21219, 43.75077], [-79.2121, 43.75081], [-79.212, 43.75085], [-79.21191, 43.75088], [-79.2118, 43.75092], [-79.21169, 43.75097], [-79.21158, 43.75101], [-79.21146, 43.75106], [-79.21135, 43.7511], [-79.21128, 43.75113], [-79.21128, 43.75113], [-79.21127, 43.75098], [-79.21125, 43.75054], [-79.21124, 43.75044], [-79.21123, 43.75036], [-79.21121, 43.75026], [-79.21117, 43.75016], [-79.2111, 43.74998], [-79.21085, 43.74939], [-79.21031, 43.74818], [-79.21009, 43.74769], [-79.20981, 43.74704], [-79.20935, 43.746], [-79.20899, 43.74515], [-79.20789, 43.74252], [-79.20803, 43.74245], [-79.20812, 43.74238], [-79.2082, 43.74233], [-79.20825, 43.74226], [-79.20829, 43.74219], [-79.20833, 43.74214], [-79.20836, 43.74208], [-79.20837, 43.742], [-79.20842, 43.74163], [-79.20847, 43.74145], [-79.2085, 43.74127], [-79.20857, 43.74111], [-79.20877, 43.74082], [-79.20886, 43.74065], [-79.20878, 43.74052], [-79.2086, 43.74012], [-79.20845, 43.73974], [-79.20841, 43.73964], [-79.20839, 43.73957], [-79.20836, 43.73947], [-79.20834, 43.73939], [-79.20835, 43.73929], [-79.20834, 43.7392], [-79.20833, 43.7391], [-79.20834, 43.739], [-79.20834, 43.73892], [-79.20835, 43.73882], [-79.20836, 43.7387], [-79.20837, 43.73857], [-79.20839, 43.73847], [-79.2084, 43.73839], [-79.20841, 43.73831], [-79.2084, 43.73825], [-79.2084, 43.7382], [-79.2084, 43.73812], [-79.20839, 43.73806], [-79.20839, 43.73798], [-79.20837, 43.7379], [-79.20835, 43.73783], [-79.20832, 43.73772], [-79.20827, 43.73757]]]]}}, {"type": "Feature", "properties": {"AREA_NAME": "Church-Wellesley", "buzzmaps_hoods": ["Garden District"]}, "geometry": {"type": "MultiPolygon", "coordinates": [[[[-79.38168, 43.66139], [-79.38183, 43.66136], [-79.38195, 43.66137], [-79.3824, 43.66137], [-79.38258, 43.66138], [-79.38311, 43.66137], [-79.38339, 43.66205], [-79.38342, 43.66214], [-79.38373, 43.6629], [-79.38379, 43.66302], [-79.38414, 43.66386], [-79.38416, 43.6639], [-79.3846, 43.66494], [-79.38495, 43.66584], [-79.38504, 43.66604], [-79.38505, 43.66606], [-79.38526, 43.66655], [-79.38533, 43.66667], [-79.38534, 43.6667], [-79.38569, 43.66756], [-79.38586, 43.668], [-79.38611, 43.66863], [-79.38616, 43.66874], [-79.38642, 43.66937], [-79.38656, 43.66969], [-79.38679, 43.67023], [-79.38605, 43.67039], [-79.38572, 43.67046], [-79.38421, 43.6708], [-79.38316, 43.67105], [-79.38238, 43.67122], [-79.38057, 43.67161], [-79.37991, 43.66997], [-79.37945, 43.66889], [-79.37905, 43.66793], [-79.3787, 43.66712], [-79.3784, 43.66645], [-79.37835, 43.66629], [-79.3779, 43.66522], [-79.37721, 43.6636], [-79.37672, 43.66242], [-79.37788, 43.66217], [-79.37801, 43.66214], [-79.37937, 43.66188], [-79.38148, 43.66143], [-79.38168, 43.66139]]]]}}, {"type": "Feature", "properties": {"AREA_NAME": "St Lawrence-East Bayfront-The Islands", "buzzmaps_hoods": ["St. Lawrence Market", "Distillery District"]}, "geometry": {"type": "MultiPolygon", "coordinates": [[[[-79.35268, 43.65571], [-79.35239, 43.65545], [-79.3522, 43.65548], [-79.35208, 43.6555], [-79.35174, 43.65557], [-79.35084, 43.65477], [-79.34966, 43.65373], [-79.34952, 43.6536], [-79.34952, 43.65359], [-79.34865, 43.65253], [-79.34818, 43.65195], [-79.34814, 43.65192], [-79.348, 43.65175], [-79.34786, 43.65158], [-79.34772, 43.65141], [-79.34742, 43.65099], [-79.34732, 43.6508], [-79.3473, 43.65075], [-79.34747, 43.65051], [-79.34765, 43.65042], [-79.35427, 43.64768], [-79.35435, 43.64765], [-79.35441, 43.64762], [-79.35936, 43.6455], [-79.35943, 43.64559], [-79.36008, 43.6464], [-79.36075, 43.64721], [-79.35985, 43.6453], [-79.35368, 43.63807], [-79.34965, 43.63339], [-79.35252, 43.63371], [-79.35204, 43.6333], [-79.3512, 43.63256], [-79.35118, 43.63254], [-79.35028, 43.63177], [-79.34939, 43.63102], [-79.34948, 43.63098], [-79.34953, 43.63091], [-79.34955, 43.63077], [-79.34959, 43.6306], [-79.34961, 43.63048], [-79.34968, 43.63013], [-79.34969, 43.6299], [-79.34972, 43.62974], [-79.34976, 43.62964], [-79.34977, 43.62946], [-79.34978, 43.62931], [-79.34982, 43.62904], [-79.34988, 43.62905], [-79.34988, 43.62917], [-79.34987, 43.62927], [-79.34987, 43.62943], [-79.34983, 43.62953], [-79.34983, 43.62964], [-79.34994, 43.62968], [-79.35021, 43.62973], [-79.35047, 43.62976], [-79.35099, 43.62982], [-79.3514, 43.62983], [-79.35212, 43.62988], [-79.3526, 43.62989], [-79.35327, 43.62988], [-79.35382, 43.62984], [-79.35422, 43.62981], [-79.35441, 43.62977], [-79.35451, 43.6296], [-79.35455, 43.62958], [-79.35461, 43.62948], [-79.35468, 43.62935], [-79.35476, 43.6292], [-79.35483, 43.62905], [-79.35492, 43.6289], [-79.35501, 43.62875], [-79.35509, 43.62859], [-79.35518, 43.62842], [-79.35528, 43.62826], [-79.35538, 43.6281], [-79.35583, 43.62747], [-79.35594, 43.62731], [-79.35607, 43.62715], [-79.35619, 43.62702], [-79.35632, 43.62687], [-79.35647, 43.62672], [-79.35662, 43.62656], [-79.35678, 43.62641], [-79.35694, 43.62627], [-79.35782, 43.62545], [-79.35893, 43.62463], [-79.35953, 43.62421], [-79.35998, 43.62393], [-79.36018, 43.62376], [-79.36136, 43.6229], [-79.36209, 43.6224], [-79.36332, 43.62159], [-79.36452, 43.6207], [-79.36564, 43.61992], [-79.36645, 43.61934], [-79.36662, 43.61927], [-79.36672, 43.6192], [-79.36681, 43.61913], [-79.36698, 43.61905], [-79.36707, 43.61904], [-79.36714, 43.61902], [-79.36718, 43.61905], [-79.36759, 43.6189], [-79.36788, 43.61878], [-79.36797, 43.61874], [-79.36836, 43.61856], [-79.36864, 43.61843], [-79.36886, 43.61834], [-79.36889, 43.61831], [-79.3689, 43.61828], [-79.36901, 43.61823], [-79.3691, 43.6182], [-79.3692, 43.61818], [-79.36963, 43.61799], [-79.36986, 43.61783], [-79.36986, 43.61779], [-79.36992, 43.61777], [-79.3701, 43.61774], [-79.37025, 43.61771], [-79.37049, 43.6176], [-79.37056, 43.61754], [-79.37064, 43.61747], [-79.37072, 43.61739], [-79.37076, 43.61735], [-79.37081, 43.61732], [-79.37097, 43.61726], [-79.37104, 43.61723], [-79.37112, 43.61718], [-79.37117, 43.61715], [-79.37123, 43.6171], [-79.37128, 43.61707], [-79.37134, 43.61701], [-79.37138, 43.61696], [-79.37142, 43.61692], [-79.37145, 43.61688], [-79.37149, 43.61682], [-79.37151, 43.61678], [-79.37153, 43.61674], [-79.37155, 43.61664], [-79.37156, 43.61661], [-79.37157, 43.61654], [-79.37157, 43.6165], [-79.37157, 43.61648], [-79.37158, 43.61647], [-79.37162, 43.61646], [-79.37167, 43.61646], [-79.3717, 43.61646], [-79.37172, 43.61643], [-79.37176, 43.61641], [-79.37194, 43.61634], [-79.37204, 43.61636], [-79.37223, 43.61645], [-79.37228, 43.61647], [-79.37234, 43.61647], [-79.37251, 43.61641], [-79.37263, 43.61635], [-79.3727, 43.61632], [-79.37278, 43.61628], [-79.37287, 43.61622], [-79.373, 43.61617], [-79.37316, 43.61611], [-79.37324, 43.61607], [-79.37333, 43.61601], [-79.3734, 43.61597], [-79.37349, 43.61594], [-79.37371, 43.61585], [-79.37388, 43.61575], [-79.37395, 43.6157], [-79.37409, 43.61563], [-79.3742, 43.61557], [-79.37433, 43.61547], [-79.37447, 43.61539], [-79.37458, 43.61533], [-79.37467, 43.61529], [-79.37474, 43.61526], [-79.37478, 43.61523], [-79.37479, 43.6152], [-79.37483, 43.61519], [-79.37492, 43.61516], [-79.375, 43.61513], [-79.3751, 43.61507], [-79.37523, 43.61499], [-79.37533, 43.61493], [-79.3754, 43.61487], [-79.37549, 43.61479], [-79.37556, 43.61471], [-79.37565, 43.61464], [-79.37584, 43.61453], [-79.37593, 43.6145], [-79.376, 43.61448], [-79.37602, 43.61447], [-79.37604, 43.61445], [-79.37608, 43.61444], [-79.37616, 43.61444], [-79.37631, 43.61446], [-79.3764, 43.61447], [-79.37648, 43.61448], [-79.3767, 43.61447], [-79.37687, 43.61446], [-79.37701, 43.61447], [-79.37708, 43.61447], [-79.3771, 43.61446], [-79.37717, 43.61443], [-79.37719, 43.61441], [-79.37736, 43.61435], [-79.37757, 43.61425], [-79.37789, 43.61412], [-79.37796, 43.61406], [-79.37823, 43.61398], [-79.37837, 43.61393], [-79.37849, 43.6139], [-79.37861, 43.61386], [-79.37874, 43.61382], [-79.37884, 43.6138], [-79.37899, 43.61377], [-79.37918, 43.61376], [-79.37936, 43.61376], [-79.37952, 43.61374], [-79.37963, 43.61374], [-79.3797, 43.61373], [-79.37976, 43.6137], [-79.37989, 43.61361], [-79.37999, 43.61354], [-79.38012, 43.61345], [-79.38021, 43.61341], [-79.3803, 43.61335], [-79.38045, 43.61327], [-79.38049, 43.61322], [-79.38054, 43.6132], [-79.38062, 43.61318], [-79.38068, 43.61317], [-79.38075, 43.61315], [-79.38082, 43.61313], [-79.38087, 43.61311], [-79.38094, 43.61305], [-79.38109, 43.61291], [-79.38128, 43.61278], [-79.38137, 43.61274], [-79.38145, 43.61269], [-79.38153, 43.6126], [-79.38159, 43.61253], [-79.38164, 43.61248], [-79.3817, 43.61247], [-79.38177, 43.61244], [-79.38188, 43.61238], [-79.382, 43.6123], [-79.38206, 43.61226], [-79.38212, 43.61224], [-79.38218, 43.61223], [-79.38223, 43.61233], [-79.38229, 43.61228], [-79.3824, 43.61225], [-79.38267, 43.61224], [-79.3828, 43.61224], [-79.38291, 43.61223], [-79.38303, 43.61221], [-79.38334, 43.61213], [-79.38346, 43.61211], [-79.38357, 43.6121], [-79.38367, 43.6121], [-79.38377, 43.6121], [-79.38381, 43.61209], [-79.3839, 43.61205], [-79.38402, 43.61201], [-79.38417, 43.612], [-79.38432, 43.61202], [-79.3845, 43.61201], [-79.3847, 43.61199], [-79.38481, 43.61197], [-79.3849, 43.61196], [-79.38504, 43.61198], [-79.38532, 43.612], [-79.38557, 43.61201], [-79.38575, 43.61201], [-79.38593, 43.61201], [-79.38605, 43.61202], [-79.38623, 43.61203], [-79.38648, 43.61206], [-79.38663, 43.61208], [-79.38681, 43.6121], [-79.387, 43.61211], [-79.38728, 43.61211], [-79.38755, 43.61212], [-79.38766, 43.61212], [-79.38789, 43.61212], [-79.38801, 43.61212], [-79.38807, 43.61212], [-79.38811, 43.6121], [-79.38818, 43.61208], [-79.38822, 43.61205], [-79.38825, 43.612], [-79.38831, 43.61199], [-79.38835, 43.61199], [-79.38837, 43.612], [-79.38838, 43.61201], [-79.38841, 43.61203], [-79.38845, 43.61204], [-79.38849, 43.61204], [-79.38852, 43.61203], [-79.38853, 43.61201], [-79.38856, 43.612], [-79.3886, 43.612], [-79.38862, 43.61201], [-79.38864, 43.61201], [-79.38865, 43.61201], [-79.38867, 43.612], [-79.38868, 43.612], [-79.38869, 43.61198], [-79.3887, 43.61196], [-79.38871, 43.61196], [-79.38873, 43.61195], [-79.38877, 43.61195], [-79.3888, 43.61196], [-79.38886, 43.61196], [-79.38896, 43.61198], [-79.38905, 43.612], [-79.38913, 43.61202], [-79.38918, 43.61205], [-79.38921, 43.61206], [-79.38925, 43.61206], [-79.38927, 43.61207], [-79.3893, 43.61208], [-79.38932, 43.61209], [-79.38934, 43.61209], [-79.38936, 43.6121], [-79.38939, 43.61211], [-79.38941, 43.61213], [-79.38943, 43.61214], [-79.38945, 43.61215], [-79.38948, 43.61215], [-79.38951, 43.61217], [-79.38954, 43.61218], [-79.38958, 43.6122], [-79.38968, 43.61224], [-79.38976, 43.6123], [-79.38985, 43.6124], [-79.38986, 43.61247], [-79.38986, 43.61255], [-79.3898, 43.6126], [-79.38968, 43.61264], [-79.38968, 43.61269], [-79.38971, 43.61275], [-79.38967, 43.61284], [-79.38964, 43.61288], [-79.38961, 43.61297], [-79.38961, 43.61304], [-79.38966, 43.61313], [-79.38971, 43.61319], [-79.38981, 43.61324], [-79.38984, 43.61326], [-79.3899, 43.6133], [-79.38991, 43.61341], [-79.38991, 43.61357], [-79.38994, 43.61366], [-79.39007, 43.61378], [-79.39022, 43.61392], [-79.39032, 43.61399], [-79.39038, 43.61402], [-79.39046, 43.61406], [-79.39062, 43.61421], [-79.3907, 43.61431], [-79.39075, 43.61436], [-79.3908, 43.61441], [-79.39085, 43.61451], [-79.39099, 43.61459], [-79.39112, 43.61469], [-79.3913, 43.61481], [-79.39144, 43.61491], [-79.39154, 43.61499], [-79.39161, 43.61506], [-79.39164, 43.61509], [-79.39165, 43.61513], [-79.39166, 43.61518], [-79.39165, 43.61521], [-79.39165, 43.61522], [-79.39162, 43.61529], [-79.39156, 43.61548], [-79.39155, 43.61565], [-79.39156, 43.61585], [-79.39159, 43.616], [-79.39161, 43.61611], [-79.39167, 43.6162], [-79.39179, 43.61639], [-79.39187, 43.61652], [-79.39192, 43.61665], [-79.39212, 43.61692], [-79.39234, 43.61723], [-79.39258, 43.61755], [-79.39284, 43.61788], [-79.3932, 43.61827], [-79.39336, 43.61847], [-79.39342, 43.61855], [-79.39343, 43.61871], [-79.39369, 43.61894], [-79.39386, 43.6192], [-79.39414, 43.61948], [-79.39442, 43.61976], [-79.39447, 43.61986], [-79.39486, 43.62017], [-79.39511, 43.62037], [-79.3952, 43.62045], [-79.3953, 43.62054], [-79.3955, 43.62073], [-79.39589, 43.62102], [-79.39618, 43.62124], [-79.39639, 43.62142], [-79.39673, 43.62167], [-79.39713, 43.62195], [-79.39761, 43.62229], [-79.39802, 43.62258], [-79.39814, 43.6227], [-79.39826, 43.62286], [-79.39843, 43.6231], [-79.39851, 43.62318], [-79.3988, 43.62342], [-79.39909, 43.62367], [-79.39931, 43.62381], [-79.39942, 43.62389], [-79.39961, 43.62403], [-79.39977, 43.62422], [-79.39989, 43.62433], [-79.40009, 43.62449], [-79.40038, 43.62469], [-79.40074, 43.62494], [-79.40136, 43.62539], [-79.40167, 43.6256], [-79.40195, 43.62577], [-79.40233, 43.62603], [-79.40287, 43.62638], [-79.40329, 43.62664], [-79.40335, 43.62666], [-79.40375, 43.62656], [-79.40392, 43.62653], [-79.40429, 43.62644], [-79.40463, 43.62715], [-79.40469, 43.62728], [-79.40476, 43.62743], [-79.4048, 43.62753], [-79.40484, 43.62764], [-79.40488, 43.62774], [-79.4049, 43.62784], [-79.40482, 43.62791], [-79.4047, 43.62798], [-79.40459, 43.62806], [-79.40447, 43.62814], [-79.40437, 43.62824], [-79.40423, 43.62832], [-79.40411, 43.6284], [-79.40398, 43.62849], [-79.40385, 43.62858], [-79.40375, 43.62867], [-79.40363, 43.62875], [-79.40352, 43.62882], [-79.40342, 43.62889], [-79.40331, 43.62898], [-79.40321, 43.62907], [-79.40309, 43.62916], [-79.40297, 43.62922], [-79.40288, 43.62928], [-79.4028, 43.62934], [-79.40269, 43.6294], [-79.40266, 43.62941], [-79.4026, 43.62945], [-79.40141, 43.63012], [-79.4008, 43.63045], [-79.39877, 43.63155], [-79.39785, 43.63268], [-79.39809, 43.63285], [-79.39828, 43.63296], [-79.39792, 43.63336], [-79.39761, 43.63355], [-79.39759, 43.63356], [-79.39759, 43.63363], [-79.39754, 43.63367], [-79.39746, 43.63372], [-79.39744, 43.6337], [-79.39735, 43.63369], [-79.3968, 43.63399], [-79.3955, 43.63469], [-79.39695, 43.63642], [-79.39696, 43.63643], [-79.39695, 43.63643], [-79.39696, 43.63645], [-79.39597, 43.63654], [-79.39595, 43.63651], [-79.39498, 43.63535], [-79.39447, 43.63546], [-79.39288, 43.63623], [-79.39191, 43.63632], [-79.3919, 43.63632], [-79.39189, 43.63632], [-79.39188, 43.63633], [-79.39187, 43.63634], [-79.39187, 43.63634], [-79.39187, 43.63635], [-79.39187, 43.63636], [-79.39188, 43.63636], [-79.39189, 43.63637], [-79.39189, 43.63637], [-79.3919, 43.63637], [-79.39191, 43.63637], [-79.39192, 43.63637], [-79.39292, 43.63629], [-79.39448, 43.63552], [-79.39449, 43.63552], [-79.39466, 43.63573], [-79.39526, 43.63645], [-79.3952, 43.63653], [-79.39514, 43.63662], [-79.39477, 43.63665], [-79.39388, 43.63674], [-79.3935, 43.63678], [-79.3935, 43.63677], [-79.39345, 43.63676], [-79.3934, 43.63675], [-79.39337, 43.63675], [-79.39335, 43.63675], [-79.39333, 43.63675], [-79.3933, 43.63676], [-79.39328, 43.63676], [-79.39325, 43.63677], [-79.39322, 43.63678], [-79.39319, 43.63679], [-79.39317, 43.6368], [-79.39315, 43.6368], [-79.39315, 43.6368], [-79.39289, 43.63683], [-79.39186, 43.63693], [-79.39184, 43.63689], [-79.39163, 43.63637], [-79.39162, 43.63637], [-79.39162, 43.63636], [-79.3916, 43.63636], [-79.39158, 43.63636], [-79.39157, 43.63637], [-79.39156, 43.63637], [-79.39156, 43.63638], [-79.39156, 43.63639], [-79.39159, 43.63647], [-79.39178, 43.63692], [-79.39197, 43.63739], [-79.39196, 43.63739], [-79.39196, 43.6374], [-79.39177, 43.63745], [-79.39165, 43.63748], [-79.39153, 43.6375], [-79.39138, 43.63753], [-79.39126, 43.63756], [-79.39103, 43.63701], [-79.38957, 43.63714], [-79.38959, 43.63718], [-79.3899, 43.63795], [-79.38963, 43.638], [-79.38962, 43.63803], [-79.38949, 43.63806], [-79.38947, 43.63805], [-79.38946, 43.63804], [-79.38945, 43.63804], [-79.38919, 43.6381], [-79.38882, 43.63718], [-79.38714, 43.63733], [-79.38715, 43.63736], [-79.38761, 43.63849], [-79.38708, 43.6386], [-79.38659, 43.6374], [-79.38659, 43.63738], [-79.38558, 43.63748], [-79.38557, 43.63749], [-79.38559, 43.63757], [-79.38569, 43.63755], [-79.38574, 43.63806], [-79.38524, 43.63817], [-79.38512, 43.63791], [-79.38517, 43.6379], [-79.38503, 43.63762], [-79.38545, 43.63758], [-79.38543, 43.63752], [-79.3844, 43.63761], [-79.38467, 43.63821], [-79.38493, 43.63888], [-79.385, 43.639], [-79.38424, 43.63912], [-79.38396, 43.63836], [-79.38367, 43.63769], [-79.38218, 43.63782], [-79.38091, 43.63793], [-79.37958, 43.63807], [-79.38007, 43.63921], [-79.38027, 43.63969], [-79.38015, 43.63971], [-79.38009, 43.63958], [-79.38005, 43.6396], [-79.38017, 43.63989], [-79.3802, 43.63996], [-79.38026, 43.64007], [-79.38029, 43.64011], [-79.38031, 43.64013], [-79.38033, 43.64016], [-79.38035, 43.64019], [-79.38037, 43.64022], [-79.38039, 43.64025], [-79.38041, 43.64028], [-79.38042, 43.64031], [-79.38044, 43.64034], [-79.38046, 43.64038], [-79.38047, 43.64041], [-79.38049, 43.64044], [-79.3805, 43.64047], [-79.38051, 43.6405], [-79.38053, 43.64053], [-79.38054, 43.64057], [-79.38055, 43.64061], [-79.38064, 43.64087], [-79.38065, 43.6409], [-79.38066, 43.64092], [-79.38069, 43.641], [-79.38087, 43.64146], [-79.38091, 43.64157], [-79.38092, 43.6416], [-79.38096, 43.64169], [-79.38099, 43.64176], [-79.38111, 43.64206], [-79.38148, 43.64291], [-79.38164, 43.6433], [-79.38185, 43.64381], [-79.38211, 43.64446], [-79.38216, 43.64457], [-79.38227, 43.64482], [-79.38241, 43.64515], [-79.38247, 43.64529], [-79.37913, 43.64599], [-79.37847, 43.6461], [-79.37818, 43.64618], [-79.37803, 43.64623], [-79.37792, 43.64628], [-79.37789, 43.6463], [-79.37779, 43.64634], [-79.37766, 43.64642], [-79.37754, 43.64647], [-79.3771, 43.64675], [-79.37702, 43.64681], [-79.37697, 43.64688], [-79.37576, 43.64746], [-79.3743, 43.64819], [-79.37404, 43.64832], [-79.37397, 43.64838], [-79.3739, 43.64844], [-79.37387, 43.64848], [-79.37385, 43.64851], [-79.37384, 43.64857], [-79.37331, 43.64868], [-79.37297, 43.64883], [-79.37219, 43.64913], [-79.37146, 43.64945], [-79.37041, 43.64979], [-79.37036, 43.64981], [-79.37032, 43.64982], [-79.37028, 43.64983], [-79.37022, 43.64984], [-79.36907, 43.6501], [-79.36789, 43.65039], [-79.36669, 43.65068], [-79.36562, 43.65092], [-79.36403, 43.65127], [-79.36274, 43.65157], [-79.36127, 43.65191], [-79.36111, 43.65202], [-79.361, 43.6521], [-79.3609, 43.65221], [-79.36085, 43.65227], [-79.36071, 43.65249], [-79.36059, 43.65264], [-79.36051, 43.65272], [-79.36037, 43.65283], [-79.36031, 43.65287], [-79.36028, 43.65289], [-79.36015, 43.65297], [-79.36007, 43.65302], [-79.35928, 43.65349], [-79.35853, 43.65391], [-79.35783, 43.65429], [-79.35751, 43.65448], [-79.35738, 43.6544], [-79.35727, 43.65438], [-79.35713, 43.65438], [-79.35698, 43.6544], [-79.35653, 43.65449], [-79.35643, 43.65451], [-79.35523, 43.65477], [-79.35504, 43.65482], [-79.35465, 43.65491], [-79.35451, 43.65527], [-79.35482, 43.65557], [-79.35457, 43.65574], [-79.35421, 43.65597], [-79.35402, 43.65608], [-79.35348, 43.65635], [-79.35324, 43.65614], [-79.35308, 43.65607], [-79.35268, 43.65571]]]]}}, {"type": "Feature", "properties": {"AREA_NAME": "Harbourfront-CityPlace", "buzzmaps_hoods": ["Waterfront"]}, "geometry": {"type": "MultiPolygon", "coordinates": [[[[-79.38017, 43.63989], [-79.38005, 43.6396], [-79.38009, 43.63958], [-79.38015, 43.63971], [-79.38027, 43.63969], [-79.38007, 43.63921], [-79.37958, 43.63807], [-79.38091, 43.63793], [-79.38218, 43.63782], [-79.38367, 43.63769], [-79.38396, 43.63836], [-79.38424, 43.63912], [-79.385, 43.639], [-79.38493, 43.63888], [-79.38467, 43.63821], [-79.3844, 43.63761], [-79.38543, 43.63752], [-79.38545, 43.63758], [-79.38503, 43.63762], [-79.38517, 43.6379], [-79.38512, 43.63791], [-79.38524, 43.63817], [-79.38574, 43.63806], [-79.38569, 43.63755], [-79.38559, 43.63757], [-79.38557, 43.63749], [-79.38558, 43.63748], [-79.38659, 43.63738], [-79.38659, 43.6374], [-79.38708, 43.6386], [-79.38761, 43.63849], [-79.38715, 43.63736], [-79.38714, 43.63733], [-79.38882, 43.63718], [-79.38919, 43.6381], [-79.38945, 43.63804], [-79.38946, 43.63804], [-79.38947, 43.63805], [-79.38949, 43.63806], [-79.38962, 43.63803], [-79.38963, 43.638], [-79.3899, 43.63795], [-79.38959, 43.63718], [-79.38957, 43.63714], [-79.39103, 43.63701], [-79.39126, 43.63756], [-79.39138, 43.63753], [-79.39153, 43.6375], [-79.39165, 43.63748], [-79.39177, 43.63745], [-79.39196, 43.6374], [-79.39196, 43.63739], [-79.39197, 43.63739], [-79.39178, 43.63692], [-79.39159, 43.63647], [-79.39156, 43.63639], [-79.39156, 43.63638], [-79.39156, 43.63637], [-79.39157, 43.63637], [-79.39158, 43.63636], [-79.3916, 43.63636], [-79.39162, 43.63636], [-79.39162, 43.63637], [-79.39163, 43.63637], [-79.39184, 43.63689], [-79.39186, 43.63693], [-79.39289, 43.63683], [-79.39315, 43.6368], [-79.39315, 43.6368], [-79.39317, 43.6368], [-79.39319, 43.63679], [-79.39322, 43.63678], [-79.39325, 43.63677], [-79.39328, 43.63676], [-79.3933, 43.63676], [-79.39333, 43.63675], [-79.39335, 43.63675], [-79.39337, 43.63675], [-79.3934, 43.63675], [-79.39345, 43.63676], [-79.3935, 43.63677], [-79.3935, 43.63678], [-79.39388, 43.63674], [-79.39477, 43.63665], [-79.39514, 43.63662], [-79.3952, 43.63653], [-79.39526, 43.63645], [-79.39466, 43.63573], [-79.39449, 43.63552], [-79.39448, 43.63552], [-79.39292, 43.63629], [-79.39192, 43.63637], [-79.39191, 43.63637], [-79.3919, 43.63637], [-79.39189, 43.63637], [-79.39189, 43.63637], [-79.39188, 43.63636], [-79.39187, 43.63636], [-79.39187, 43.63635], [-79.39187, 43.63634], [-79.39187, 43.63634], [-79.39188, 43.63633], [-79.39189, 43.63632], [-79.3919, 43.63632], [-79.39191, 43.63632], [-79.39288, 43.63623], [-79.39447, 43.63546], [-79.39498, 43.63535], [-79.39595, 43.63651], [-79.39597, 43.63654], [-79.39696, 43.63645], [-79.39695, 43.63643], [-79.39696, 43.63643], [-79.39695, 43.63642], [-79.3955, 43.63469], [-79.3968, 43.63399], [-79.39735, 43.63369], [-79.39744, 43.6337], [-79.39746, 43.63372], [-79.39692, 43.63401], [-79.3972, 43.63431], [-79.39722, 43.63433], [-79.39733, 43.63446], [-79.39749, 43.63466], [-79.39798, 43.63524], [-79.39814, 43.63543], [-79.39826, 43.63557], [-79.39834, 43.63564], [-79.39837, 43.63568], [-79.3984, 43.63571], [-79.39848, 43.63578], [-79.39859, 43.63586], [-79.3987, 43.63592], [-79.39878, 43.63597], [-79.39885, 43.63601], [-79.39894, 43.63605], [-79.39937, 43.63626], [-79.39944, 43.6363], [-79.39949, 43.63634], [-79.39958, 43.6364], [-79.39961, 43.63643], [-79.39965, 43.63648], [-79.39965, 43.63648], [-79.39972, 43.63663], [-79.39982, 43.63683], [-79.40002, 43.63734], [-79.40003, 43.63737], [-79.40024, 43.63786], [-79.40029, 43.63796], [-79.40031, 43.63802], [-79.40035, 43.63811], [-79.40044, 43.63831], [-79.40065, 43.63884], [-79.40066, 43.63887], [-79.40127, 43.64037], [-79.40135, 43.64056], [-79.40142, 43.64075], [-79.4007, 43.64093], [-79.39956, 43.64123], [-79.39949, 43.64125], [-79.39885, 43.64143], [-79.39759, 43.64177], [-79.39587, 43.64221], [-79.39393, 43.64274], [-79.39265, 43.64308], [-79.39129, 43.64342], [-79.38999, 43.6437], [-79.38872, 43.64397], [-79.38718, 43.64432], [-79.38502, 43.64478], [-79.38404, 43.64497], [-79.38399, 43.64497], [-79.38343, 43.64508], [-79.38253, 43.64528], [-79.38247, 43.64529], [-79.38241, 43.64515], [-79.38227, 43.64482], [-79.38216, 43.64457], [-79.38211, 43.64446], [-79.38185, 43.64381], [-79.38164, 43.6433], [-79.38148, 43.64291], [-79.38111, 43.64206], [-79.38099, 43.64176], [-79.38096, 43.64169], [-79.38092, 43.6416], [-79.38091, 43.64157], [-79.38087, 43.64146], [-79.38069, 43.641], [-79.38066, 43.64092], [-79.38065, 43.6409], [-79.38064, 43.64087], [-79.38055, 43.64061], [-79.38054, 43.64057], [-79.38053, 43.64053], [-79.38051, 43.6405], [-79.3805, 43.64047], [-79.38049, 43.64044], [-79.38047, 43.64041], [-79.38046, 43.64038], [-79.38044, 43.64034], [-79.38042, 43.64031], [-79.38041, 43.64028], [-79.38039, 43.64025], [-79.38037, 43.64022], [-79.38035, 43.64019], [-79.38033, 43.64016], [-79.38031, 43.64013], [-79.38029, 43.64011], [-79.38026, 43.64007], [-79.3802, 43.63996], [-79.38017, 43.63989]]]]}}, {"type": "Feature", "properties": {"AREA_NAME": "Wellington Place", "buzzmaps_hoods": ["Financial District", "Entertainment District"]}, "geometry": {"type": "MultiPolygon", "coordinates": [[[[-79.4007, 43.64093], [-79.40142, 43.64075], [-79.40168, 43.64139], [-79.40174, 43.64152], [-79.4019, 43.64192], [-79.4022, 43.64266], [-79.4024, 43.64319], [-79.40271, 43.64393], [-79.4029, 43.64441], [-79.40296, 43.64454], [-79.40311, 43.64489], [-79.40323, 43.64519], [-79.40337, 43.64552], [-79.40376, 43.64647], [-79.40389, 43.64682], [-79.40401, 43.64719], [-79.402, 43.64761], [-79.40141, 43.64771], [-79.40094, 43.64781], [-79.4006, 43.64789], [-79.40015, 43.64798], [-79.39968, 43.64807], [-79.39842, 43.64833], [-79.39818, 43.64837], [-79.39741, 43.64854], [-79.39638, 43.64877], [-79.3937, 43.64935], [-79.39345, 43.64941], [-79.39216, 43.64968], [-79.39114, 43.6499], [-79.39071, 43.64999], [-79.3905, 43.65003], [-79.39029, 43.65007], [-79.39026, 43.65008], [-79.38976, 43.6502], [-79.38948, 43.65023], [-79.38864, 43.65042], [-79.38752, 43.65067], [-79.38743, 43.65059], [-79.38729, 43.65026], [-79.38714, 43.64991], [-79.38688, 43.64925], [-79.38662, 43.64864], [-79.38637, 43.64801], [-79.38611, 43.6474], [-79.38556, 43.64605], [-79.38502, 43.64478], [-79.38718, 43.64432], [-79.38872, 43.64397], [-79.38999, 43.6437], [-79.39129, 43.64342], [-79.39265, 43.64308], [-79.39393, 43.64274], [-79.39587, 43.64221], [-79.39759, 43.64177], [-79.39885, 43.64143], [-79.39949, 43.64125], [-79.39956, 43.64123], [-79.4007, 43.64093]]]]}}, {"type": "Feature", "properties": {"AREA_NAME": "Fort York-Liberty Village", "buzzmaps_hoods": ["Liberty Village"]}, "geometry": {"type": "MultiPolygon", "coordinates": [[[[-79.40793, 43.64009], [-79.4078, 43.64008], [-79.40767, 43.64008], [-79.40754, 43.64008], [-79.40741, 43.64007], [-79.40728, 43.64007], [-79.40715, 43.64007], [-79.40702, 43.64007], [-79.40689, 43.64007], [-79.40676, 43.64007], [-79.40663, 43.64007], [-79.4065, 43.64007], [-79.40637, 43.64007], [-79.40624, 43.64007], [-79.40611, 43.64007], [-79.40598, 43.64008], [-79.40585, 43.64008], [-79.40572, 43.64009], [-79.40559, 43.64009], [-79.40546, 43.6401], [-79.40533, 43.6401], [-79.4052, 43.64011], [-79.40507, 43.64012], [-79.40494, 43.64013], [-79.40481, 43.64013], [-79.40468, 43.64014], [-79.40456, 43.64015], [-79.40443, 43.64016], [-79.4043, 43.64017], [-79.40417, 43.64018], [-79.40404, 43.6402], [-79.404, 43.6402], [-79.40391, 43.64021], [-79.40378, 43.64022], [-79.40127, 43.64037], [-79.40066, 43.63887], [-79.40065, 43.63884], [-79.40044, 43.63831], [-79.40031, 43.63802], [-79.40029, 43.63796], [-79.40024, 43.63786], [-79.40003, 43.63737], [-79.40002, 43.63734], [-79.39982, 43.63683], [-79.39972, 43.63663], [-79.39965, 43.63648], [-79.39965, 43.63648], [-79.39961, 43.63643], [-79.39958, 43.6364], [-79.39949, 43.63634], [-79.39944, 43.6363], [-79.39937, 43.63626], [-79.39894, 43.63605], [-79.39885, 43.63601], [-79.39878, 43.63597], [-79.3987, 43.63592], [-79.39859, 43.63586], [-79.39848, 43.63578], [-79.3984, 43.63571], [-79.39837, 43.63568], [-79.39834, 43.63564], [-79.39826, 43.63557], [-79.39814, 43.63543], [-79.39806, 43.63534], [-79.39798, 43.63524], [-79.39749, 43.63466], [-79.39733, 43.63446], [-79.39722, 43.63433], [-79.3972, 43.63431], [-79.39692, 43.63401], [-79.39746, 43.63372], [-79.39754, 43.63367], [-79.39759, 43.63363], [-79.39759, 43.63356], [-79.39761, 43.63355], [-79.39792, 43.63336], [-79.39825, 43.63319], [-79.39886, 43.63288], [-79.40167, 43.63136], [-79.40201, 43.63118], [-79.40203, 43.6312], [-79.40216, 43.63114], [-79.40219, 43.6311], [-79.40224, 43.63108], [-79.40224, 43.63105], [-79.40232, 43.63102], [-79.40233, 43.63104], [-79.40288, 43.63119], [-79.40285, 43.63124], [-79.40303, 43.63128], [-79.40294, 43.63147], [-79.40506, 43.63312], [-79.40665, 43.63285], [-79.40793, 43.63299], [-79.40862, 43.63307], [-79.40879, 43.6317], [-79.40963, 43.63122], [-79.40999, 43.63115], [-79.41, 43.63112], [-79.40999, 43.63111], [-79.41, 43.63107], [-79.41, 43.63103], [-79.40999, 43.63094], [-79.40991, 43.63095], [-79.40987, 43.63096], [-79.4097, 43.63098], [-79.40946, 43.63102], [-79.40946, 43.63098], [-79.40946, 43.63093], [-79.40947, 43.63089], [-79.40947, 43.63082], [-79.40945, 43.6307], [-79.40939, 43.63052], [-79.40934, 43.63037], [-79.40928, 43.63021], [-79.40921, 43.63005], [-79.40914, 43.62992], [-79.40905, 43.62978], [-79.40905, 43.62965], [-79.40915, 43.62952], [-79.40936, 43.62945], [-79.40954, 43.62944], [-79.4097, 43.62942], [-79.40988, 43.62939], [-79.41004, 43.62931], [-79.41019, 43.62924], [-79.41024, 43.62914], [-79.41019, 43.62904], [-79.41015, 43.62891], [-79.41016, 43.6288], [-79.41012, 43.62867], [-79.41006, 43.62857], [-79.41004, 43.62844], [-79.41003, 43.62833], [-79.41006, 43.6282], [-79.41013, 43.62806], [-79.41025, 43.62793], [-79.41038, 43.6278], [-79.41053, 43.62769], [-79.4107, 43.62759], [-79.41087, 43.62748], [-79.41105, 43.62738], [-79.41124, 43.62731], [-79.41146, 43.6273], [-79.41166, 43.62732], [-79.41185, 43.62734], [-79.41205, 43.62737], [-79.41226, 43.62739], [-79.41245, 43.62738], [-79.41264, 43.62737], [-79.41281, 43.62735], [-79.41297, 43.62731], [-79.41309, 43.62725], [-79.41318, 43.62714], [-79.41331, 43.62702], [-79.41349, 43.62697], [-79.41366, 43.62699], [-79.41382, 43.62705], [-79.414, 43.62711], [-79.41418, 43.62715], [-79.41437, 43.62718], [-79.41454, 43.62717], [-79.4147, 43.62716], [-79.41486, 43.62714], [-79.41501, 43.62711], [-79.41516, 43.62708], [-79.41528, 43.62708], [-79.41539, 43.62708], [-79.41546, 43.62706], [-79.41554, 43.62692], [-79.41559, 43.62687], [-79.41565, 43.62688], [-79.41567, 43.62694], [-79.41555, 43.62713], [-79.41554, 43.62718], [-79.41557, 43.62726], [-79.41552, 43.62732], [-79.41563, 43.62764], [-79.41577, 43.6277], [-79.4161, 43.62786], [-79.41615, 43.62802], [-79.41623, 43.62806], [-79.4162, 43.6281], [-79.41733, 43.62792], [-79.41783, 43.62734], [-79.41775, 43.62691], [-79.41812, 43.62707], [-79.41838, 43.62703], [-79.41863, 43.62675], [-79.41833, 43.6266], [-79.41818, 43.62661], [-79.4168, 43.62643], [-79.41652, 43.6264], [-79.41526, 43.62653], [-79.41508, 43.62655], [-79.41501, 43.62655], [-79.41492, 43.62655], [-79.41484, 43.62651], [-79.41484, 43.62646], [-79.41489, 43.62643], [-79.41498, 43.62641], [-79.41502, 43.6264], [-79.41639, 43.62629], [-79.4164, 43.62629], [-79.4165, 43.62627], [-79.41659, 43.62626], [-79.41668, 43.62628], [-79.41668, 43.62628], [-79.41791, 43.62645], [-79.41822, 43.62649], [-79.41827, 43.62656], [-79.41843, 43.62654], [-79.41946, 43.62689], [-79.41951, 43.62687], [-79.41959, 43.62682], [-79.4197, 43.62676], [-79.41985, 43.62673], [-79.42001, 43.62676], [-79.42024, 43.62693], [-79.42026, 43.62701], [-79.42029, 43.6271], [-79.42036, 43.62717], [-79.42046, 43.62723], [-79.42057, 43.62728], [-79.42069, 43.62734], [-79.42083, 43.62739], [-79.42096, 43.62743], [-79.42113, 43.62748], [-79.42126, 43.62752], [-79.42138, 43.62754], [-79.42148, 43.62752], [-79.42163, 43.62749], [-79.42182, 43.62746], [-79.42201, 43.62742], [-79.42221, 43.62741], [-79.42239, 43.62746], [-79.42248, 43.62754], [-79.42253, 43.62763], [-79.42254, 43.62773], [-79.42245, 43.62782], [-79.42236, 43.6279], [-79.42226, 43.62798], [-79.42218, 43.62807], [-79.42212, 43.62813], [-79.42209, 43.62821], [-79.42207, 43.62829], [-79.42205, 43.62839], [-79.42206, 43.62847], [-79.42209, 43.62854], [-79.42213, 43.62861], [-79.42217, 43.62868], [-79.42221, 43.62874], [-79.42227, 43.6288], [-79.42233, 43.62887], [-79.42238, 43.62892], [-79.42242, 43.62897], [-79.42249, 43.629], [-79.42248, 43.62904], [-79.42247, 43.62906], [-79.42151, 43.62914], [-79.42097, 43.62919], [-79.4203, 43.62924], [-79.42006, 43.62925], [-79.42005, 43.62925], [-79.41963, 43.62932], [-79.4194, 43.62919], [-79.4194, 43.62919], [-79.41942, 43.62916], [-79.41933, 43.62899], [-79.41949, 43.62888], [-79.41957, 43.62886], [-79.41964, 43.62882], [-79.41966, 43.62879], [-79.41971, 43.62875], [-79.41971, 43.6287], [-79.41968, 43.62864], [-79.41969, 43.62857], [-79.41972, 43.62851], [-79.41976, 43.62844], [-79.41982, 43.62839], [-79.41987, 43.62834], [-79.41982, 43.62831], [-79.41977, 43.62834], [-79.4197, 43.62839], [-79.41962, 43.62844], [-79.4196, 43.6285], [-79.41961, 43.62856], [-79.4196, 43.62864], [-79.41951, 43.62869], [-79.41942, 43.6287], [-79.41935, 43.62869], [-79.41929, 43.62865], [-79.41925, 43.62859], [-79.41919, 43.62853], [-79.41915, 43.62849], [-79.41917, 43.62843], [-79.4192, 43.62837], [-79.41926, 43.62829], [-79.41931, 43.62822], [-79.41935, 43.62815], [-79.41935, 43.62806], [-79.41932, 43.62798], [-79.41924, 43.62793], [-79.41913, 43.62789], [-79.41903, 43.62787], [-79.41893, 43.62787], [-79.41877, 43.62791], [-79.41872, 43.62793], [-79.41867, 43.62796], [-79.41864, 43.62801], [-79.41863, 43.62807], [-79.41862, 43.62813], [-79.41859, 43.62818], [-79.41857, 43.62823], [-79.41853, 43.62825], [-79.41847, 43.62825], [-79.41842, 43.62822], [-79.4184, 43.62816], [-79.41803, 43.62823], [-79.41843, 43.6295], [-79.41868, 43.62945], [-79.4187, 43.6295], [-79.42014, 43.63013], [-79.42014, 43.63013], [-79.42023, 43.63012], [-79.42036, 43.63011], [-79.42051, 43.63009], [-79.42081, 43.63007], [-79.4237, 43.62985], [-79.42377, 43.62984], [-79.42377, 43.62984], [-79.42386, 43.62983], [-79.42418, 43.6298], [-79.42419, 43.6298], [-79.42429, 43.62979], [-79.4244, 43.62978], [-79.42445, 43.62978], [-79.42457, 43.62977], [-79.42582, 43.62968], [-79.42596, 43.62966], [-79.42721, 43.62972], [-79.42778, 43.62979], [-79.42782, 43.62991], [-79.42806, 43.63062], [-79.42817, 43.63095], [-79.42831, 43.63151], [-79.42865, 43.63278], [-79.42871, 43.63291], [-79.42876, 43.63303], [-79.42894, 43.63344], [-79.4289, 43.63345], [-79.42878, 43.63346], [-79.42866, 43.63348], [-79.42854, 43.63349], [-79.42842, 43.63351], [-79.42831, 43.63352], [-79.42819, 43.63354], [-79.42807, 43.63356], [-79.42795, 43.63357], [-79.42783, 43.63359], [-79.42782, 43.6336], [-79.42771, 43.63362], [-79.42759, 43.63364], [-79.42748, 43.63366], [-79.42736, 43.63369], [-79.42724, 43.63371], [-79.42713, 43.63374], [-79.42701, 43.63377], [-79.42689, 43.63379], [-79.42678, 43.63382], [-79.42666, 43.63385], [-79.42655, 43.63388], [-79.42652, 43.63388], [-79.42643, 43.63391], [-79.42632, 43.63393], [-79.4262, 43.63397], [-79.42609, 43.634], [-79.42597, 43.63403], [-79.42586, 43.63406], [-79.42574, 43.63409], [-79.42563, 43.63413], [-79.42552, 43.63416], [-79.4243, 43.6345], [-79.42308, 43.63484], [-79.42055, 43.63555], [-79.42035, 43.6356], [-79.41957, 43.63582], [-79.41975, 43.63619], [-79.42035, 43.63774], [-79.42058, 43.63831], [-79.42076, 43.6388], [-79.4208, 43.6389], [-79.42087, 43.6391], [-79.42101, 43.63947], [-79.42129, 43.64018], [-79.4214, 43.64061], [-79.42134, 43.64061], [-79.41955, 43.64053], [-79.41547, 43.64038], [-79.41454, 43.64035], [-79.41127, 43.64022], [-79.40858, 43.64012], [-79.40845, 43.64011], [-79.40832, 43.64011], [-79.40819, 43.6401], [-79.40806, 43.6401], [-79.40793, 43.64009]]]]}}, {"type": "Feature", "properties": {"AREA_NAME": "West Queen West", "buzzmaps_hoods": ["West Queen West"]}, "geometry": {"type": "MultiPolygon", "coordinates": [[[[-79.40585, 43.64008], [-79.40598, 43.64008], [-79.40611, 43.64007], [-79.40624, 43.64007], [-79.40637, 43.64007], [-79.4065, 43.64007], [-79.40663, 43.64007], [-79.40676, 43.64007], [-79.40689, 43.64007], [-79.40702, 43.64007], [-79.40715, 43.64007], [-79.40728, 43.64007], [-79.40741, 43.64007], [-79.40754, 43.64008], [-79.40767, 43.64008], [-79.4078, 43.64008], [-79.40793, 43.64009], [-79.40806, 43.6401], [-79.40819, 43.6401], [-79.40832, 43.64011], [-79.40845, 43.64011], [-79.40858, 43.64012], [-79.41127, 43.64022], [-79.41454, 43.64035], [-79.41547, 43.64038], [-79.41955, 43.64053], [-79.42134, 43.64061], [-79.4214, 43.64061], [-79.42142, 43.64082], [-79.42166, 43.64147], [-79.42168, 43.64155], [-79.42223, 43.64302], [-79.42241, 43.64349], [-79.4218, 43.64362], [-79.4212, 43.64373], [-79.42001, 43.64398], [-79.41942, 43.6441], [-79.41886, 43.6442], [-79.41748, 43.64448], [-79.4163, 43.64473], [-79.41508, 43.64497], [-79.41398, 43.64521], [-79.4132, 43.64537], [-79.41149, 43.6457], [-79.41126, 43.64575], [-79.41079, 43.64585], [-79.40995, 43.646], [-79.40958, 43.64608], [-79.40858, 43.64629], [-79.40771, 43.64647], [-79.40732, 43.64654], [-79.40658, 43.64668], [-79.40521, 43.64697], [-79.40401, 43.64719], [-79.40389, 43.64682], [-79.40376, 43.64647], [-79.40337, 43.64552], [-79.40323, 43.64519], [-79.40311, 43.64489], [-79.40296, 43.64454], [-79.4029, 43.64441], [-79.40271, 43.64393], [-79.4024, 43.64319], [-79.4022, 43.64266], [-79.4019, 43.64192], [-79.40174, 43.64152], [-79.40168, 43.64139], [-79.40142, 43.64075], [-79.40135, 43.64056], [-79.40127, 43.64037], [-79.40378, 43.64022], [-79.40391, 43.64021], [-79.404, 43.6402], [-79.40404, 43.6402], [-79.40417, 43.64018], [-79.4043, 43.64017], [-79.40443, 43.64016], [-79.40456, 43.64015], [-79.40468, 43.64014], [-79.40481, 43.64013], [-79.40494, 43.64013], [-79.40507, 43.64012], [-79.4052, 43.64011], [-79.40533, 43.6401], [-79.40546, 43.6401], [-79.40559, 43.64009], [-79.40572, 43.64009], [-79.40585, 43.64008]]]]}}, {"type": "Feature", "properties": {"AREA_NAME": "Mimico-Queensway", "buzzmaps_hoods": ["Etobicoke"]}, "geometry": {"type": "MultiPolygon", "coordinates": [[[[-79.48696, 43.62389], [-79.48689, 43.62384], [-79.48671, 43.62381], [-79.48653, 43.62375], [-79.48636, 43.62364], [-79.48622, 43.62354], [-79.48608, 43.62343], [-79.48594, 43.62332], [-79.4858, 43.62321], [-79.48569, 43.62311], [-79.48565, 43.62305], [-79.48563, 43.62298], [-79.48559, 43.62292], [-79.48552, 43.62285], [-79.48532, 43.62278], [-79.48515, 43.62275], [-79.48495, 43.62272], [-79.48474, 43.62268], [-79.48455, 43.62263], [-79.48433, 43.62259], [-79.48415, 43.62254], [-79.48394, 43.62247], [-79.48374, 43.6224], [-79.4835, 43.62231], [-79.48328, 43.62223], [-79.48306, 43.62215], [-79.48283, 43.62209], [-79.48261, 43.62204], [-79.48242, 43.62201], [-79.48224, 43.62201], [-79.48209, 43.62201], [-79.48197, 43.62198], [-79.48203, 43.62191], [-79.48219, 43.62163], [-79.48223, 43.62157], [-79.48248, 43.6212], [-79.48257, 43.62109], [-79.48275, 43.62093], [-79.48293, 43.62075], [-79.48308, 43.62064], [-79.48318, 43.62056], [-79.48323, 43.62053], [-79.48327, 43.62051], [-79.48343, 43.62042], [-79.48384, 43.62026], [-79.48388, 43.62026], [-79.48393, 43.62024], [-79.484, 43.62022], [-79.48416, 43.62019], [-79.48426, 43.62016], [-79.48528, 43.61991], [-79.48542, 43.61987], [-79.48555, 43.61982], [-79.48567, 43.61977], [-79.48578, 43.61971], [-79.48588, 43.61964], [-79.48592, 43.6196], [-79.48596, 43.61957], [-79.48604, 43.6195], [-79.48611, 43.61943], [-79.48619, 43.61934], [-79.48647, 43.61893], [-79.48692, 43.6181], [-79.48735, 43.61728], [-79.48823, 43.61574], [-79.48866, 43.61495], [-79.48916, 43.61404], [-79.48931, 43.61378], [-79.48947, 43.61346], [-79.48963, 43.61322], [-79.48971, 43.61301], [-79.48979, 43.61273], [-79.48989, 43.61211], [-79.49003, 43.61115], [-79.49006, 43.61094], [-79.49013, 43.61047], [-79.48763, 43.61035], [-79.48666, 43.61033], [-79.48663, 43.61031], [-79.48658, 43.61027], [-79.48655, 43.61028], [-79.48653, 43.61028], [-79.48651, 43.61027], [-79.48651, 43.61025], [-79.48647, 43.61021], [-79.4865, 43.61018], [-79.48652, 43.61016], [-79.48653, 43.61013], [-79.48652, 43.61005], [-79.48651, 43.60996], [-79.48653, 43.60988], [-79.48654, 43.60984], [-79.48652, 43.60974], [-79.48654, 43.60969], [-79.48657, 43.60963], [-79.48661, 43.60959], [-79.48665, 43.60955], [-79.48672, 43.6095], [-79.4868, 43.60946], [-79.48691, 43.60941], [-79.48695, 43.60937], [-79.48697, 43.60933], [-79.48701, 43.60922], [-79.48705, 43.60908], [-79.4871, 43.60895], [-79.48714, 43.60881], [-79.48716, 43.60873], [-79.48716, 43.60871], [-79.48713, 43.60859], [-79.4872, 43.60846], [-79.4873, 43.60833], [-79.48743, 43.60826], [-79.48756, 43.60821], [-79.48765, 43.6081], [-79.48775, 43.60799], [-79.4878, 43.60787], [-79.48783, 43.60776], [-79.48791, 43.60769], [-79.48794, 43.60757], [-79.48795, 43.60747], [-79.48799, 43.60739], [-79.48811, 43.6073], [-79.48819, 43.60721], [-79.4884, 43.60688], [-79.48842, 43.6068], [-79.48847, 43.60683], [-79.48854, 43.60675], [-79.48868, 43.60674], [-79.4888, 43.6067], [-79.48892, 43.60663], [-79.489, 43.60652], [-79.48912, 43.60638], [-79.48921, 43.60622], [-79.48936, 43.60589], [-79.48935, 43.60581], [-79.48931, 43.60576], [-79.4894, 43.60565], [-79.48946, 43.60553], [-79.48957, 43.60552], [-79.48967, 43.60543], [-79.48976, 43.60529], [-79.48988, 43.60515], [-79.49002, 43.60505], [-79.49019, 43.60496], [-79.49045, 43.60469], [-79.49051, 43.60456], [-79.49058, 43.60446], [-79.4907, 43.60437], [-79.4908, 43.60426], [-79.49095, 43.60413], [-79.4912, 43.60387], [-79.49127, 43.60374], [-79.49138, 43.60361], [-79.49154, 43.60351], [-79.49169, 43.60339], [-79.49181, 43.60327], [-79.49208, 43.60306], [-79.49221, 43.60294], [-79.49225, 43.60282], [-79.49244, 43.60272], [-79.4925, 43.60266], [-79.49253, 43.60254], [-79.49251, 43.6024], [-79.49251, 43.60227], [-79.49252, 43.60221], [-79.49259, 43.60214], [-79.49273, 43.60206], [-79.4929, 43.60202], [-79.49307, 43.60201], [-79.49326, 43.60206], [-79.49346, 43.60212], [-79.49367, 43.6021], [-79.49386, 43.6021], [-79.49407, 43.6021], [-79.49426, 43.60209], [-79.49442, 43.60214], [-79.49456, 43.60222], [-79.49476, 43.60222], [-79.49493, 43.6022], [-79.49513, 43.60216], [-79.49532, 43.60212], [-79.49553, 43.60206], [-79.49574, 43.60201], [-79.49595, 43.60195], [-79.49613, 43.60187], [-79.49629, 43.60176], [-79.4964, 43.60165], [-79.49654, 43.60155], [-79.49665, 43.60144], [-79.49677, 43.60133], [-79.49688, 43.60123], [-79.49702, 43.60161], [-79.4972, 43.60212], [-79.49727, 43.6024], [-79.49796, 43.60236], [-79.49821, 43.60294], [-79.49829, 43.60314], [-79.49839, 43.60335], [-79.49863, 43.60398], [-79.49901, 43.60486], [-79.49931, 43.60565], [-79.49967, 43.60648], [-79.50002, 43.60731], [-79.50037, 43.60814], [-79.50041, 43.60831], [-79.5007, 43.60899], [-79.50106, 43.6098], [-79.50143, 43.61069], [-79.50157, 43.61105], [-79.50161, 43.61118], [-79.50162, 43.61125], [-79.50162, 43.61129], [-79.50161, 43.61137], [-79.5017, 43.61157], [-79.50196, 43.61212], [-79.50257, 43.61345], [-79.50759, 43.61089], [-79.51507, 43.60707], [-79.51965, 43.60473], [-79.52159, 43.60376], [-79.5242, 43.60253], [-79.5263, 43.60148], [-79.52671, 43.60128], [-79.52653, 43.60145], [-79.52647, 43.60149], [-79.5264, 43.60154], [-79.52634, 43.60159], [-79.52628, 43.60163], [-79.52622, 43.60168], [-79.52616, 43.60173], [-79.52609, 43.60177], [-79.52606, 43.60181], [-79.52602, 43.60185], [-79.52598, 43.6019], [-79.52594, 43.60193], [-79.52591, 43.60197], [-79.52587, 43.60201], [-79.52584, 43.60205], [-79.5258, 43.60209], [-79.52577, 43.60213], [-79.52573, 43.60217], [-79.5257, 43.60221], [-79.52567, 43.60226], [-79.52564, 43.6023], [-79.52561, 43.60234], [-79.52558, 43.60239], [-79.52555, 43.60243], [-79.52552, 43.60247], [-79.5255, 43.60251], [-79.52547, 43.60256], [-79.52544, 43.6026], [-79.52542, 43.60265], [-79.52539, 43.60269], [-79.52537, 43.60273], [-79.52535, 43.60278], [-79.52532, 43.60282], [-79.5253, 43.60287], [-79.52528, 43.60291], [-79.52526, 43.60296], [-79.52524, 43.60301], [-79.52522, 43.60305], [-79.52521, 43.6031], [-79.52519, 43.60314], [-79.52517, 43.60318], [-79.52515, 43.60323], [-79.52514, 43.60327], [-79.52512, 43.60331], [-79.52511, 43.60336], [-79.5251, 43.6034], [-79.52508, 43.60345], [-79.52507, 43.60349], [-79.52506, 43.60353], [-79.52505, 43.60358], [-79.52504, 43.60362], [-79.52503, 43.60367], [-79.52502, 43.60371], [-79.52502, 43.60376], [-79.52501, 43.6038], [-79.52501, 43.60385], [-79.525, 43.60389], [-79.525, 43.60393], [-79.52499, 43.60398], [-79.52499, 43.60402], [-79.52499, 43.60407], [-79.52499, 43.60411], [-79.52499, 43.60416], [-79.52499, 43.60421], [-79.52499, 43.60425], [-79.525, 43.60429], [-79.525, 43.60434], [-79.525, 43.60438], [-79.52501, 43.60443], [-79.52501, 43.60447], [-79.52501, 43.60452], [-79.52502, 43.60457], [-79.52502, 43.60461], [-79.52503, 43.60465], [-79.52503, 43.6047], [-79.52504, 43.60474], [-79.52505, 43.60479], [-79.52506, 43.60483], [-79.52507, 43.60488], [-79.52508, 43.60492], [-79.52509, 43.60496], [-79.5251, 43.60501], [-79.52512, 43.60505], [-79.52513, 43.6051], [-79.52514, 43.60515], [-79.52516, 43.60519], [-79.52518, 43.60523], [-79.52519, 43.60528], [-79.52521, 43.60532], [-79.52523, 43.60536], [-79.52557, 43.60613], [-79.52572, 43.60647], [-79.52748, 43.61057], [-79.52932, 43.61497], [-79.52937, 43.61509], [-79.53011, 43.61681], [-79.53017, 43.61695], [-79.53024, 43.61715], [-79.52831, 43.61753], [-79.52578, 43.61801], [-79.52203, 43.61874], [-79.52046, 43.61905], [-79.5167, 43.61978], [-79.51505, 43.62012], [-79.51317, 43.62049], [-79.51313, 43.62049], [-79.51064, 43.62098], [-79.50849, 43.62141], [-79.50508, 43.62209], [-79.50229, 43.62268], [-79.50109, 43.62293], [-79.50102, 43.62294], [-79.49453, 43.62449], [-79.49319, 43.62481], [-79.49314, 43.6247], [-79.4931, 43.6246], [-79.49299, 43.62436], [-79.49286, 43.62407], [-79.49254, 43.62336], [-79.49118, 43.62367], [-79.48931, 43.62405], [-79.48885, 43.62419], [-79.48664, 43.62485], [-79.48659, 43.62471], [-79.48664, 43.62458], [-79.48677, 43.62444], [-79.48691, 43.62432], [-79.48704, 43.62422], [-79.48711, 43.62411], [-79.48709, 43.624], [-79.48702, 43.62392], [-79.48696, 43.62389]]]]}}, {"type": "Feature", "properties": {"AREA_NAME": "Etobicoke City Centre", "buzzmaps_hoods": ["Etobicoke"]}, "geometry": {"type": "MultiPolygon", "coordinates": [[[[-79.52498, 43.64694], [-79.52488, 43.64693], [-79.52479, 43.64693], [-79.52446, 43.64701], [-79.52431, 43.64665], [-79.5242, 43.6464], [-79.52382, 43.64551], [-79.52344, 43.64465], [-79.52329, 43.6443], [-79.52326, 43.64425], [-79.52267, 43.64291], [-79.52209, 43.64151], [-79.52172, 43.64068], [-79.52168, 43.64054], [-79.52122, 43.63938], [-79.52075, 43.63822], [-79.5207, 43.63811], [-79.5205, 43.63761], [-79.52036, 43.63724], [-79.52019, 43.63687], [-79.52001, 43.63641], [-79.51981, 43.63589], [-79.51913, 43.63422], [-79.51878, 43.63344], [-79.51845, 43.63261], [-79.5184, 43.63249], [-79.51793, 43.63131], [-79.51776, 43.63088], [-79.51766, 43.63062], [-79.51742, 43.63004], [-79.51713, 43.62933], [-79.51699, 43.62894], [-79.51682, 43.62854], [-79.51648, 43.62766], [-79.51611, 43.62678], [-79.51556, 43.62549], [-79.51545, 43.62525], [-79.51522, 43.62466], [-79.51501, 43.62419], [-79.515, 43.62417], [-79.51495, 43.62405], [-79.51478, 43.62359], [-79.51449, 43.62299], [-79.51445, 43.6229], [-79.51418, 43.62233], [-79.51414, 43.62225], [-79.51411, 43.62218], [-79.51408, 43.6221], [-79.51405, 43.62203], [-79.51401, 43.62196], [-79.51398, 43.62188], [-79.51394, 43.6218], [-79.51391, 43.62173], [-79.51387, 43.62166], [-79.51383, 43.62158], [-79.51379, 43.62151], [-79.51375, 43.62143], [-79.51371, 43.62136], [-79.51367, 43.62129], [-79.51363, 43.62122], [-79.5136, 43.62116], [-79.51356, 43.62109], [-79.51352, 43.62102], [-79.51348, 43.62096], [-79.51344, 43.62089], [-79.5134, 43.62083], [-79.51336, 43.62076], [-79.51331, 43.6207], [-79.51327, 43.62063], [-79.51327, 43.62063], [-79.51323, 43.62057], [-79.51318, 43.62051], [-79.51317, 43.62049], [-79.51505, 43.62012], [-79.5167, 43.61978], [-79.52046, 43.61905], [-79.52203, 43.61874], [-79.52578, 43.61801], [-79.52831, 43.61753], [-79.53024, 43.61715], [-79.53049, 43.61711], [-79.53067, 43.61707], [-79.5328, 43.61666], [-79.53338, 43.61655], [-79.53516, 43.61619], [-79.53537, 43.61615], [-79.53554, 43.61611], [-79.53573, 43.61607], [-79.53593, 43.61604], [-79.53613, 43.616], [-79.53641, 43.61595], [-79.53657, 43.61591], [-79.53676, 43.61587], [-79.53694, 43.61583], [-79.53715, 43.61578], [-79.53732, 43.61575], [-79.5375, 43.61571], [-79.5377, 43.61567], [-79.53789, 43.61563], [-79.53809, 43.6156], [-79.53829, 43.61557], [-79.53849, 43.61553], [-79.53868, 43.61549], [-79.53888, 43.61546], [-79.53908, 43.61543], [-79.53928, 43.6154], [-79.53948, 43.61537], [-79.53967, 43.61533], [-79.53987, 43.6153], [-79.54007, 43.61527], [-79.54027, 43.61524], [-79.54047, 43.61521], [-79.54067, 43.61519], [-79.54082, 43.61517], [-79.54093, 43.61516], [-79.54107, 43.61513], [-79.54118, 43.61512], [-79.54119, 43.61512], [-79.54128, 43.61511], [-79.54139, 43.61509], [-79.54149, 43.61508], [-79.54159, 43.61506], [-79.5417, 43.61505], [-79.5418, 43.61504], [-79.54191, 43.61502], [-79.54201, 43.61501], [-79.54212, 43.615], [-79.54222, 43.61499], [-79.54241, 43.61497], [-79.54259, 43.61495], [-79.54278, 43.61493], [-79.54297, 43.61491], [-79.54315, 43.61488], [-79.54334, 43.61486], [-79.54353, 43.61483], [-79.54371, 43.61481], [-79.5439, 43.61478], [-79.54408, 43.61476], [-79.54421, 43.61475], [-79.54433, 43.61473], [-79.54445, 43.61472], [-79.54458, 43.61471], [-79.5447, 43.61469], [-79.54482, 43.61468], [-79.54495, 43.61467], [-79.54507, 43.61465], [-79.54519, 43.61464], [-79.54522, 43.61463], [-79.54531, 43.61462], [-79.54544, 43.6146], [-79.54556, 43.61458], [-79.54568, 43.61456], [-79.5458, 43.61455], [-79.54592, 43.61452], [-79.54604, 43.6145], [-79.54616, 43.61448], [-79.54629, 43.61446], [-79.54641, 43.61444], [-79.54653, 43.61442], [-79.5466, 43.6144], [-79.54668, 43.61439], [-79.54676, 43.61438], [-79.54684, 43.61436], [-79.54691, 43.61435], [-79.54699, 43.61433], [-79.54706, 43.61432], [-79.54714, 43.6143], [-79.54722, 43.61428], [-79.54729, 43.61427], [-79.54737, 43.61425], [-79.54744, 43.61423], [-79.54752, 43.61421], [-79.54759, 43.61419], [-79.54766, 43.61417], [-79.54774, 43.61415], [-79.54781, 43.61413], [-79.54788, 43.6141], [-79.54796, 43.61408], [-79.54803, 43.61406], [-79.5481, 43.61404], [-79.54817, 43.61401], [-79.54825, 43.61399], [-79.54832, 43.61396], [-79.54839, 43.61394], [-79.54847, 43.61391], [-79.54855, 43.61389], [-79.54863, 43.61386], [-79.54871, 43.61383], [-79.54874, 43.61382], [-79.54878, 43.61381], [-79.54886, 43.61378], [-79.54887, 43.61377], [-79.54893, 43.61375], [-79.54899, 43.61373], [-79.54901, 43.61372], [-79.54902, 43.61372], [-79.5491, 43.61369], [-79.54913, 43.61368], [-79.54917, 43.61366], [-79.54925, 43.61363], [-79.54933, 43.6136], [-79.5494, 43.61357], [-79.54942, 43.61356], [-79.54949, 43.61352], [-79.54955, 43.6135], [-79.5496, 43.61348], [-79.54965, 43.61346], [-79.5497, 43.61343], [-79.54976, 43.61341], [-79.54981, 43.61338], [-79.54986, 43.61336], [-79.54991, 43.61333], [-79.54996, 43.61331], [-79.54997, 43.6133], [-79.55001, 43.61328], [-79.55006, 43.61326], [-79.55012, 43.61323], [-79.55017, 43.61321], [-79.55022, 43.61318], [-79.55026, 43.61315], [-79.55032, 43.61312], [-79.55037, 43.6131], [-79.55042, 43.61308], [-79.55047, 43.61305], [-79.55052, 43.61302], [-79.55057, 43.613], [-79.55062, 43.61297], [-79.55067, 43.61294], [-79.55077, 43.61289], [-79.55082, 43.61286], [-79.55086, 43.61284], [-79.55091, 43.61281], [-79.55096, 43.61278], [-79.55101, 43.61275], [-79.55105, 43.61272], [-79.5511, 43.61269], [-79.55115, 43.61266], [-79.55119, 43.61263], [-79.55124, 43.6126], [-79.55128, 43.61257], [-79.55133, 43.61254], [-79.55137, 43.61251], [-79.55142, 43.61248], [-79.55146, 43.61244], [-79.5515, 43.61241], [-79.55155, 43.61238], [-79.55159, 43.61235], [-79.55163, 43.61231], [-79.55167, 43.61228], [-79.55172, 43.61225], [-79.55176, 43.61221], [-79.5518, 43.61218], [-79.55184, 43.61215], [-79.55189, 43.61212], [-79.55193, 43.61209], [-79.55197, 43.61205], [-79.55201, 43.61202], [-79.55206, 43.61198], [-79.5521, 43.61195], [-79.55214, 43.61192], [-79.55218, 43.61188], [-79.55222, 43.61185], [-79.55226, 43.61182], [-79.5523, 43.61178], [-79.55234, 43.61175], [-79.55239, 43.61172], [-79.55242, 43.61168], [-79.55246, 43.61165], [-79.5525, 43.61161], [-79.55254, 43.61158], [-79.55258, 43.61154], [-79.55262, 43.6115], [-79.55266, 43.61147], [-79.5527, 43.61144], [-79.55274, 43.6114], [-79.55278, 43.61136], [-79.55281, 43.61133], [-79.55285, 43.6113], [-79.55289, 43.61126], [-79.55293, 43.61122], [-79.55297, 43.61119], [-79.553, 43.61115], [-79.55304, 43.61111], [-79.55307, 43.61108], [-79.55311, 43.61104], [-79.55315, 43.61101], [-79.55318, 43.61097], [-79.55322, 43.61093], [-79.55326, 43.6109], [-79.5533, 43.61086], [-79.55334, 43.61083], [-79.55338, 43.6108], [-79.55342, 43.61076], [-79.55346, 43.61073], [-79.55351, 43.61069], [-79.55355, 43.61066], [-79.55359, 43.61063], [-79.55363, 43.61059], [-79.55367, 43.61056], [-79.55371, 43.61053], [-79.55375, 43.61049], [-79.55379, 43.61046], [-79.55383, 43.61042], [-79.55387, 43.61039], [-79.55391, 43.61035], [-79.55395, 43.61032], [-79.55399, 43.61029], [-79.55403, 43.61025], [-79.55407, 43.61022], [-79.55411, 43.61018], [-79.55415, 43.61015], [-79.55419, 43.61011], [-79.55423, 43.61008], [-79.55426, 43.61004], [-79.5543, 43.61001], [-79.55434, 43.60997], [-79.55438, 43.60994], [-79.55442, 43.60991], [-79.55446, 43.60987], [-79.5545, 43.60984], [-79.55454, 43.6098], [-79.55458, 43.60977], [-79.55462, 43.60973], [-79.55466, 43.6097], [-79.5547, 43.60966], [-79.55474, 43.60963], [-79.55477, 43.60959], [-79.55481, 43.60955], [-79.55485, 43.60952], [-79.55489, 43.60948], [-79.55493, 43.60945], [-79.55497, 43.60942], [-79.55501, 43.60938], [-79.55505, 43.60935], [-79.55509, 43.60931], [-79.55513, 43.60928], [-79.55528, 43.60913], [-79.55633, 43.60817], [-79.55713, 43.60744], [-79.55763, 43.60699], [-79.55978, 43.60505], [-79.55983, 43.60507], [-79.56002, 43.60519], [-79.56012, 43.60523], [-79.56022, 43.60529], [-79.56046, 43.60546], [-79.5606, 43.60552], [-79.56082, 43.60561], [-79.56103, 43.60568], [-79.56108, 43.6057], [-79.56124, 43.60576], [-79.56145, 43.60584], [-79.56169, 43.60595], [-79.56187, 43.60604], [-79.56203, 43.60621], [-79.56214, 43.60637], [-79.56227, 43.6065], [-79.56242, 43.60662], [-79.56252, 43.60667], [-79.56264, 43.60672], [-79.56291, 43.60679], [-79.56316, 43.60684], [-79.56343, 43.60687], [-79.5637, 43.60691], [-79.56395, 43.60695], [-79.56408, 43.60697], [-79.56423, 43.60699], [-79.56448, 43.60704], [-79.56449, 43.60704], [-79.56471, 43.60711], [-79.56487, 43.60722], [-79.56491, 43.60735], [-79.56485, 43.60751], [-79.56473, 43.60764], [-79.56464, 43.6078], [-79.56461, 43.60795], [-79.56463, 43.6081], [-79.56467, 43.60825], [-79.5648, 43.60838], [-79.56505, 43.60847], [-79.56533, 43.60857], [-79.56555, 43.60864], [-79.56566, 43.60867], [-79.56578, 43.60866], [-79.56592, 43.60863], [-79.5662, 43.60859], [-79.5664, 43.6086], [-79.56664, 43.60868], [-79.56685, 43.60881], [-79.567, 43.60895], [-79.56708, 43.60911], [-79.56718, 43.60928], [-79.56724, 43.60943], [-79.56727, 43.6096], [-79.56728, 43.60964], [-79.56729, 43.60977], [-79.5673, 43.60992], [-79.56733, 43.61009], [-79.56733, 43.61022], [-79.5673, 43.61039], [-79.56722, 43.61057], [-79.56717, 43.61066], [-79.56708, 43.61074], [-79.56696, 43.61079], [-79.56686, 43.6108], [-79.56665, 43.61083], [-79.56656, 43.61088], [-79.56634, 43.61096], [-79.56615, 43.61107], [-79.56598, 43.61121], [-79.56578, 43.61133], [-79.56574, 43.61136], [-79.56562, 43.61145], [-79.56544, 43.61162], [-79.56528, 43.61176], [-79.5651, 43.61186], [-79.56488, 43.61197], [-79.56467, 43.61205], [-79.56444, 43.61215], [-79.56422, 43.61224], [-79.56406, 43.61238], [-79.56395, 43.61253], [-79.56397, 43.61268], [-79.56402, 43.61283], [-79.56409, 43.61298], [-79.56419, 43.61311], [-79.56438, 43.61324], [-79.56461, 43.61332], [-79.56486, 43.61338], [-79.56512, 43.61342], [-79.56536, 43.61342], [-79.56559, 43.6134], [-79.56581, 43.61338], [-79.56606, 43.61337], [-79.56631, 43.61339], [-79.56654, 43.61343], [-79.56678, 43.6135], [-79.567, 43.61357], [-79.56726, 43.61363], [-79.5675, 43.6137], [-79.56771, 43.61378], [-79.56789, 43.61389], [-79.56796, 43.61394], [-79.56804, 43.614], [-79.56819, 43.61412], [-79.56829, 43.61422], [-79.56835, 43.61437], [-79.56834, 43.6145], [-79.56828, 43.61467], [-79.56823, 43.61481], [-79.56822, 43.61491], [-79.56822, 43.61496], [-79.56818, 43.6151], [-79.56813, 43.61526], [-79.56808, 43.61541], [-79.568, 43.61557], [-79.56794, 43.61571], [-79.56791, 43.61587], [-79.56786, 43.61601], [-79.56783, 43.61619], [-79.56782, 43.61633], [-79.56783, 43.61649], [-79.56786, 43.61662], [-79.56785, 43.61678], [-79.56772, 43.61692], [-79.56755, 43.61704], [-79.56734, 43.61712], [-79.56715, 43.61719], [-79.56697, 43.61729], [-79.56683, 43.61741], [-79.5667, 43.61754], [-79.56661, 43.61767], [-79.56654, 43.61782], [-79.56651, 43.61795], [-79.56657, 43.6181], [-79.56662, 43.61825], [-79.56668, 43.61841], [-79.56674, 43.61856], [-79.56678, 43.61872], [-79.56682, 43.61886], [-79.56679, 43.61901], [-79.56674, 43.61916], [-79.56672, 43.61931], [-79.56672, 43.61949], [-79.56674, 43.61964], [-79.56674, 43.6198], [-79.56675, 43.61993], [-79.56677, 43.62007], [-79.56681, 43.62018], [-79.56683, 43.62029], [-79.56683, 43.6203], [-79.56684, 43.62033], [-79.56687, 43.62041], [-79.56693, 43.62055], [-79.56691, 43.62071], [-79.56682, 43.62087], [-79.56665, 43.62099], [-79.56645, 43.62109], [-79.56621, 43.62117], [-79.56599, 43.62126], [-79.56581, 43.62136], [-79.56565, 43.62148], [-79.56558, 43.62162], [-79.56555, 43.62178], [-79.56558, 43.62192], [-79.56566, 43.62207], [-79.56575, 43.62222], [-79.56584, 43.62236], [-79.5659, 43.62252], [-79.5659, 43.62268], [-79.56587, 43.62285], [-79.5658, 43.62302], [-79.56576, 43.62319], [-79.56575, 43.62338], [-79.56572, 43.62356], [-79.56568, 43.62374], [-79.56565, 43.62389], [-79.56561, 43.62404], [-79.56553, 43.62421], [-79.56543, 43.62437], [-79.56526, 43.6245], [-79.56509, 43.62458], [-79.56488, 43.62458], [-79.56468, 43.62451], [-79.56446, 43.62444], [-79.56426, 43.62439], [-79.56408, 43.62442], [-79.56394, 43.6245], [-79.5638, 43.62463], [-79.5637, 43.62475], [-79.5636, 43.62489], [-79.56356, 43.62503], [-79.56356, 43.62518], [-79.5636, 43.62564], [-79.56357, 43.62576], [-79.56354, 43.62589], [-79.5635, 43.62602], [-79.56347, 43.62611], [-79.56345, 43.62616], [-79.56344, 43.62631], [-79.56346, 43.62644], [-79.5635, 43.62655], [-79.56356, 43.62668], [-79.56362, 43.62679], [-79.56368, 43.62691], [-79.56373, 43.62698], [-79.56376, 43.62703], [-79.56237, 43.62734], [-79.561, 43.62763], [-79.56059, 43.62772], [-79.55994, 43.62784], [-79.55978, 43.62787], [-79.55962, 43.6279], [-79.55947, 43.62793], [-79.55931, 43.62796], [-79.55915, 43.62799], [-79.55899, 43.62802], [-79.5589, 43.62805], [-79.55884, 43.62806], [-79.55868, 43.62809], [-79.55852, 43.62812], [-79.55837, 43.62815], [-79.55821, 43.62819], [-79.55806, 43.62822], [-79.5579, 43.62826], [-79.55774, 43.62829], [-79.55759, 43.62833], [-79.55743, 43.62837], [-79.55734, 43.62839], [-79.55728, 43.62841], [-79.55726, 43.62841], [-79.55713, 43.62844], [-79.55698, 43.62848], [-79.55677, 43.62853], [-79.55679, 43.62858], [-79.55684, 43.6287], [-79.55692, 43.62891], [-79.55701, 43.62911], [-79.55709, 43.62932], [-79.55717, 43.62953], [-79.55725, 43.62973], [-79.55733, 43.62994], [-79.55741, 43.63015], [-79.55749, 43.63036], [-79.55757, 43.63056], [-79.55762, 43.63068], [-79.55767, 43.63081], [-79.55772, 43.63093], [-79.55777, 43.63105], [-79.55782, 43.63117], [-79.55787, 43.63129], [-79.55792, 43.63141], [-79.55797, 43.63153], [-79.55801, 43.63165], [-79.55806, 43.63177], [-79.55806, 43.63177], [-79.5581, 43.63189], [-79.55815, 43.63202], [-79.55815, 43.63203], [-79.55819, 43.63214], [-79.55823, 43.63226], [-79.55828, 43.63238], [-79.55832, 43.63251], [-79.55836, 43.63263], [-79.5584, 43.63275], [-79.55844, 43.63288], [-79.55847, 43.633], [-79.55851, 43.63312], [-79.55856, 43.63327], [-79.55862, 43.63342], [-79.55868, 43.63357], [-79.55874, 43.63372], [-79.55879, 43.63388], [-79.55885, 43.63403], [-79.55891, 43.63418], [-79.55896, 43.63434], [-79.55902, 43.63449], [-79.55907, 43.63465], [-79.55913, 43.6348], [-79.55918, 43.63495], [-79.55923, 43.63511], [-79.55924, 43.63514], [-79.55928, 43.63526], [-79.55933, 43.63542], [-79.55938, 43.63558], [-79.55943, 43.63573], [-79.55948, 43.63589], [-79.55953, 43.63604], [-79.55957, 43.6362], [-79.55959, 43.63624], [-79.55942, 43.63628], [-79.55919, 43.63633], [-79.55907, 43.63636], [-79.55671, 43.63693], [-79.55652, 43.63673], [-79.55648, 43.63664], [-79.55645, 43.63652], [-79.55642, 43.63641], [-79.55642, 43.6363], [-79.55641, 43.63623], [-79.55645, 43.63608], [-79.55652, 43.63589], [-79.55664, 43.63561], [-79.55671, 43.63545], [-79.55681, 43.63523], [-79.55683, 43.63519], [-79.55684, 43.6351], [-79.55687, 43.63501], [-79.55687, 43.6349], [-79.55687, 43.63476], [-79.55686, 43.63465], [-79.55683, 43.63456], [-79.55678, 43.63441], [-79.55674, 43.63432], [-79.55671, 43.63427], [-79.55668, 43.63422], [-79.55663, 43.63415], [-79.55609, 43.63358], [-79.55602, 43.63352], [-79.55596, 43.63346], [-79.55589, 43.63341], [-79.55583, 43.63337], [-79.55527, 43.63306], [-79.55471, 43.6328], [-79.55447, 43.63308], [-79.55434, 43.63324], [-79.55419, 43.63339], [-79.55407, 43.63347], [-79.55392, 43.63356], [-79.5538, 43.63364], [-79.55361, 43.63374], [-79.55344, 43.63381], [-79.5533, 43.63387], [-79.55318, 43.63391], [-79.55302, 43.63395], [-79.55203, 43.63419], [-79.55095, 43.63443], [-79.54977, 43.63471], [-79.54959, 43.63429], [-79.54877, 43.63244], [-79.54863, 43.63211], [-79.54859, 43.63203], [-79.54857, 43.63196], [-79.54857, 43.6319], [-79.5486, 43.63185], [-79.54867, 43.6318], [-79.54875, 43.63176], [-79.54963, 43.63157], [-79.54916, 43.63051], [-79.54731, 43.63093], [-79.54692, 43.63102], [-79.54659, 43.63117], [-79.54658, 43.63118], [-79.54612, 43.63141], [-79.54533, 43.63181], [-79.5447, 43.63212], [-79.54368, 43.63268], [-79.54329, 43.63296], [-79.54271, 43.63346], [-79.54204, 43.63412], [-79.54136, 43.63474], [-79.54074, 43.63535], [-79.54009, 43.63611], [-79.539, 43.63737], [-79.53842, 43.63806], [-79.53801, 43.63852], [-79.53764, 43.63898], [-79.53662, 43.64014], [-79.53658, 43.64019], [-79.53654, 43.64023], [-79.53649, 43.64027], [-79.53645, 43.64032], [-79.53642, 43.64036], [-79.53638, 43.64041], [-79.53634, 43.64045], [-79.53632, 43.64047], [-79.53652, 43.64057], [-79.53658, 43.6406], [-79.53664, 43.64063], [-79.5371, 43.6411], [-79.53734, 43.64138], [-79.53677, 43.6415], [-79.53536, 43.64179], [-79.53522, 43.64145], [-79.53503, 43.64165], [-79.53481, 43.64186], [-79.53456, 43.64209], [-79.53439, 43.64232], [-79.5342, 43.64267], [-79.53399, 43.64303], [-79.53346, 43.6436], [-79.53297, 43.64414], [-79.53198, 43.64521], [-79.53195, 43.64525], [-79.5314, 43.64585], [-79.5312, 43.64606], [-79.53055, 43.64677], [-79.53035, 43.64699], [-79.52875, 43.64877], [-79.52839, 43.64862], [-79.52823, 43.64854], [-79.52814, 43.6485], [-79.52689, 43.64789], [-79.52551, 43.6472], [-79.52508, 43.64699], [-79.52503, 43.64696], [-79.52498, 43.64694]]]]}}, {"type": "Feature", "properties": {"AREA_NAME": "Islington", "buzzmaps_hoods": ["Etobicoke"]}, "geometry": {"type": "MultiPolygon", "coordinates": [[[[-79.54082, 43.65436], [-79.54048, 43.65356], [-79.54046, 43.65357], [-79.54034, 43.65359], [-79.54023, 43.65358], [-79.54013, 43.65357], [-79.54002, 43.65356], [-79.5399, 43.65356], [-79.53976, 43.65359], [-79.53965, 43.65367], [-79.53965, 43.65377], [-79.53967, 43.65387], [-79.53975, 43.65397], [-79.53984, 43.65407], [-79.53994, 43.65417], [-79.54003, 43.65428], [-79.54011, 43.65438], [-79.54017, 43.65449], [-79.54022, 43.65459], [-79.54022, 43.6547], [-79.54016, 43.65481], [-79.54004, 43.65489], [-79.53991, 43.65497], [-79.53976, 43.65506], [-79.53958, 43.65512], [-79.5394, 43.65517], [-79.53923, 43.6552], [-79.53906, 43.65522], [-79.5389, 43.65521], [-79.53871, 43.65521], [-79.53854, 43.65521], [-79.53834, 43.65519], [-79.53817, 43.65515], [-79.53799, 43.65508], [-79.53786, 43.65498], [-79.53778, 43.65489], [-79.53769, 43.65478], [-79.53761, 43.65468], [-79.53753, 43.65457], [-79.53743, 43.65448], [-79.53732, 43.6544], [-79.53723, 43.6543], [-79.53717, 43.65421], [-79.53717, 43.65399], [-79.53724, 43.65389], [-79.5373, 43.65377], [-79.53735, 43.65365], [-79.53739, 43.65355], [-79.53744, 43.65342], [-79.53748, 43.65329], [-79.53752, 43.65316], [-79.53754, 43.65303], [-79.53752, 43.65291], [-79.53743, 43.65279], [-79.53716, 43.65263], [-79.53696, 43.65258], [-79.53677, 43.65256], [-79.5366, 43.65258], [-79.53643, 43.65261], [-79.53627, 43.65261], [-79.53593, 43.6525], [-79.53551, 43.6525], [-79.53522, 43.65242], [-79.53497, 43.65225], [-79.53464, 43.65216], [-79.5343, 43.65214], [-79.53395, 43.65212], [-79.5336, 43.65212], [-79.53322, 43.65212], [-79.53288, 43.65214], [-79.53258, 43.65208], [-79.5324, 43.65187], [-79.53235, 43.65162], [-79.53232, 43.65132], [-79.53225, 43.65106], [-79.53222, 43.65082], [-79.53228, 43.65061], [-79.53229, 43.65038], [-79.5322, 43.65019], [-79.53199, 43.65004], [-79.5315, 43.65002], [-79.53127, 43.65002], [-79.53111, 43.65004], [-79.53102, 43.65009], [-79.53097, 43.65016], [-79.531, 43.65036], [-79.53098, 43.65058], [-79.53096, 43.65068], [-79.5309, 43.65077], [-79.53084, 43.65084], [-79.53074, 43.65089], [-79.53034, 43.65096], [-79.52999, 43.651], [-79.52966, 43.65109], [-79.52935, 43.65115], [-79.529, 43.65117], [-79.52863, 43.65109], [-79.52826, 43.65102], [-79.52791, 43.65096], [-79.52758, 43.65096], [-79.52722, 43.65096], [-79.52688, 43.65095], [-79.52679, 43.65093], [-79.52655, 43.65089], [-79.5262, 43.6508], [-79.52615, 43.65078], [-79.52586, 43.65068], [-79.52556, 43.65053], [-79.52534, 43.65038], [-79.52531, 43.65035], [-79.52502, 43.65017], [-79.52474, 43.64998], [-79.5245, 43.64977], [-79.52434, 43.64961], [-79.52426, 43.64953], [-79.52399, 43.64932], [-79.52375, 43.64908], [-79.52346, 43.64888], [-79.52312, 43.64875], [-79.52281, 43.64857], [-79.52253, 43.64835], [-79.5224, 43.64827], [-79.52222, 43.64816], [-79.52217, 43.64814], [-79.52188, 43.64803], [-79.52148, 43.64791], [-79.52142, 43.6479], [-79.5211, 43.64779], [-79.52076, 43.6477], [-79.52041, 43.64763], [-79.52015, 43.64743], [-79.52005, 43.64738], [-79.51986, 43.64736], [-79.51961, 43.64739], [-79.51933, 43.64737], [-79.51896, 43.64733], [-79.51862, 43.64724], [-79.5183, 43.6471], [-79.51799, 43.64693], [-79.51768, 43.64673], [-79.51741, 43.64654], [-79.51717, 43.64629], [-79.51703, 43.64611], [-79.51706, 43.6461], [-79.51752, 43.646], [-79.51898, 43.64567], [-79.5201, 43.64542], [-79.52117, 43.6452], [-79.5223, 43.64492], [-79.52344, 43.64465], [-79.52382, 43.64551], [-79.5242, 43.6464], [-79.52431, 43.64665], [-79.52446, 43.64701], [-79.52479, 43.64693], [-79.52488, 43.64693], [-79.52498, 43.64694], [-79.52503, 43.64696], [-79.52508, 43.64699], [-79.52551, 43.6472], [-79.52689, 43.64789], [-79.52814, 43.6485], [-79.52823, 43.64854], [-79.52839, 43.64862], [-79.52875, 43.64877], [-79.53035, 43.64699], [-79.53055, 43.64677], [-79.5312, 43.64606], [-79.53195, 43.64525], [-79.53198, 43.64521], [-79.53346, 43.6436], [-79.53399, 43.64303], [-79.5342, 43.64267], [-79.53439, 43.64232], [-79.53456, 43.64209], [-79.53481, 43.64186], [-79.53503, 43.64165], [-79.53522, 43.64145], [-79.53536, 43.64179], [-79.53677, 43.6415], [-79.53734, 43.64138], [-79.5371, 43.6411], [-79.53664, 43.64063], [-79.53658, 43.6406], [-79.53652, 43.64057], [-79.53632, 43.64047], [-79.53634, 43.64045], [-79.53638, 43.64041], [-79.53642, 43.64036], [-79.53645, 43.64032], [-79.53649, 43.64027], [-79.53654, 43.64023], [-79.53658, 43.64019], [-79.53662, 43.64014], [-79.53764, 43.63898], [-79.53801, 43.63852], [-79.53842, 43.63806], [-79.539, 43.63737], [-79.54009, 43.63611], [-79.54074, 43.63535], [-79.54136, 43.63474], [-79.54204, 43.63412], [-79.54271, 43.63346], [-79.54329, 43.63296], [-79.54368, 43.63268], [-79.5447, 43.63212], [-79.54533, 43.63181], [-79.54612, 43.63141], [-79.54658, 43.63118], [-79.54659, 43.63117], [-79.54692, 43.63102], [-79.54731, 43.63093], [-79.54916, 43.63051], [-79.54963, 43.63157], [-79.54875, 43.63176], [-79.54867, 43.6318], [-79.5486, 43.63185], [-79.54857, 43.6319], [-79.54857, 43.63196], [-79.54859, 43.63203], [-79.54863, 43.63211], [-79.54877, 43.63244], [-79.54959, 43.63429], [-79.54977, 43.63471], [-79.55095, 43.63443], [-79.55203, 43.63419], [-79.55302, 43.63395], [-79.55318, 43.63391], [-79.5533, 43.63387], [-79.55344, 43.63381], [-79.55361, 43.63374], [-79.5538, 43.63364], [-79.55392, 43.63356], [-79.55407, 43.63347], [-79.55419, 43.63339], [-79.55434, 43.63324], [-79.55447, 43.63308], [-79.55471, 43.6328], [-79.55527, 43.63306], [-79.55583, 43.63337], [-79.55589, 43.63341], [-79.55596, 43.63346], [-79.55602, 43.63352], [-79.55609, 43.63358], [-79.55663, 43.63415], [-79.55668, 43.63422], [-79.55671, 43.63427], [-79.55674, 43.63432], [-79.55678, 43.63441], [-79.55683, 43.63456], [-79.55686, 43.63465], [-79.55687, 43.63476], [-79.55687, 43.6349], [-79.55687, 43.63501], [-79.55684, 43.6351], [-79.55683, 43.63519], [-79.55681, 43.63523], [-79.55671, 43.63545], [-79.55664, 43.63561], [-79.55652, 43.63589], [-79.55645, 43.63608], [-79.55641, 43.63623], [-79.55642, 43.6363], [-79.55642, 43.63641], [-79.55645, 43.63652], [-79.55648, 43.63664], [-79.55652, 43.63673], [-79.55671, 43.63693], [-79.55907, 43.63636], [-79.55919, 43.63633], [-79.55942, 43.63628], [-79.55959, 43.63624], [-79.55961, 43.63632], [-79.55965, 43.63642], [-79.55968, 43.63652], [-79.55971, 43.63661], [-79.55974, 43.63671], [-79.55977, 43.63681], [-79.5598, 43.63691], [-79.55983, 43.63701], [-79.55986, 43.63711], [-79.55989, 43.6372], [-79.55991, 43.6373], [-79.55994, 43.6374], [-79.55997, 43.6375], [-79.55998, 43.63756], [-79.55999, 43.6376], [-79.56004, 43.63776], [-79.56012, 43.63801], [-79.5602, 43.63821], [-79.56027, 43.63841], [-79.56035, 43.63862], [-79.56042, 43.63882], [-79.5605, 43.63903], [-79.56057, 43.63923], [-79.56064, 43.63944], [-79.56079, 43.63983], [-79.56114, 43.64072], [-79.56115, 43.64076], [-79.56174, 43.64221], [-79.56209, 43.64307], [-79.56224, 43.64345], [-79.56267, 43.64449], [-79.56313, 43.64552], [-79.56315, 43.64558], [-79.56356, 43.64647], [-79.56409, 43.64764], [-79.56416, 43.64781], [-79.56421, 43.6479], [-79.56442, 43.64832], [-79.56474, 43.64898], [-79.56526, 43.65002], [-79.56533, 43.65018], [-79.5654, 43.65034], [-79.56547, 43.6505], [-79.56554, 43.65065], [-79.56561, 43.65081], [-79.56569, 43.65096], [-79.56576, 43.65112], [-79.56584, 43.65128], [-79.56587, 43.65135], [-79.56591, 43.65144], [-79.56599, 43.65159], [-79.56607, 43.65175], [-79.56614, 43.6519], [-79.56622, 43.65205], [-79.56628, 43.6522], [-79.56645, 43.65253], [-79.56652, 43.65269], [-79.5666, 43.65284], [-79.56668, 43.653], [-79.56676, 43.65316], [-79.56684, 43.65331], [-79.56692, 43.65347], [-79.567, 43.65362], [-79.5671, 43.65383], [-79.5673, 43.65425], [-79.56705, 43.6543], [-79.56685, 43.65435], [-79.56456, 43.65489], [-79.56428, 43.65495], [-79.56423, 43.65496], [-79.56151, 43.6556], [-79.56065, 43.65581], [-79.55763, 43.65652], [-79.55699, 43.65667], [-79.55575, 43.65696], [-79.55561, 43.65698], [-79.55525, 43.65704], [-79.55385, 43.6574], [-79.55369, 43.65743], [-79.55231, 43.65772], [-79.55216, 43.65776], [-79.54955, 43.65839], [-79.54912, 43.65849], [-79.5486, 43.6586], [-79.54755, 43.65883], [-79.54655, 43.65908], [-79.54641, 43.65912], [-79.54555, 43.65932], [-79.54534, 43.65935], [-79.54431, 43.65958], [-79.54323, 43.65986], [-79.54292, 43.65913], [-79.54277, 43.65884], [-79.54232, 43.65786], [-79.54223, 43.65765], [-79.54178, 43.65658], [-79.54082, 43.65436]]]]}}, {"type": "Feature", "properties": {"AREA_NAME": "Bendale South", "buzzmaps_hoods": ["Scarborough"]}, "geometry": {"type": "MultiPolygon", "coordinates": [[[[-79.24315, 43.75578], [-79.243, 43.75564], [-79.24279, 43.75565], [-79.2425, 43.75574], [-79.24217, 43.75568], [-79.24186, 43.75555], [-79.24154, 43.7554], [-79.2412, 43.75529], [-79.24094, 43.75522], [-79.24066, 43.75523], [-79.24042, 43.75515], [-79.2402, 43.75512], [-79.24011, 43.75511], [-79.23987, 43.75496], [-79.23968, 43.75479], [-79.23942, 43.75471], [-79.23914, 43.75462], [-79.23884, 43.75447], [-79.23854, 43.75433], [-79.2383, 43.75416], [-79.23824, 43.75413], [-79.23819, 43.75394], [-79.23813, 43.75371], [-79.23802, 43.7535], [-79.23783, 43.75336], [-79.23759, 43.75339], [-79.23758, 43.75339], [-79.23772, 43.7533], [-79.23782, 43.75325], [-79.23795, 43.75315], [-79.23808, 43.75298], [-79.2382, 43.75282], [-79.23824, 43.75265], [-79.23812, 43.7525], [-79.23789, 43.7524], [-79.2377, 43.75231], [-79.23759, 43.7522], [-79.23762, 43.75209], [-79.23775, 43.75213], [-79.23791, 43.75212], [-79.23799, 43.75206], [-79.23808, 43.75194], [-79.23819, 43.75172], [-79.23821, 43.75169], [-79.23826, 43.75158], [-79.23818, 43.75143], [-79.23804, 43.7513], [-79.23803, 43.75118], [-79.23805, 43.75108], [-79.23814, 43.75098], [-79.23823, 43.75082], [-79.23829, 43.75063], [-79.23831, 43.7506], [-79.23833, 43.75049], [-79.23834, 43.7503], [-79.23835, 43.75007], [-79.23848, 43.7499], [-79.23856, 43.74974], [-79.23859, 43.74952], [-79.23855, 43.74926], [-79.23853, 43.74919], [-79.23852, 43.74897], [-79.23868, 43.74887], [-79.23889, 43.74889], [-79.23905, 43.74892], [-79.2392, 43.74887], [-79.23941, 43.74871], [-79.23956, 43.7485], [-79.23961, 43.74823], [-79.23969, 43.74789], [-79.23978, 43.74774], [-79.23983, 43.74765], [-79.23995, 43.74751], [-79.23994, 43.74746], [-79.24007, 43.74721], [-79.24011, 43.74696], [-79.24009, 43.74663], [-79.24012, 43.74639], [-79.24015, 43.74611], [-79.24023, 43.74595], [-79.2404, 43.74581], [-79.24046, 43.74579], [-79.24072, 43.7457], [-79.24098, 43.74557], [-79.24117, 43.74545], [-79.24135, 43.7453], [-79.24136, 43.74529], [-79.2414, 43.74526], [-79.24146, 43.74521], [-79.24151, 43.74515], [-79.24166, 43.74513], [-79.24181, 43.74515], [-79.24199, 43.7452], [-79.24212, 43.74523], [-79.2422, 43.74524], [-79.24246, 43.74534], [-79.24273, 43.74531], [-79.24303, 43.74526], [-79.24328, 43.74532], [-79.24339, 43.74535], [-79.24349, 43.74537], [-79.24362, 43.74538], [-79.24375, 43.74537], [-79.24407, 43.74534], [-79.24418, 43.7454], [-79.24421, 43.74551], [-79.24427, 43.74567], [-79.24446, 43.74575], [-79.2446, 43.74578], [-79.24484, 43.74578], [-79.24496, 43.74578], [-79.24508, 43.74578], [-79.24533, 43.74576], [-79.24563, 43.74571], [-79.24588, 43.74566], [-79.24605, 43.74562], [-79.24627, 43.74552], [-79.24648, 43.74543], [-79.2467, 43.74536], [-79.24687, 43.74527], [-79.24706, 43.74512], [-79.24719, 43.74499], [-79.24725, 43.74489], [-79.24734, 43.74475], [-79.2475, 43.74462], [-79.24757, 43.74459], [-79.24765, 43.74457], [-79.24777, 43.74458], [-79.24791, 43.74466], [-79.24805, 43.74473], [-79.24821, 43.74472], [-79.24839, 43.74463], [-79.24858, 43.74452], [-79.24873, 43.7444], [-79.24889, 43.74426], [-79.24901, 43.74415], [-79.24903, 43.74411], [-79.24912, 43.74403], [-79.24925, 43.74392], [-79.24927, 43.74389], [-79.24932, 43.74381], [-79.24937, 43.74377], [-79.24948, 43.74366], [-79.24961, 43.7435], [-79.24968, 43.74343], [-79.24973, 43.74338], [-79.24994, 43.74327], [-79.25013, 43.74323], [-79.25031, 43.7432], [-79.25055, 43.74314], [-79.25069, 43.74309], [-79.25076, 43.74306], [-79.251, 43.74299], [-79.25085, 43.74263], [-79.25064, 43.74217], [-79.25112, 43.74206], [-79.25138, 43.74202], [-79.25158, 43.74202], [-79.25222, 43.74194], [-79.25244, 43.7419], [-79.25273, 43.74186], [-79.25324, 43.74181], [-79.25428, 43.74171], [-79.25442, 43.7417], [-79.25452, 43.7417], [-79.25461, 43.74171], [-79.25484, 43.74175], [-79.25504, 43.74177], [-79.2552, 43.74178], [-79.25552, 43.74181], [-79.25566, 43.74209], [-79.25569, 43.74216], [-79.25574, 43.74222], [-79.2558, 43.74227], [-79.25586, 43.7423], [-79.25594, 43.74232], [-79.25599, 43.74234], [-79.25608, 43.74235], [-79.25615, 43.74235], [-79.25624, 43.74234], [-79.2563, 43.74233], [-79.25713, 43.74213], [-79.25741, 43.7421], [-79.25757, 43.74211], [-79.25771, 43.74211], [-79.25784, 43.74214], [-79.25794, 43.74215], [-79.25822, 43.74225], [-79.25858, 43.74238], [-79.25882, 43.74244], [-79.25911, 43.74251], [-79.2593, 43.74254], [-79.25979, 43.74262], [-79.26027, 43.74269], [-79.26044, 43.7427], [-79.26053, 43.74271], [-79.26067, 43.7427], [-79.2609, 43.74266], [-79.26147, 43.74254], [-79.26173, 43.74313], [-79.26287, 43.74289], [-79.26453, 43.74252], [-79.26595, 43.74221], [-79.26654, 43.74207], [-79.26666, 43.74204], [-79.26749, 43.74398], [-79.26752, 43.74406], [-79.26805, 43.74529], [-79.26806, 43.74533], [-79.26828, 43.74584], [-79.26544, 43.74766], [-79.264, 43.74858], [-79.26416, 43.749], [-79.26446, 43.74969], [-79.26469, 43.75029], [-79.26491, 43.751], [-79.26502, 43.75133], [-79.26505, 43.75152], [-79.26392, 43.75175], [-79.26246, 43.75207], [-79.26164, 43.75222], [-79.26014, 43.75254], [-79.25852, 43.75286], [-79.25808, 43.75297], [-79.25684, 43.7532], [-79.25664, 43.75324], [-79.25591, 43.75341], [-79.25537, 43.75353], [-79.25156, 43.75428], [-79.25093, 43.75442], [-79.25088, 43.75443], [-79.24849, 43.75492], [-79.24676, 43.75526], [-79.24542, 43.75555], [-79.24323, 43.756], [-79.24323, 43.756], [-79.24317, 43.75583], [-79.24315, 43.75578]]]]}}, {"type": "Feature", "properties": {"AREA_NAME": "Humewood-Cedarvale", "buzzmaps_hoods": ["St. Clair West"]}, "geometry": {"type": "MultiPolygon", "coordinates": [[[[-79.42073, 43.68914], [-79.4203, 43.68809], [-79.41996, 43.68721], [-79.41962, 43.68637], [-79.41941, 43.68589], [-79.41924, 43.68541], [-79.41854, 43.68376], [-79.41849, 43.68363], [-79.41909, 43.6835], [-79.41913, 43.6835], [-79.41973, 43.68337], [-79.42027, 43.68326], [-79.42072, 43.68316], [-79.42069, 43.68313], [-79.42153, 43.68296], [-79.42214, 43.68283], [-79.42274, 43.68271], [-79.42336, 43.68258], [-79.42343, 43.68273], [-79.42355, 43.68271], [-79.42355, 43.68272], [-79.42386, 43.68266], [-79.42466, 43.6825], [-79.42458, 43.68232], [-79.42471, 43.6823], [-79.42619, 43.68196], [-79.42629, 43.68219], [-79.4264, 43.68216], [-79.42634, 43.68202], [-79.42786, 43.68169], [-79.42903, 43.68145], [-79.42909, 43.6816], [-79.42956, 43.68275], [-79.42986, 43.68347], [-79.42989, 43.68355], [-79.42995, 43.68372], [-79.42994, 43.68381], [-79.42994, 43.68389], [-79.42995, 43.68395], [-79.43033, 43.68489], [-79.43058, 43.68552], [-79.43074, 43.68596], [-79.43095, 43.68648], [-79.43125, 43.68723], [-79.43127, 43.68732], [-79.4317, 43.68844], [-79.43184, 43.68881], [-79.43197, 43.68882], [-79.43218, 43.68882], [-79.43253, 43.68886], [-79.433, 43.68895], [-79.43335, 43.68905], [-79.43333, 43.68917], [-79.43333, 43.68932], [-79.43336, 43.68946], [-79.43341, 43.68961], [-79.43415, 43.69146], [-79.43423, 43.69164], [-79.43427, 43.69171], [-79.43433, 43.69178], [-79.43442, 43.69189], [-79.43453, 43.69204], [-79.43463, 43.69217], [-79.43469, 43.69227], [-79.43473, 43.69238], [-79.4348, 43.69255], [-79.43574, 43.69488], [-79.43598, 43.69551], [-79.43658, 43.69693], [-79.43699, 43.69802], [-79.43717, 43.69846], [-79.43719, 43.69851], [-79.43646, 43.69869], [-79.43602, 43.69877], [-79.43573, 43.69883], [-79.43503, 43.69899], [-79.4348, 43.69903], [-79.43383, 43.69923], [-79.43287, 43.69943], [-79.43278, 43.69946], [-79.4319, 43.69964], [-79.43104, 43.69983], [-79.43091, 43.69985], [-79.4299, 43.70006], [-79.42883, 43.7003], [-79.42777, 43.70053], [-79.42761, 43.70057], [-79.42669, 43.70076], [-79.42556, 43.70099], [-79.42541, 43.70062], [-79.42524, 43.70022], [-79.42477, 43.69902], [-79.42434, 43.69795], [-79.42405, 43.69727], [-79.42358, 43.69611], [-79.42333, 43.6955], [-79.42324, 43.69529], [-79.42275, 43.6941], [-79.42258, 43.69371], [-79.42233, 43.69306], [-79.42187, 43.69194], [-79.42169, 43.69151], [-79.4216, 43.69129], [-79.42139, 43.69078], [-79.42126, 43.69047], [-79.42123, 43.69039], [-79.42073, 43.68914]]]]}}, {"type": "Feature", "properties": {"AREA_NAME": "Yonge-Eglinton", "buzzmaps_hoods": ["Midtown"]}, "geometry": {"type": "MultiPolygon", "coordinates": [[[[-79.39611, 43.69567], [-79.39692, 43.69561], [-79.3972, 43.69565], [-79.39804, 43.69585], [-79.39896, 43.6961], [-79.40009, 43.69639], [-79.40127, 43.69673], [-79.40167, 43.69683], [-79.40228, 43.697], [-79.40258, 43.69707], [-79.40277, 43.69713], [-79.40296, 43.69715], [-79.40312, 43.69726], [-79.4032, 43.69727], [-79.40461, 43.69769], [-79.40547, 43.69796], [-79.40556, 43.69799], [-79.40588, 43.69818], [-79.40611, 43.69819], [-79.40617, 43.69822], [-79.40667, 43.6984], [-79.40778, 43.69879], [-79.40871, 43.69911], [-79.40914, 43.69926], [-79.40943, 43.69991], [-79.40937, 43.69997], [-79.40936, 43.70002], [-79.40937, 43.70008], [-79.4094, 43.70016], [-79.40986, 43.70132], [-79.41026, 43.70234], [-79.4108, 43.70369], [-79.41096, 43.70408], [-79.40962, 43.70436], [-79.40852, 43.7046], [-79.40857, 43.70469], [-79.40864, 43.70489], [-79.40872, 43.70504], [-79.40881, 43.70519], [-79.40891, 43.70528], [-79.40897, 43.70532], [-79.40903, 43.70536], [-79.40916, 43.70542], [-79.4093, 43.70548], [-79.40943, 43.70555], [-79.40954, 43.70563], [-79.40962, 43.70574], [-79.4097, 43.70583], [-79.40974, 43.70593], [-79.40976, 43.70601], [-79.40975, 43.70608], [-79.40997, 43.7069], [-79.41016, 43.70771], [-79.41021, 43.70795], [-79.41027, 43.70818], [-79.41036, 43.70838], [-79.41041, 43.70852], [-79.41044, 43.70857], [-79.41078, 43.70946], [-79.41113, 43.71033], [-79.41149, 43.71119], [-79.40929, 43.71164], [-79.40758, 43.71201], [-79.40594, 43.71238], [-79.40572, 43.71242], [-79.40375, 43.71284], [-79.40166, 43.71329], [-79.39984, 43.71365], [-79.39982, 43.71353], [-79.39972, 43.713], [-79.39956, 43.71229], [-79.39948, 43.71184], [-79.39932, 43.71108], [-79.39929, 43.71091], [-79.399, 43.70958], [-79.39887, 43.70909], [-79.39868, 43.70821], [-79.39863, 43.70799], [-79.39837, 43.70673], [-79.39824, 43.70614], [-79.39785, 43.70435], [-79.39783, 43.70415], [-79.39768, 43.7034], [-79.39767, 43.70329], [-79.39751, 43.70251], [-79.39734, 43.70179], [-79.39722, 43.70114], [-79.39716, 43.70085], [-79.39704, 43.7003], [-79.39695, 43.69979], [-79.39686, 43.69933], [-79.39664, 43.6983], [-79.39647, 43.69737], [-79.3962, 43.69613], [-79.39611, 43.69567]]]]}}, {"type": "Feature", "properties": {"AREA_NAME": "Mount Pleasant East", "buzzmaps_hoods": ["Midtown"]}, "geometry": {"type": "MultiPolygon", "coordinates": [[[[-79.38709, 43.7148], [-79.38664, 43.71363], [-79.38642, 43.71307], [-79.38637, 43.71308], [-79.38621, 43.71265], [-79.38631, 43.71262], [-79.38634, 43.7126], [-79.38618, 43.71214], [-79.38602, 43.71217], [-79.38571, 43.71135], [-79.38462, 43.71158], [-79.38448, 43.71161], [-79.38397, 43.7117], [-79.38382, 43.71169], [-79.38295, 43.71187], [-79.38198, 43.71208], [-79.38149, 43.71218], [-79.38151, 43.71222], [-79.38105, 43.71232], [-79.38006, 43.71251], [-79.37898, 43.71272], [-79.37892, 43.71276], [-79.37887, 43.71278], [-79.37821, 43.71293], [-79.37749, 43.71309], [-79.37739, 43.7124], [-79.37731, 43.71203], [-79.37716, 43.71104], [-79.3771, 43.71089], [-79.37705, 43.71066], [-79.37701, 43.7105], [-79.37695, 43.7103], [-79.37634, 43.7087], [-79.37601, 43.70781], [-79.37565, 43.70694], [-79.37494, 43.70511], [-79.37462, 43.70427], [-79.37413, 43.703], [-79.37379, 43.70206], [-79.37338, 43.70094], [-79.37314, 43.70036], [-79.37299, 43.69994], [-79.37285, 43.69956], [-79.3725, 43.69873], [-79.37194, 43.69728], [-79.37174, 43.69675], [-79.37204, 43.6967], [-79.37257, 43.69662], [-79.37262, 43.69661], [-79.37322, 43.6965], [-79.37382, 43.69637], [-79.37445, 43.69622], [-79.37635, 43.69583], [-79.37854, 43.69537], [-79.37885, 43.69531], [-79.37937, 43.6952], [-79.37972, 43.69512], [-79.37995, 43.69507], [-79.38008, 43.69503], [-79.38081, 43.6949], [-79.38102, 43.69486], [-79.38163, 43.69475], [-79.38181, 43.69471], [-79.38188, 43.69466], [-79.38485, 43.69403], [-79.38912, 43.6931], [-79.38892, 43.69263], [-79.38888, 43.69256], [-79.38907, 43.69252], [-79.38874, 43.69172], [-79.38953, 43.69155], [-79.38955, 43.69159], [-79.39016, 43.69146], [-79.39021, 43.69145], [-79.39079, 43.69133], [-79.39095, 43.69129], [-79.39166, 43.69114], [-79.3919, 43.69109], [-79.3923, 43.69101], [-79.39262, 43.69094], [-79.39278, 43.69132], [-79.39297, 43.69127], [-79.39299, 43.6913], [-79.39275, 43.69135], [-79.39288, 43.69167], [-79.39292, 43.69175], [-79.3928, 43.69177], [-79.3913, 43.69223], [-79.39154, 43.69286], [-79.39534, 43.6921], [-79.39538, 43.69227], [-79.39609, 43.69557], [-79.39611, 43.69567], [-79.39589, 43.69569], [-79.39579, 43.69569], [-79.39572, 43.6957], [-79.39557, 43.69572], [-79.39546, 43.69574], [-79.39528, 43.69578], [-79.39513, 43.69581], [-79.39502, 43.69584], [-79.39275, 43.69628], [-79.38953, 43.69699], [-79.38765, 43.6974], [-79.38701, 43.69747], [-79.38666, 43.6975], [-79.38646, 43.69752], [-79.38639, 43.69751], [-79.38623, 43.6975], [-79.38648, 43.69817], [-79.38653, 43.69833], [-79.38674, 43.6993], [-79.38683, 43.69984], [-79.38697, 43.70031], [-79.38703, 43.70051], [-79.3875, 43.70165], [-79.38783, 43.70247], [-79.38816, 43.70329], [-79.38857, 43.70429], [-79.38893, 43.70518], [-79.38929, 43.70608], [-79.3902, 43.70841], [-79.39066, 43.70962], [-79.39123, 43.71113], [-79.39146, 43.71171], [-79.39178, 43.71261], [-79.3922, 43.71379], [-79.39312, 43.7136], [-79.39551, 43.71311], [-79.39787, 43.71262], [-79.39859, 43.71247], [-79.39895, 43.71241], [-79.39937, 43.71233], [-79.39956, 43.71229], [-79.39972, 43.713], [-79.39982, 43.71353], [-79.39984, 43.71365], [-79.40004, 43.71457], [-79.40011, 43.71495], [-79.40023, 43.71546], [-79.40044, 43.71637], [-79.40048, 43.71661], [-79.39912, 43.71687], [-79.39877, 43.71694], [-79.39769, 43.71716], [-79.39416, 43.71789], [-79.38977, 43.71878], [-79.38844, 43.71905], [-79.38829, 43.71908], [-79.38826, 43.71895], [-79.38815, 43.7185], [-79.38788, 43.7175], [-79.38781, 43.71721], [-79.38759, 43.71637], [-79.38738, 43.7156], [-79.38735, 43.71546], [-79.38709, 43.7148]]]]}}, {"type": "Feature", "properties": {"AREA_NAME": "Rosedale-Moore Park", "buzzmaps_hoods": ["Yorkville"]}, "geometry": {"type": "MultiPolygon", "coordinates": [[[[-79.37729, 43.69355], [-79.37673, 43.69335], [-79.37639, 43.69339], [-79.37481, 43.69291], [-79.37445, 43.6928], [-79.3741, 43.69267], [-79.37378, 43.69254], [-79.37339, 43.69234], [-79.37082, 43.69094], [-79.37068, 43.6908], [-79.37063, 43.69074], [-79.37059, 43.69071], [-79.36999, 43.6905], [-79.3695, 43.69032], [-79.36915, 43.69018], [-79.3689, 43.69006], [-79.36858, 43.68989], [-79.36835, 43.68977], [-79.36821, 43.68968], [-79.36802, 43.68954], [-79.36787, 43.6894], [-79.36772, 43.68924], [-79.36763, 43.68912], [-79.36753, 43.68898], [-79.36747, 43.68888], [-79.36741, 43.68875], [-79.36737, 43.68864], [-79.36733, 43.6885], [-79.3673, 43.68835], [-79.36728, 43.68821], [-79.36728, 43.68808], [-79.36729, 43.68799], [-79.36755, 43.68656], [-79.36699, 43.68525], [-79.36691, 43.68509], [-79.36686, 43.68496], [-79.36647, 43.68406], [-79.36668, 43.68367], [-79.36749, 43.68217], [-79.36764, 43.68189], [-79.36785, 43.68149], [-79.36793, 43.68127], [-79.36795, 43.68118], [-79.36794, 43.68105], [-79.36793, 43.68093], [-79.36788, 43.68068], [-79.36771, 43.68015], [-79.3676, 43.67982], [-79.36752, 43.67958], [-79.36726, 43.67925], [-79.36719, 43.67917], [-79.36726, 43.67913], [-79.36677, 43.67851], [-79.36655, 43.67856], [-79.36444, 43.67902], [-79.36426, 43.67918], [-79.36426, 43.67919], [-79.36418, 43.6792], [-79.36405, 43.67909], [-79.36373, 43.6788], [-79.3636, 43.67843], [-79.3636, 43.67806], [-79.36384, 43.67779], [-79.36411, 43.67748], [-79.36444, 43.67723], [-79.36483, 43.67701], [-79.36496, 43.67673], [-79.36469, 43.67646], [-79.36433, 43.67623], [-79.36403, 43.67594], [-79.36376, 43.67565], [-79.36347, 43.6754], [-79.36339, 43.67532], [-79.36425, 43.67516], [-79.36432, 43.67515], [-79.36446, 43.67512], [-79.36474, 43.67507], [-79.36631, 43.67477], [-79.36674, 43.67467], [-79.36678, 43.67465], [-79.36688, 43.67462], [-79.367, 43.67458], [-79.36709, 43.67453], [-79.36719, 43.67448], [-79.36727, 43.67443], [-79.36737, 43.67437], [-79.3682, 43.67378], [-79.36883, 43.67333], [-79.36992, 43.67258], [-79.36998, 43.67253], [-79.3707, 43.67201], [-79.37073, 43.672], [-79.37076, 43.67199], [-79.3708, 43.67197], [-79.37083, 43.67196], [-79.37087, 43.67196], [-79.3709, 43.67195], [-79.37094, 43.67194], [-79.37097, 43.67193], [-79.37101, 43.67192], [-79.37105, 43.67192], [-79.37108, 43.67192], [-79.37112, 43.67191], [-79.37116, 43.6719], [-79.37119, 43.6719], [-79.37123, 43.67189], [-79.37127, 43.67189], [-79.37131, 43.67189], [-79.37134, 43.67189], [-79.37138, 43.67189], [-79.37142, 43.67189], [-79.37146, 43.67189], [-79.37318, 43.67215], [-79.37361, 43.67221], [-79.37485, 43.67233], [-79.37589, 43.67247], [-79.37595, 43.67247], [-79.37605, 43.67248], [-79.37616, 43.67248], [-79.37632, 43.67247], [-79.37646, 43.67245], [-79.37685, 43.67236], [-79.37907, 43.67192], [-79.37942, 43.67184], [-79.37947, 43.67183], [-79.38057, 43.67161], [-79.38238, 43.67122], [-79.38316, 43.67105], [-79.38421, 43.6708], [-79.38572, 43.67046], [-79.38605, 43.67039], [-79.38679, 43.67023], [-79.38716, 43.67112], [-79.38722, 43.6713], [-79.3875, 43.67192], [-79.38758, 43.67216], [-79.38781, 43.6727], [-79.38787, 43.67287], [-79.3887, 43.67488], [-79.38887, 43.6753], [-79.38893, 43.67544], [-79.38899, 43.67559], [-79.3891, 43.67587], [-79.38924, 43.67624], [-79.38928, 43.67634], [-79.38949, 43.67687], [-79.38953, 43.67696], [-79.38957, 43.67704], [-79.38959, 43.6771], [-79.3897, 43.67738], [-79.3899, 43.67785], [-79.39004, 43.67821], [-79.39043, 43.67915], [-79.39073, 43.6799], [-79.39099, 43.68056], [-79.39119, 43.68108], [-79.39134, 43.68143], [-79.39156, 43.68197], [-79.39163, 43.68215], [-79.39194, 43.68287], [-79.39203, 43.6831], [-79.39238, 43.68394], [-79.39285, 43.68503], [-79.39319, 43.68588], [-79.39333, 43.68623], [-79.39371, 43.68713], [-79.39414, 43.68808], [-79.39457, 43.68913], [-79.3946, 43.68922], [-79.39482, 43.68974], [-79.39489, 43.69], [-79.39494, 43.6902], [-79.39506, 43.69078], [-79.39517, 43.69126], [-79.39534, 43.6921], [-79.39154, 43.69286], [-79.3913, 43.69223], [-79.3928, 43.69177], [-79.39292, 43.69175], [-79.39288, 43.69167], [-79.39275, 43.69135], [-79.39299, 43.6913], [-79.39297, 43.69127], [-79.39278, 43.69132], [-79.39262, 43.69094], [-79.3923, 43.69101], [-79.3919, 43.69109], [-79.39166, 43.69114], [-79.39095, 43.69129], [-79.39079, 43.69133], [-79.39021, 43.69145], [-79.39016, 43.69146], [-79.38955, 43.69159], [-79.38953, 43.69155], [-79.38874, 43.69172], [-79.38907, 43.69252], [-79.38888, 43.69256], [-79.38892, 43.69263], [-79.38912, 43.6931], [-79.38485, 43.69403], [-79.38188, 43.69466], [-79.38181, 43.69471], [-79.38163, 43.69475], [-79.38102, 43.69486], [-79.38081, 43.6949], [-79.38008, 43.69503], [-79.37996, 43.69473], [-79.37759, 43.69367], [-79.37754, 43.69365], [-79.37749, 43.69363], [-79.37729, 43.69355]]]]}}, {"type": "Feature", "properties": {"AREA_NAME": "Annex", "buzzmaps_hoods": ["The Annex"]}, "geometry": {"type": "MultiPolygon", "coordinates": [[[[-79.41722, 43.66383], [-79.41842, 43.66358], [-79.41857, 43.66395], [-79.41879, 43.66444], [-79.41947, 43.66617], [-79.41962, 43.66657], [-79.41975, 43.66691], [-79.41976, 43.66693], [-79.41993, 43.66739], [-79.4202, 43.66812], [-79.42029, 43.66834], [-79.42064, 43.66925], [-79.42093, 43.67001], [-79.42109, 43.67042], [-79.42123, 43.67078], [-79.42154, 43.67162], [-79.42185, 43.67242], [-79.42182, 43.67242], [-79.41963, 43.67288], [-79.41711, 43.6734], [-79.41675, 43.67347], [-79.41469, 43.67391], [-79.41467, 43.67391], [-79.41372, 43.67411], [-79.41219, 43.67443], [-79.41136, 43.6746], [-79.40785, 43.67532], [-79.40733, 43.67543], [-79.40497, 43.67592], [-79.40314, 43.6763], [-79.40303, 43.67633], [-79.40292, 43.67635], [-79.40288, 43.67635], [-79.4028, 43.67637], [-79.40269, 43.6764], [-79.40258, 43.67642], [-79.40247, 43.67645], [-79.40235, 43.67647], [-79.40224, 43.6765], [-79.40213, 43.67652], [-79.40202, 43.67656], [-79.40191, 43.67658], [-79.4018, 43.67661], [-79.40169, 43.67664], [-79.40158, 43.67667], [-79.40147, 43.6767], [-79.40136, 43.67673], [-79.40125, 43.67676], [-79.40114, 43.67679], [-79.40103, 43.67683], [-79.40094, 43.67685], [-79.40084, 43.67688], [-79.40075, 43.67691], [-79.40065, 43.67694], [-79.40056, 43.67696], [-79.40047, 43.67699], [-79.40038, 43.67702], [-79.40028, 43.67705], [-79.40019, 43.67708], [-79.4001, 43.67712], [-79.40001, 43.67715], [-79.39992, 43.67718], [-79.39983, 43.67721], [-79.39974, 43.67724], [-79.39965, 43.67728], [-79.39956, 43.67731], [-79.39947, 43.67735], [-79.39938, 43.67738], [-79.39929, 43.67742], [-79.3992, 43.67746], [-79.39911, 43.67749], [-79.399, 43.67754], [-79.39889, 43.67758], [-79.39878, 43.67763], [-79.39866, 43.67767], [-79.39855, 43.67772], [-79.39844, 43.67777], [-79.39833, 43.67782], [-79.39822, 43.67787], [-79.39811, 43.67792], [-79.398, 43.67796], [-79.39793, 43.67799], [-79.39789, 43.67801], [-79.39778, 43.67807], [-79.39767, 43.67812], [-79.39756, 43.67817], [-79.39746, 43.67823], [-79.39735, 43.67827], [-79.39581, 43.67898], [-79.39322, 43.68017], [-79.39141, 43.68097], [-79.39119, 43.68108], [-79.39099, 43.68056], [-79.39073, 43.6799], [-79.39043, 43.67915], [-79.39004, 43.67821], [-79.3899, 43.67785], [-79.3897, 43.67738], [-79.38959, 43.6771], [-79.38957, 43.67704], [-79.38953, 43.67696], [-79.38949, 43.67687], [-79.38928, 43.67634], [-79.38924, 43.67624], [-79.3891, 43.67587], [-79.38899, 43.67559], [-79.38893, 43.67544], [-79.38887, 43.6753], [-79.3887, 43.67488], [-79.38787, 43.67287], [-79.38781, 43.6727], [-79.38758, 43.67216], [-79.3875, 43.67192], [-79.38722, 43.6713], [-79.38716, 43.67112], [-79.38679, 43.67023], [-79.38741, 43.6701], [-79.38802, 43.66997], [-79.38951, 43.66967], [-79.39059, 43.66945], [-79.39103, 43.66936], [-79.39414, 43.66872], [-79.39588, 43.66833], [-79.39738, 43.66803], [-79.39836, 43.66783], [-79.39984, 43.66752], [-79.40154, 43.66716], [-79.40271, 43.66691], [-79.40387, 43.66666], [-79.40452, 43.66652], [-79.40535, 43.66636], [-79.40627, 43.66616], [-79.40667, 43.66608], [-79.40747, 43.66591], [-79.40868, 43.66568], [-79.40932, 43.66553], [-79.40999, 43.66539], [-79.41059, 43.66525], [-79.41121, 43.66512], [-79.41181, 43.665], [-79.41184, 43.665], [-79.41244, 43.66489], [-79.41365, 43.66462], [-79.41486, 43.66434], [-79.41599, 43.66409], [-79.41611, 43.66407], [-79.41722, 43.66383]]]]}}, {"type": "Feature", "properties": {"AREA_NAME": "Wychwood", "buzzmaps_hoods": ["Koreatown", "St. Clair West"]}, "geometry": {"type": "MultiPolygon", "coordinates": [[[[-79.41812, 43.68271], [-79.41781, 43.68193], [-79.4177, 43.68163], [-79.41767, 43.68157], [-79.41748, 43.68105], [-79.41709, 43.6801], [-79.41698, 43.67982], [-79.41676, 43.67925], [-79.41658, 43.67878], [-79.41644, 43.67833], [-79.41579, 43.67673], [-79.41553, 43.67607], [-79.41485, 43.67434], [-79.41478, 43.67415], [-79.41469, 43.67391], [-79.41675, 43.67347], [-79.41711, 43.6734], [-79.41963, 43.67288], [-79.42182, 43.67242], [-79.42185, 43.67242], [-79.42293, 43.67221], [-79.42697, 43.67144], [-79.4294, 43.67097], [-79.43295, 43.67029], [-79.43301, 43.67027], [-79.43309, 43.67049], [-79.43318, 43.67071], [-79.43334, 43.67111], [-79.43448, 43.67388], [-79.43465, 43.67429], [-79.43378, 43.67441], [-79.43393, 43.67475], [-79.43404, 43.67504], [-79.4341, 43.67517], [-79.43451, 43.67618], [-79.43483, 43.67693], [-79.43527, 43.67799], [-79.43555, 43.67868], [-79.43573, 43.6791], [-79.43591, 43.67955], [-79.43569, 43.67959], [-79.43586, 43.68002], [-79.43592, 43.68015], [-79.43492, 43.68037], [-79.43395, 43.68058], [-79.43388, 43.68059], [-79.43282, 43.68081], [-79.4327, 43.6808], [-79.43253, 43.68083], [-79.43246, 43.68086], [-79.43241, 43.6809], [-79.43095, 43.68121], [-79.42987, 43.68143], [-79.42909, 43.6816], [-79.42903, 43.68145], [-79.42786, 43.68169], [-79.42634, 43.68202], [-79.4264, 43.68216], [-79.42629, 43.68219], [-79.42619, 43.68196], [-79.42471, 43.6823], [-79.42458, 43.68232], [-79.42466, 43.6825], [-79.42386, 43.68266], [-79.42355, 43.68272], [-79.42355, 43.68271], [-79.42343, 43.68273], [-79.42336, 43.68258], [-79.42274, 43.68271], [-79.42214, 43.68283], [-79.42153, 43.68296], [-79.42069, 43.68313], [-79.42072, 43.68316], [-79.42027, 43.68326], [-79.41973, 43.68337], [-79.41913, 43.6835], [-79.41849, 43.68363], [-79.41843, 43.6835], [-79.4183, 43.68317], [-79.41827, 43.6831], [-79.41812, 43.68271]]]]}}, {"type": "Feature", "properties": {"AREA_NAME": "Corso Italia-Davenport", "buzzmaps_hoods": ["Corso Italia"]}, "geometry": {"type": "MultiPolygon", "coordinates": [[[[-79.44356, 43.68145], [-79.44245, 43.67876], [-79.44218, 43.67881], [-79.44105, 43.67905], [-79.43996, 43.67928], [-79.43886, 43.67952], [-79.43778, 43.67976], [-79.43681, 43.67996], [-79.43592, 43.68015], [-79.43586, 43.68002], [-79.43569, 43.67959], [-79.43591, 43.67955], [-79.43573, 43.6791], [-79.43555, 43.67868], [-79.43527, 43.67799], [-79.43483, 43.67693], [-79.43451, 43.67618], [-79.4341, 43.67517], [-79.43404, 43.67504], [-79.43393, 43.67475], [-79.43378, 43.67441], [-79.43465, 43.67429], [-79.43593, 43.67414], [-79.43714, 43.67397], [-79.43733, 43.67396], [-79.43747, 43.67394], [-79.43765, 43.67391], [-79.43809, 43.67379], [-79.43835, 43.67371], [-79.4384, 43.67369], [-79.43953, 43.67332], [-79.43981, 43.67326], [-79.441, 43.67299], [-79.44186, 43.67279], [-79.44211, 43.67273], [-79.44262, 43.67262], [-79.44377, 43.67238], [-79.44455, 43.67221], [-79.44475, 43.67217], [-79.4451, 43.67209], [-79.44562, 43.67201], [-79.44605, 43.67194], [-79.44723, 43.67173], [-79.44749, 43.6717], [-79.4483, 43.67156], [-79.44942, 43.67137], [-79.44947, 43.67137], [-79.4511, 43.6711], [-79.45138, 43.67104], [-79.45178, 43.67155], [-79.45183, 43.6716], [-79.45187, 43.67165], [-79.45191, 43.67171], [-79.45195, 43.67175], [-79.45199, 43.6718], [-79.45204, 43.67186], [-79.45208, 43.67191], [-79.45213, 43.67196], [-79.45217, 43.672], [-79.45222, 43.67205], [-79.45227, 43.6721], [-79.45232, 43.67214], [-79.45236, 43.67219], [-79.45241, 43.67224], [-79.45246, 43.67228], [-79.45251, 43.67233], [-79.45257, 43.67238], [-79.45262, 43.67242], [-79.45267, 43.67247], [-79.45272, 43.67251], [-79.45278, 43.67256], [-79.45283, 43.6726], [-79.45288, 43.67264], [-79.45294, 43.67269], [-79.453, 43.67273], [-79.45305, 43.67277], [-79.45311, 43.67282], [-79.45317, 43.67286], [-79.45323, 43.6729], [-79.45328, 43.67294], [-79.45334, 43.67298], [-79.4534, 43.67302], [-79.45346, 43.67306], [-79.45353, 43.6731], [-79.45362, 43.67315], [-79.45372, 43.67321], [-79.45381, 43.67327], [-79.4539, 43.67332], [-79.45399, 43.67338], [-79.45409, 43.67344], [-79.45418, 43.6735], [-79.45427, 43.67356], [-79.45436, 43.67362], [-79.45445, 43.67368], [-79.45454, 43.67374], [-79.45463, 43.67381], [-79.45471, 43.67387], [-79.45477, 43.67391], [-79.45482, 43.67395], [-79.45487, 43.67399], [-79.45492, 43.67403], [-79.45497, 43.67406], [-79.45502, 43.67411], [-79.45507, 43.67415], [-79.45512, 43.67419], [-79.45517, 43.67423], [-79.45522, 43.67427], [-79.45527, 43.67432], [-79.45531, 43.67436], [-79.45536, 43.6744], [-79.4554, 43.67445], [-79.45545, 43.67449], [-79.45549, 43.67453], [-79.45553, 43.67458], [-79.45558, 43.67462], [-79.45562, 43.67467], [-79.45566, 43.67472], [-79.4557, 43.67476], [-79.45574, 43.67481], [-79.45578, 43.67485], [-79.45582, 43.6749], [-79.45585, 43.67495], [-79.45589, 43.67499], [-79.45597, 43.6751], [-79.456, 43.67514], [-79.45604, 43.6752], [-79.45608, 43.67526], [-79.45613, 43.67531], [-79.45617, 43.67537], [-79.45621, 43.67543], [-79.45625, 43.67549], [-79.45629, 43.67555], [-79.45633, 43.67561], [-79.45637, 43.67567], [-79.45641, 43.67572], [-79.45644, 43.67579], [-79.45648, 43.67585], [-79.4565, 43.67588], [-79.4566, 43.67586], [-79.45707, 43.67665], [-79.45723, 43.67701], [-79.45796, 43.67802], [-79.45879, 43.67927], [-79.45951, 43.68038], [-79.46026, 43.68153], [-79.46021, 43.68156], [-79.45949, 43.68172], [-79.45893, 43.68184], [-79.4583, 43.68198], [-79.45763, 43.68212], [-79.45693, 43.68227], [-79.45635, 43.6824], [-79.45574, 43.68254], [-79.45318, 43.68309], [-79.4526, 43.68322], [-79.4514, 43.68348], [-79.4502, 43.68374], [-79.449, 43.684], [-79.44837, 43.68414], [-79.44783, 43.68426], [-79.4473, 43.68437], [-79.44679, 43.68448], [-79.44628, 43.6846], [-79.44577, 43.68471], [-79.44495, 43.68489], [-79.44443, 43.68361], [-79.44356, 43.68145]]]]}}, {"type": "Feature", "properties": {"AREA_NAME": "Junction Area", "buzzmaps_hoods": ["The Junction"]}, "geometry": {"type": "MultiPolygon", "coordinates": [[[[-79.47383, 43.67938], [-79.47345, 43.67901], [-79.47264, 43.67921], [-79.47242, 43.67922], [-79.47215, 43.67902], [-79.47173, 43.67869], [-79.47134, 43.67838], [-79.47097, 43.67809], [-79.47058, 43.67777], [-79.47022, 43.67746], [-79.4698, 43.67712], [-79.46952, 43.67687], [-79.46944, 43.6768], [-79.46908, 43.67648], [-79.46878, 43.67621], [-79.46871, 43.67614], [-79.46829, 43.6757], [-79.46614, 43.67343], [-79.46568, 43.67295], [-79.46449, 43.67175], [-79.46175, 43.66896], [-79.46092, 43.66811], [-79.46005, 43.66723], [-79.45932, 43.66648], [-79.45782, 43.66496], [-79.45728, 43.66441], [-79.45602, 43.66313], [-79.45643, 43.66305], [-79.45823, 43.66266], [-79.45883, 43.66253], [-79.45938, 43.66242], [-79.45993, 43.6623], [-79.4605, 43.66218], [-79.46107, 43.66205], [-79.46173, 43.66189], [-79.4624, 43.66176], [-79.46296, 43.66166], [-79.46345, 43.66154], [-79.46402, 43.66141], [-79.46507, 43.66117], [-79.46594, 43.66099], [-79.46663, 43.66086], [-79.46733, 43.6607], [-79.46824, 43.66049], [-79.46928, 43.66026], [-79.46944, 43.66038], [-79.47002, 43.66083], [-79.47009, 43.66089], [-79.47015, 43.66093], [-79.4702, 43.661], [-79.47023, 43.66111], [-79.47082, 43.66254], [-79.47173, 43.66235], [-79.47225, 43.66224], [-79.4732, 43.66205], [-79.47339, 43.66201], [-79.47347, 43.66197], [-79.47363, 43.66191], [-79.47373, 43.66185], [-79.47382, 43.6618], [-79.47413, 43.66161], [-79.47428, 43.66151], [-79.47447, 43.6614], [-79.47464, 43.6613], [-79.47479, 43.66123], [-79.47496, 43.66119], [-79.47503, 43.66117], [-79.47522, 43.66112], [-79.47656, 43.66083], [-79.47767, 43.66055], [-79.4788, 43.66034], [-79.48002, 43.66006], [-79.48013, 43.66045], [-79.48025, 43.66041], [-79.48026, 43.66045], [-79.48026, 43.66045], [-79.48055, 43.66038], [-79.48081, 43.66033], [-79.48105, 43.66105], [-79.48122, 43.66161], [-79.48133, 43.66189], [-79.48186, 43.66319], [-79.48188, 43.66324], [-79.48189, 43.66327], [-79.48206, 43.66367], [-79.48224, 43.66412], [-79.48227, 43.66412], [-79.48267, 43.6651], [-79.4823, 43.66519], [-79.48242, 43.66548], [-79.48223, 43.66549], [-79.48227, 43.66558], [-79.48211, 43.66558], [-79.48227, 43.66598], [-79.48242, 43.66633], [-79.48263, 43.66683], [-79.48272, 43.66704], [-79.48276, 43.66714], [-79.48283, 43.66732], [-79.48288, 43.66743], [-79.48309, 43.66793], [-79.48333, 43.66847], [-79.48356, 43.66899], [-79.48394, 43.66991], [-79.48338, 43.67004], [-79.48238, 43.67026], [-79.48172, 43.67041], [-79.4812, 43.67052], [-79.48032, 43.67071], [-79.48008, 43.67077], [-79.48026, 43.67123], [-79.4804, 43.67157], [-79.48078, 43.67251], [-79.47857, 43.673], [-79.47884, 43.67364], [-79.47858, 43.67371], [-79.47824, 43.67379], [-79.47837, 43.67408], [-79.47504, 43.67479], [-79.47419, 43.67498], [-79.4735, 43.6752], [-79.47377, 43.67555], [-79.47386, 43.67565], [-79.47388, 43.67568], [-79.47366, 43.67629], [-79.47362, 43.67655], [-79.47366, 43.67665], [-79.47371, 43.67673], [-79.47471, 43.6775], [-79.47583, 43.67837], [-79.47584, 43.67848], [-79.476, 43.67887], [-79.47442, 43.67924], [-79.47383, 43.67938]]]]}}, {"type": "Feature", "properties": {"AREA_NAME": "Clairlea-Birchmount", "buzzmaps_hoods": ["Scarborough"]}, "geometry": {"type": "MultiPolygon", "coordinates": [[[[-79.27603, 43.72536], [-79.27533, 43.72372], [-79.2751, 43.72318], [-79.27494, 43.72281], [-79.27485, 43.7226], [-79.27451, 43.72183], [-79.27414, 43.72097], [-79.27375, 43.72009], [-79.27311, 43.71858], [-79.27267, 43.71757], [-79.27232, 43.71676], [-79.27182, 43.7156], [-79.27145, 43.71482], [-79.27126, 43.71441], [-79.27124, 43.71436], [-79.27112, 43.71416], [-79.26894, 43.71471], [-79.26674, 43.71526], [-79.26572, 43.71552], [-79.26472, 43.71579], [-79.26369, 43.716], [-79.26267, 43.71623], [-79.26133, 43.71653], [-79.25992, 43.71685], [-79.25937, 43.71697], [-79.25578, 43.71777], [-79.25478, 43.71798], [-79.25447, 43.71805], [-79.25433, 43.71808], [-79.25428, 43.71809], [-79.25539, 43.71642], [-79.25653, 43.71473], [-79.25653, 43.71472], [-79.25658, 43.71466], [-79.25746, 43.71337], [-79.25761, 43.71314], [-79.25892, 43.71112], [-79.25916, 43.71075], [-79.26254, 43.70568], [-79.26268, 43.70546], [-79.26563, 43.70099], [-79.26577, 43.70081], [-79.26583, 43.70071], [-79.26593, 43.70056], [-79.26626, 43.70005], [-79.26674, 43.69931], [-79.26738, 43.69845], [-79.26842, 43.69722], [-79.2691, 43.69654], [-79.26986, 43.69584], [-79.26946, 43.69627], [-79.26891, 43.69691], [-79.26845, 43.69753], [-79.26801, 43.69812], [-79.26767, 43.69859], [-79.26764, 43.69871], [-79.26759, 43.69888], [-79.26757, 43.69901], [-79.26755, 43.69919], [-79.26759, 43.69936], [-79.26761, 43.69946], [-79.26765, 43.69959], [-79.2677, 43.69971], [-79.2678, 43.69983], [-79.26787, 43.69992], [-79.26797, 43.70001], [-79.26808, 43.7001], [-79.26823, 43.70021], [-79.26831, 43.70031], [-79.26847, 43.70044], [-79.26862, 43.70058], [-79.26876, 43.70072], [-79.26908, 43.70092], [-79.26969, 43.70146], [-79.26972, 43.70149], [-79.26975, 43.70152], [-79.26978, 43.70155], [-79.26981, 43.70158], [-79.26984, 43.70161], [-79.26985, 43.70162], [-79.27083, 43.70139], [-79.27202, 43.70112], [-79.27301, 43.7009], [-79.27309, 43.70085], [-79.27314, 43.70084], [-79.27319, 43.70083], [-79.27331, 43.7008], [-79.27429, 43.70058], [-79.27429, 43.70058], [-79.27433, 43.70057], [-79.27465, 43.70051], [-79.27498, 43.70044], [-79.27502, 43.70044], [-79.27505, 43.70044], [-79.27609, 43.7002], [-79.27646, 43.70113], [-79.27653, 43.7013], [-79.27687, 43.70211], [-79.27699, 43.7024], [-79.2773, 43.7031], [-79.27751, 43.70367], [-79.27791, 43.70462], [-79.27807, 43.70499], [-79.27839, 43.70577], [-79.27892, 43.70702], [-79.2793, 43.70789], [-79.27953, 43.70843], [-79.27973, 43.70891], [-79.28032, 43.71035], [-79.28073, 43.7114], [-79.281, 43.71205], [-79.28172, 43.71188], [-79.28246, 43.71172], [-79.28234, 43.71154], [-79.28223, 43.71135], [-79.28215, 43.71117], [-79.28201, 43.71099], [-79.28188, 43.71089], [-79.28167, 43.71085], [-79.28145, 43.71083], [-79.2812, 43.71083], [-79.28102, 43.71077], [-79.28097, 43.71063], [-79.28102, 43.71048], [-79.28114, 43.71028], [-79.28125, 43.7101], [-79.28129, 43.70993], [-79.28118, 43.70973], [-79.28109, 43.70956], [-79.28101, 43.70934], [-79.28094, 43.70916], [-79.28097, 43.70891], [-79.28102, 43.70871], [-79.28104, 43.70849], [-79.28112, 43.70832], [-79.28126, 43.70818], [-79.28126, 43.70798], [-79.28119, 43.70772], [-79.28109, 43.70752], [-79.28101, 43.70738], [-79.28098, 43.70724], [-79.28096, 43.70711], [-79.28096, 43.70696], [-79.28104, 43.7068], [-79.28119, 43.70664], [-79.28137, 43.70649], [-79.28154, 43.70636], [-79.28179, 43.70622], [-79.28198, 43.70618], [-79.28216, 43.70617], [-79.28231, 43.70616], [-79.28236, 43.70617], [-79.28242, 43.70616], [-79.28253, 43.70612], [-79.28259, 43.70604], [-79.28255, 43.70591], [-79.28239, 43.70577], [-79.28226, 43.70564], [-79.28222, 43.7055], [-79.28225, 43.7053], [-79.28236, 43.70512], [-79.28244, 43.70491], [-79.2825, 43.70471], [-79.28248, 43.70449], [-79.28248, 43.7044], [-79.28251, 43.70424], [-79.28253, 43.70413], [-79.28254, 43.7041], [-79.28254, 43.70393], [-79.28257, 43.70381], [-79.28267, 43.70373], [-79.28281, 43.70366], [-79.28294, 43.7036], [-79.283, 43.70354], [-79.28306, 43.70347], [-79.28316, 43.70337], [-79.28321, 43.70322], [-79.28321, 43.7031], [-79.2832, 43.70306], [-79.28316, 43.70297], [-79.28312, 43.7029], [-79.28304, 43.70282], [-79.28296, 43.70275], [-79.28289, 43.7027], [-79.28276, 43.70263], [-79.28261, 43.70257], [-79.28251, 43.70254], [-79.28245, 43.70253], [-79.28228, 43.7025], [-79.28222, 43.70251], [-79.28214, 43.70248], [-79.28206, 43.70244], [-79.282, 43.70241], [-79.28196, 43.70239], [-79.28193, 43.70232], [-79.28192, 43.70228], [-79.28191, 43.70222], [-79.28202, 43.70205], [-79.28209, 43.70188], [-79.28219, 43.70171], [-79.28231, 43.70153], [-79.28237, 43.70133], [-79.28237, 43.70115], [-79.28233, 43.70097], [-79.28227, 43.70075], [-79.28218, 43.70048], [-79.28208, 43.70025], [-79.28205, 43.70015], [-79.28196, 43.69997], [-79.28194, 43.6999], [-79.28187, 43.69967], [-79.28186, 43.69963], [-79.2819, 43.69951], [-79.28201, 43.69947], [-79.28225, 43.69937], [-79.28235, 43.69934], [-79.28267, 43.69923], [-79.28288, 43.69916], [-79.28315, 43.69913], [-79.28348, 43.69908], [-79.2837, 43.69905], [-79.28395, 43.69897], [-79.28414, 43.6989], [-79.28437, 43.69884], [-79.28453, 43.69883], [-79.28481, 43.6988], [-79.28508, 43.69872], [-79.28528, 43.69858], [-79.28545, 43.69852], [-79.28566, 43.69845], [-79.286, 43.69839], [-79.28613, 43.69837], [-79.28619, 43.69835], [-79.28635, 43.69829], [-79.28652, 43.69823], [-79.28665, 43.69825], [-79.28678, 43.69826], [-79.28697, 43.69829], [-79.2872, 43.69828], [-79.28738, 43.69829], [-79.28747, 43.69833], [-79.28766, 43.69841], [-79.28781, 43.69853], [-79.28796, 43.69858], [-79.2882, 43.69854], [-79.28841, 43.69855], [-79.28864, 43.69857], [-79.28886, 43.6985], [-79.28913, 43.69841], [-79.28935, 43.69832], [-79.28954, 43.69822], [-79.28978, 43.69805], [-79.28995, 43.69793], [-79.2901, 43.6978], [-79.29027, 43.69775], [-79.29049, 43.69769], [-79.29058, 43.69768], [-79.29079, 43.69767], [-79.29096, 43.69766], [-79.29116, 43.69807], [-79.29129, 43.69835], [-79.29148, 43.69871], [-79.29171, 43.69911], [-79.29191, 43.69948], [-79.29208, 43.69981], [-79.29222, 43.70011], [-79.29232, 43.70034], [-79.29244, 43.70061], [-79.29279, 43.70142], [-79.29286, 43.70159], [-79.29314, 43.70222], [-79.29348, 43.70302], [-79.29367, 43.70347], [-79.29382, 43.70382], [-79.29422, 43.70471], [-79.29449, 43.70536], [-79.29475, 43.70594], [-79.29509, 43.70675], [-79.29528, 43.70722], [-79.29572, 43.70819], [-79.29599, 43.70878], [-79.29619, 43.70928], [-79.29637, 43.70971], [-79.29645, 43.70992], [-79.29676, 43.71069], [-79.29682, 43.71084], [-79.29708, 43.71146], [-79.2974, 43.71223], [-79.29771, 43.71296], [-79.29778, 43.71312], [-79.29806, 43.71378], [-79.29837, 43.71451], [-79.29864, 43.71515], [-79.29866, 43.7152], [-79.29896, 43.7159], [-79.29916, 43.71637], [-79.29929, 43.71667], [-79.29979, 43.71786], [-79.30018, 43.71877], [-79.30056, 43.71971], [-79.30059, 43.71979], [-79.30102, 43.7208], [-79.30166, 43.72227], [-79.3021, 43.72338], [-79.30265, 43.72472], [-79.3023, 43.72471], [-79.30199, 43.72474], [-79.30141, 43.72482], [-79.30125, 43.72484], [-79.30054, 43.72497], [-79.30035, 43.725], [-79.30029, 43.72502], [-79.29953, 43.72518], [-79.29941, 43.7252], [-79.29812, 43.72551], [-79.29752, 43.72565], [-79.29743, 43.72567], [-79.29432, 43.72636], [-79.29423, 43.72638], [-79.29146, 43.727], [-79.28994, 43.72734], [-79.28762, 43.72785], [-79.28615, 43.72818], [-79.28483, 43.72847], [-79.28287, 43.72891], [-79.28124, 43.72926], [-79.28073, 43.72936], [-79.27923, 43.72969], [-79.27786, 43.72996], [-79.27781, 43.72973], [-79.27772, 43.72938], [-79.27761, 43.729], [-79.27745, 43.7286], [-79.27705, 43.72773], [-79.27673, 43.72698], [-79.27603, 43.72536]]]]}}, {"type": "Feature", "properties": {"AREA_NAME": "Palmerston-Little Italy", "buzzmaps_hoods": ["Little Italy", "Koreatown"]}, "geometry": {"type": "MultiPolygon", "coordinates": [[[[-79.41262, 43.65546], [-79.41388, 43.65521], [-79.41506, 43.65497], [-79.41518, 43.65495], [-79.41529, 43.65494], [-79.41544, 43.65493], [-79.41556, 43.65494], [-79.41561, 43.65495], [-79.41673, 43.65512], [-79.41708, 43.65517], [-79.41791, 43.65525], [-79.41802, 43.65525], [-79.41809, 43.65526], [-79.41818, 43.65525], [-79.41825, 43.65525], [-79.41833, 43.65525], [-79.41859, 43.65523], [-79.41877, 43.6552], [-79.41887, 43.65519], [-79.41903, 43.65516], [-79.41971, 43.65504], [-79.42027, 43.65491], [-79.42149, 43.65466], [-79.42271, 43.6544], [-79.42396, 43.65412], [-79.42519, 43.65387], [-79.4264, 43.6536], [-79.42744, 43.65617], [-79.42856, 43.65897], [-79.42928, 43.66076], [-79.42944, 43.66115], [-79.42821, 43.66144], [-79.42805, 43.66148], [-79.42686, 43.66174], [-79.42566, 43.66198], [-79.42465, 43.6622], [-79.42443, 43.66225], [-79.42327, 43.66251], [-79.42206, 43.66278], [-79.42091, 43.66303], [-79.42025, 43.66317], [-79.41894, 43.66346], [-79.41887, 43.66347], [-79.41842, 43.66358], [-79.41722, 43.66383], [-79.41611, 43.66407], [-79.41599, 43.66409], [-79.41486, 43.66434], [-79.41365, 43.66462], [-79.41244, 43.66489], [-79.41184, 43.665], [-79.41181, 43.665], [-79.41121, 43.66512], [-79.41072, 43.66383], [-79.41025, 43.66267], [-79.40977, 43.66151], [-79.40944, 43.66071], [-79.40909, 43.65981], [-79.40847, 43.65829], [-79.40772, 43.65648], [-79.40835, 43.65635], [-79.40896, 43.65623], [-79.41016, 43.65597], [-79.41141, 43.65571], [-79.41262, 43.65546]]]]}}, {"type": "Feature", "properties": {"AREA_NAME": "University", "buzzmaps_hoods": ["Harbord Village", "University"]}, "geometry": {"type": "MultiPolygon", "coordinates": [[[[-79.39963, 43.65798], [-79.39976, 43.65797], [-79.39984, 43.65797], [-79.40005, 43.65795], [-79.40018, 43.65797], [-79.40028, 43.65797], [-79.40081, 43.65786], [-79.40103, 43.65782], [-79.40185, 43.65765], [-79.40283, 43.65746], [-79.4032, 43.65738], [-79.40381, 43.65726], [-79.40408, 43.65721], [-79.40453, 43.65712], [-79.40523, 43.65698], [-79.40583, 43.65686], [-79.40652, 43.65672], [-79.40772, 43.65648], [-79.40847, 43.65829], [-79.40909, 43.65981], [-79.40944, 43.66071], [-79.40977, 43.66151], [-79.41025, 43.66267], [-79.41072, 43.66383], [-79.41121, 43.66512], [-79.41059, 43.66525], [-79.40999, 43.66539], [-79.40932, 43.66553], [-79.40868, 43.66568], [-79.40747, 43.66591], [-79.40667, 43.66608], [-79.40627, 43.66616], [-79.40535, 43.66636], [-79.40452, 43.66652], [-79.40387, 43.66666], [-79.40271, 43.66691], [-79.40154, 43.66716], [-79.39984, 43.66752], [-79.39836, 43.66783], [-79.39738, 43.66803], [-79.39588, 43.66833], [-79.39414, 43.66872], [-79.39353, 43.66727], [-79.39315, 43.66637], [-79.39317, 43.66625], [-79.39317, 43.6662], [-79.39317, 43.66616], [-79.39318, 43.66611], [-79.39319, 43.66606], [-79.39321, 43.66601], [-79.39325, 43.66595], [-79.39328, 43.66591], [-79.39332, 43.66586], [-79.39335, 43.66583], [-79.39339, 43.66579], [-79.39339, 43.66579], [-79.39342, 43.66578], [-79.39344, 43.66576], [-79.39346, 43.66575], [-79.39349, 43.66573], [-79.39351, 43.66572], [-79.39353, 43.6657], [-79.39355, 43.66569], [-79.39357, 43.66567], [-79.39359, 43.66565], [-79.39361, 43.66563], [-79.39363, 43.66562], [-79.39365, 43.6656], [-79.39367, 43.66558], [-79.39369, 43.66556], [-79.3937, 43.66554], [-79.39372, 43.66552], [-79.39373, 43.6655], [-79.39375, 43.66548], [-79.39376, 43.66546], [-79.39377, 43.66544], [-79.39378, 43.66542], [-79.39379, 43.6654], [-79.3938, 43.6654], [-79.39381, 43.66538], [-79.39382, 43.66536], [-79.39383, 43.66534], [-79.39383, 43.66533], [-79.39384, 43.66531], [-79.39385, 43.66529], [-79.39386, 43.66527], [-79.39386, 43.66525], [-79.39387, 43.66522], [-79.39388, 43.6652], [-79.39388, 43.66518], [-79.39389, 43.66516], [-79.39389, 43.66513], [-79.39389, 43.66511], [-79.3939, 43.66508], [-79.3939, 43.66506], [-79.3939, 43.66504], [-79.3939, 43.66502], [-79.3939, 43.66501], [-79.3939, 43.66499], [-79.39389, 43.66497], [-79.39389, 43.66495], [-79.39389, 43.66492], [-79.39388, 43.6649], [-79.39388, 43.66487], [-79.39387, 43.66485], [-79.39387, 43.66483], [-79.39386, 43.66481], [-79.39359, 43.66408], [-79.39321, 43.66307], [-79.39311, 43.66277], [-79.39295, 43.66247], [-79.39291, 43.66242], [-79.39249, 43.6619], [-79.39241, 43.66172], [-79.3923, 43.66148], [-79.39228, 43.66145], [-79.39221, 43.66133], [-79.39213, 43.66121], [-79.39205, 43.66112], [-79.39192, 43.661], [-79.39181, 43.66092], [-79.39174, 43.66087], [-79.39169, 43.66084], [-79.39165, 43.66082], [-79.3916, 43.66079], [-79.39155, 43.66077], [-79.3915, 43.66074], [-79.39145, 43.66072], [-79.3914, 43.66069], [-79.39135, 43.66067], [-79.3913, 43.66065], [-79.39122, 43.66062], [-79.3912, 43.66061], [-79.39116, 43.66061], [-79.39114, 43.6606], [-79.39111, 43.66059], [-79.39109, 43.66058], [-79.39107, 43.66057], [-79.39104, 43.66056], [-79.39102, 43.66055], [-79.391, 43.66054], [-79.39097, 43.66052], [-79.39095, 43.66051], [-79.39093, 43.6605], [-79.39091, 43.66048], [-79.39089, 43.66047], [-79.39087, 43.66045], [-79.39085, 43.66044], [-79.39083, 43.66042], [-79.39081, 43.66041], [-79.39079, 43.66039], [-79.39078, 43.66037], [-79.39076, 43.66036], [-79.39075, 43.66034], [-79.39073, 43.66033], [-79.39072, 43.66031], [-79.3907, 43.66029], [-79.39069, 43.66027], [-79.39068, 43.66026], [-79.39064, 43.66018], [-79.39063, 43.66016], [-79.39049, 43.65986], [-79.39259, 43.6594], [-79.39348, 43.6592], [-79.39407, 43.65908], [-79.39461, 43.65897], [-79.39468, 43.65895], [-79.39529, 43.65883], [-79.3959, 43.6587], [-79.39621, 43.65864], [-79.39704, 43.65848], [-79.3982, 43.65826], [-79.39905, 43.6581], [-79.39963, 43.65798]]]]}}, {"type": "Feature", "properties": {"AREA_NAME": "Kensington-Chinatown", "buzzmaps_hoods": ["Kensington Market", "Chinatown"]}, "geometry": {"type": "MultiPolygon", "coordinates": [[[[-79.38994, 43.65859], [-79.38965, 43.65792], [-79.38949, 43.65753], [-79.38933, 43.65713], [-79.38897, 43.65636], [-79.38897, 43.65635], [-79.38869, 43.65568], [-79.3886, 43.65547], [-79.38832, 43.6548], [-79.38831, 43.65479], [-79.38794, 43.65397], [-79.38758, 43.65311], [-79.38755, 43.65303], [-79.38725, 43.65231], [-79.387, 43.65176], [-79.38663, 43.65085], [-79.38752, 43.65067], [-79.38864, 43.65042], [-79.38948, 43.65023], [-79.38976, 43.6502], [-79.39026, 43.65008], [-79.39029, 43.65007], [-79.3905, 43.65003], [-79.39071, 43.64999], [-79.39114, 43.6499], [-79.39216, 43.64968], [-79.39345, 43.64941], [-79.3937, 43.64935], [-79.39638, 43.64877], [-79.39741, 43.64854], [-79.39818, 43.64837], [-79.39842, 43.64833], [-79.39968, 43.64807], [-79.40015, 43.64798], [-79.4006, 43.64789], [-79.40094, 43.64781], [-79.40141, 43.64771], [-79.402, 43.64761], [-79.40401, 43.64719], [-79.40419, 43.64768], [-79.40433, 43.64803], [-79.40434, 43.64806], [-79.40459, 43.64868], [-79.4046, 43.64871], [-79.40465, 43.64883], [-79.4047, 43.64897], [-79.40501, 43.64975], [-79.40525, 43.65036], [-79.40545, 43.65089], [-79.4055, 43.651], [-79.4056, 43.65127], [-79.40565, 43.65139], [-79.40602, 43.65231], [-79.40684, 43.65429], [-79.40754, 43.65603], [-79.40772, 43.65648], [-79.40652, 43.65672], [-79.40583, 43.65686], [-79.40523, 43.65698], [-79.40453, 43.65712], [-79.40408, 43.65721], [-79.40381, 43.65726], [-79.4032, 43.65738], [-79.40283, 43.65746], [-79.40185, 43.65765], [-79.40103, 43.65782], [-79.40081, 43.65786], [-79.40028, 43.65797], [-79.40018, 43.65797], [-79.40005, 43.65795], [-79.39984, 43.65797], [-79.39976, 43.65797], [-79.39963, 43.65798], [-79.39905, 43.6581], [-79.3982, 43.65826], [-79.39704, 43.65848], [-79.39621, 43.65864], [-79.3959, 43.6587], [-79.39529, 43.65883], [-79.39468, 43.65895], [-79.39461, 43.65897], [-79.39407, 43.65908], [-79.39348, 43.6592], [-79.39259, 43.6594], [-79.39049, 43.65986], [-79.39031, 43.65945], [-79.38998, 43.6587], [-79.38994, 43.65859]]]]}}, {"type": "Feature", "properties": {"AREA_NAME": "Moss Park", "buzzmaps_hoods": ["Old Town", "Corktown"]}, "geometry": {"type": "MultiPolygon", "coordinates": [[[[-79.36462, 43.65601], [-79.36446, 43.65562], [-79.36344, 43.65583], [-79.36322, 43.65588], [-79.36226, 43.65609], [-79.36147, 43.65627], [-79.36101, 43.65637], [-79.36051, 43.65648], [-79.36019, 43.65656], [-79.35958, 43.6567], [-79.35892, 43.65683], [-79.35776, 43.6571], [-79.35653, 43.65738], [-79.35552, 43.65761], [-79.35547, 43.65762], [-79.35496, 43.65774], [-79.35487, 43.65776], [-79.35478, 43.65778], [-79.35466, 43.6578], [-79.35455, 43.65782], [-79.35455, 43.65783], [-79.35432, 43.65787], [-79.35428, 43.65779], [-79.35421, 43.65766], [-79.35411, 43.65757], [-79.35399, 43.65745], [-79.35387, 43.65736], [-79.35376, 43.65725], [-79.35365, 43.65715], [-79.35353, 43.65705], [-79.35342, 43.65696], [-79.35338, 43.65693], [-79.35331, 43.65688], [-79.3532, 43.65679], [-79.3531, 43.65671], [-79.353, 43.65661], [-79.35294, 43.65657], [-79.3529, 43.65653], [-79.35279, 43.65645], [-79.35269, 43.65636], [-79.35261, 43.65629], [-79.35252, 43.65621], [-79.35242, 43.65613], [-79.35233, 43.65606], [-79.35225, 43.65598], [-79.35215, 43.65589], [-79.35207, 43.65582], [-79.35198, 43.65574], [-79.35174, 43.65557], [-79.35208, 43.6555], [-79.3522, 43.65548], [-79.35239, 43.65545], [-79.35268, 43.65571], [-79.35308, 43.65607], [-79.35324, 43.65614], [-79.35348, 43.65635], [-79.35402, 43.65608], [-79.35421, 43.65597], [-79.35457, 43.65574], [-79.35482, 43.65557], [-79.35451, 43.65527], [-79.35465, 43.65491], [-79.35504, 43.65482], [-79.35523, 43.65477], [-79.35653, 43.65449], [-79.35698, 43.6544], [-79.35713, 43.65438], [-79.35727, 43.65438], [-79.35738, 43.6544], [-79.35751, 43.65448], [-79.35783, 43.65429], [-79.35853, 43.65391], [-79.35928, 43.65349], [-79.36007, 43.65302], [-79.36015, 43.65297], [-79.36028, 43.65289], [-79.36031, 43.65287], [-79.36037, 43.65283], [-79.36051, 43.65272], [-79.36059, 43.65264], [-79.36071, 43.65249], [-79.36085, 43.65227], [-79.3609, 43.65221], [-79.361, 43.6521], [-79.36111, 43.65202], [-79.36127, 43.65191], [-79.36274, 43.65157], [-79.36403, 43.65127], [-79.36562, 43.65092], [-79.36669, 43.65068], [-79.36789, 43.65039], [-79.36907, 43.6501], [-79.37022, 43.64984], [-79.37028, 43.64983], [-79.37032, 43.64982], [-79.37036, 43.64981], [-79.37041, 43.64979], [-79.37146, 43.64945], [-79.37191, 43.65046], [-79.37214, 43.65097], [-79.37227, 43.65131], [-79.37237, 43.65153], [-79.37272, 43.65235], [-79.37283, 43.6527], [-79.37298, 43.65305], [-79.37325, 43.65373], [-79.3734, 43.65408], [-79.37392, 43.65536], [-79.37426, 43.65626], [-79.37443, 43.65671], [-79.37457, 43.65707], [-79.3759, 43.66044], [-79.37605, 43.66081], [-79.37651, 43.66192], [-79.37655, 43.66201], [-79.37657, 43.66205], [-79.37658, 43.66208], [-79.37672, 43.66242], [-79.37591, 43.66259], [-79.3753, 43.66272], [-79.37435, 43.66292], [-79.37315, 43.66317], [-79.37306, 43.66319], [-79.37227, 43.66337], [-79.37216, 43.66339], [-79.37152, 43.66351], [-79.37052, 43.66372], [-79.36931, 43.66399], [-79.36798, 43.66429], [-79.36784, 43.66393], [-79.36783, 43.66392], [-79.36779, 43.66381], [-79.36754, 43.66321], [-79.36737, 43.66277], [-79.36725, 43.66249], [-79.36719, 43.66233], [-79.36704, 43.66195], [-79.36679, 43.66136], [-79.36667, 43.66104], [-79.36653, 43.66072], [-79.36653, 43.6607], [-79.36631, 43.66017], [-79.36629, 43.66011], [-79.36619, 43.65988], [-79.36602, 43.65944], [-79.36584, 43.65901], [-79.3655, 43.65817], [-79.365, 43.65694], [-79.36462, 43.65601]]]]}}, {"type": "Feature", "properties": {"AREA_NAME": "Regent Park", "buzzmaps_hoods": ["Corktown"]}, "geometry": {"type": "MultiPolygon", "coordinates": [[[[-79.36344, 43.65583], [-79.36446, 43.65562], [-79.36462, 43.65601], [-79.365, 43.65694], [-79.3655, 43.65817], [-79.36584, 43.65901], [-79.36602, 43.65944], [-79.36619, 43.65988], [-79.36629, 43.66011], [-79.36631, 43.66017], [-79.36653, 43.6607], [-79.36653, 43.66072], [-79.36667, 43.66104], [-79.36679, 43.66136], [-79.36704, 43.66195], [-79.36605, 43.66217], [-79.36598, 43.66219], [-79.36404, 43.66259], [-79.36318, 43.66279], [-79.36233, 43.66297], [-79.3615, 43.66316], [-79.36092, 43.66329], [-79.3609, 43.6633], [-79.36033, 43.66343], [-79.35976, 43.66355], [-79.35964, 43.66358], [-79.35924, 43.66371], [-79.35892, 43.6638], [-79.35687, 43.66438], [-79.35671, 43.66442], [-79.35653, 43.66448], [-79.35649, 43.66449], [-79.3563, 43.66453], [-79.35627, 43.66442], [-79.35623, 43.66429], [-79.3562, 43.66418], [-79.35616, 43.66405], [-79.35613, 43.66393], [-79.35609, 43.6638], [-79.35605, 43.66368], [-79.356, 43.66354], [-79.35596, 43.66342], [-79.35591, 43.66327], [-79.35588, 43.66314], [-79.35586, 43.66305], [-79.35584, 43.66299], [-79.35581, 43.66286], [-79.35576, 43.6627], [-79.35572, 43.66257], [-79.35566, 43.66241], [-79.35561, 43.66228], [-79.35561, 43.66227], [-79.35557, 43.66214], [-79.35552, 43.66199], [-79.35548, 43.66185], [-79.35545, 43.66173], [-79.35544, 43.66171], [-79.35541, 43.66158], [-79.35538, 43.66143], [-79.35534, 43.6613], [-79.35529, 43.66114], [-79.35526, 43.66101], [-79.35522, 43.66088], [-79.35521, 43.66085], [-79.35517, 43.66071], [-79.35508, 43.66042], [-79.35503, 43.66028], [-79.35503, 43.66025], [-79.35499, 43.66014], [-79.35494, 43.66], [-79.3549, 43.65986], [-79.35485, 43.65973], [-79.3548, 43.65958], [-79.35477, 43.65945], [-79.35473, 43.65931], [-79.35473, 43.6593], [-79.35471, 43.65919], [-79.35468, 43.65905], [-79.35465, 43.65892], [-79.3546, 43.65879], [-79.35456, 43.65867], [-79.35452, 43.65853], [-79.35448, 43.65841], [-79.35445, 43.65828], [-79.35443, 43.65815], [-79.3544, 43.65803], [-79.35435, 43.65791], [-79.35432, 43.65787], [-79.35455, 43.65783], [-79.35455, 43.65782], [-79.35466, 43.6578], [-79.35478, 43.65778], [-79.35487, 43.65776], [-79.35496, 43.65774], [-79.35547, 43.65762], [-79.35552, 43.65761], [-79.35653, 43.65738], [-79.35776, 43.6571], [-79.35892, 43.65683], [-79.35958, 43.6567], [-79.36019, 43.65656], [-79.36051, 43.65648], [-79.36101, 43.65637], [-79.36147, 43.65627], [-79.36226, 43.65609], [-79.36322, 43.65588], [-79.36344, 43.65583]]]]}}, {"type": "Feature", "properties": {"AREA_NAME": "Cabbagetown-South St.James Town", "buzzmaps_hoods": ["Old Town"]}, "geometry": {"type": "MultiPolygon", "coordinates": [[[[-79.36046, 43.67189], [-79.3604, 43.67181], [-79.36034, 43.67174], [-79.36028, 43.67165], [-79.36022, 43.67157], [-79.36018, 43.67148], [-79.36013, 43.67139], [-79.36009, 43.6713], [-79.36005, 43.67121], [-79.36001, 43.67111], [-79.35996, 43.67102], [-79.35992, 43.67093], [-79.35988, 43.67083], [-79.35984, 43.67074], [-79.3598, 43.67065], [-79.35975, 43.67055], [-79.35971, 43.67047], [-79.35971, 43.67046], [-79.35966, 43.67038], [-79.35959, 43.67028], [-79.35951, 43.67021], [-79.35942, 43.67012], [-79.35933, 43.67006], [-79.35923, 43.67], [-79.35913, 43.66994], [-79.35903, 43.66987], [-79.35894, 43.66981], [-79.35885, 43.66974], [-79.35875, 43.66967], [-79.35864, 43.66961], [-79.35854, 43.66956], [-79.35846, 43.6695], [-79.35839, 43.66944], [-79.35831, 43.66938], [-79.35823, 43.66933], [-79.35819, 43.66929], [-79.35814, 43.66926], [-79.35806, 43.6692], [-79.35797, 43.66915], [-79.35789, 43.66908], [-79.35781, 43.66901], [-79.35775, 43.66895], [-79.35775, 43.66893], [-79.35769, 43.66886], [-79.35761, 43.66879], [-79.35756, 43.66872], [-79.35751, 43.66865], [-79.3575, 43.66863], [-79.35747, 43.66855], [-79.35743, 43.66847], [-79.35738, 43.66837], [-79.35735, 43.66827], [-79.35732, 43.66819], [-79.35718, 43.6677], [-79.35658, 43.66552], [-79.35653, 43.66539], [-79.3565, 43.66527], [-79.35646, 43.66515], [-79.35643, 43.66503], [-79.3564, 43.6649], [-79.35637, 43.66479], [-79.35635, 43.66467], [-79.3563, 43.66453], [-79.3563, 43.66453], [-79.35649, 43.66449], [-79.35653, 43.66448], [-79.35671, 43.66442], [-79.35687, 43.66438], [-79.35892, 43.6638], [-79.35924, 43.66371], [-79.35964, 43.66358], [-79.35976, 43.66355], [-79.36033, 43.66343], [-79.3609, 43.6633], [-79.36092, 43.66329], [-79.3615, 43.66316], [-79.36233, 43.66297], [-79.36318, 43.66279], [-79.36404, 43.66259], [-79.36598, 43.66219], [-79.36605, 43.66217], [-79.36704, 43.66195], [-79.36719, 43.66233], [-79.36725, 43.66249], [-79.36737, 43.66277], [-79.36754, 43.66321], [-79.36779, 43.66381], [-79.36783, 43.66392], [-79.36784, 43.66393], [-79.36798, 43.66429], [-79.36931, 43.66399], [-79.37052, 43.66372], [-79.37152, 43.66351], [-79.37216, 43.66339], [-79.37227, 43.66337], [-79.37306, 43.66319], [-79.37435, 43.66292], [-79.37672, 43.66242], [-79.37721, 43.6636], [-79.3779, 43.66522], [-79.37835, 43.66629], [-79.37742, 43.66649], [-79.37731, 43.6665], [-79.37727, 43.66651], [-79.37719, 43.66652], [-79.37699, 43.66647], [-79.3768, 43.66645], [-79.37666, 43.66643], [-79.3765, 43.66643], [-79.37631, 43.66643], [-79.37616, 43.66644], [-79.37603, 43.66646], [-79.37585, 43.66649], [-79.37572, 43.66652], [-79.37553, 43.66659], [-79.37535, 43.66667], [-79.37517, 43.66677], [-79.375, 43.66687], [-79.37486, 43.66698], [-79.37468, 43.66709], [-79.37378, 43.6673], [-79.37221, 43.66763], [-79.37091, 43.66791], [-79.3701, 43.66809], [-79.36975, 43.66817], [-79.36956, 43.66817], [-79.3697, 43.66852], [-79.36976, 43.66867], [-79.36983, 43.66886], [-79.37041, 43.67026], [-79.37087, 43.6714], [-79.37089, 43.67148], [-79.3709, 43.67148], [-79.37094, 43.67154], [-79.37097, 43.67159], [-79.37102, 43.67165], [-79.37107, 43.67169], [-79.37113, 43.67174], [-79.37117, 43.67176], [-79.37122, 43.6718], [-79.37127, 43.67182], [-79.37133, 43.67184], [-79.37138, 43.67186], [-79.37142, 43.67187], [-79.37144, 43.67188], [-79.37146, 43.67189], [-79.37142, 43.67189], [-79.37138, 43.67189], [-79.37134, 43.67189], [-79.37131, 43.67189], [-79.37127, 43.67189], [-79.37123, 43.67189], [-79.37119, 43.6719], [-79.37116, 43.6719], [-79.37112, 43.67191], [-79.37108, 43.67192], [-79.37105, 43.67192], [-79.37101, 43.67192], [-79.37097, 43.67193], [-79.37094, 43.67194], [-79.3709, 43.67195], [-79.37087, 43.67196], [-79.37083, 43.67196], [-79.3708, 43.67197], [-79.37076, 43.67199], [-79.37073, 43.672], [-79.3707, 43.67201], [-79.36998, 43.67253], [-79.36992, 43.67258], [-79.36883, 43.67333], [-79.3682, 43.67378], [-79.36737, 43.67437], [-79.36727, 43.67443], [-79.36719, 43.67448], [-79.36709, 43.67453], [-79.367, 43.67458], [-79.36688, 43.67462], [-79.36678, 43.67465], [-79.36674, 43.67467], [-79.36631, 43.67477], [-79.36474, 43.67507], [-79.36446, 43.67512], [-79.36432, 43.67515], [-79.36425, 43.67516], [-79.36339, 43.67532], [-79.3631, 43.67492], [-79.36303, 43.67487], [-79.36299, 43.67481], [-79.36295, 43.67473], [-79.36291, 43.67465], [-79.36289, 43.67457], [-79.36288, 43.67449], [-79.36288, 43.6744], [-79.3629, 43.67431], [-79.36293, 43.67422], [-79.36294, 43.67412], [-79.36296, 43.67403], [-79.36299, 43.67395], [-79.36301, 43.67387], [-79.36303, 43.67377], [-79.36304, 43.67369], [-79.36304, 43.67364], [-79.36305, 43.67361], [-79.36306, 43.67354], [-79.36306, 43.67346], [-79.36304, 43.6734], [-79.36301, 43.67332], [-79.36295, 43.67324], [-79.36286, 43.67319], [-79.36286, 43.67318], [-79.36279, 43.67313], [-79.36269, 43.67308], [-79.36258, 43.67303], [-79.36245, 43.673], [-79.36233, 43.67298], [-79.36224, 43.67297], [-79.36217, 43.67294], [-79.3621, 43.67292], [-79.36205, 43.67291], [-79.36196, 43.67286], [-79.36185, 43.67283], [-79.36176, 43.67278], [-79.36167, 43.67273], [-79.36157, 43.67268], [-79.36147, 43.67262], [-79.36137, 43.67255], [-79.36126, 43.67248], [-79.36117, 43.67243], [-79.36107, 43.67237], [-79.36097, 43.6723], [-79.36088, 43.67224], [-79.36079, 43.67218], [-79.36077, 43.67217], [-79.3607, 43.67211], [-79.36061, 43.67204], [-79.36053, 43.67197], [-79.36046, 43.67189]]]]}}, {"type": "Feature", "properties": {"AREA_NAME": "South Riverdale", "buzzmaps_hoods": ["Riverside", "East Chinatown"]}, "geometry": {"type": "MultiPolygon", "coordinates": [[[[-79.32849, 43.65933], [-79.32844, 43.65924], [-79.32819, 43.65929], [-79.32424, 43.66017], [-79.32196, 43.6607], [-79.31954, 43.66121], [-79.31725, 43.66173], [-79.31723, 43.66174], [-79.31494, 43.66226], [-79.31497, 43.66236], [-79.31491, 43.66237], [-79.31487, 43.66227], [-79.3113, 43.66305], [-79.30975, 43.6634], [-79.30866, 43.66364], [-79.30763, 43.66387], [-79.30752, 43.6639], [-79.30724, 43.66397], [-79.30679, 43.66412], [-79.3064, 43.66427], [-79.30631, 43.6643], [-79.30622, 43.66436], [-79.30597, 43.66453], [-79.30569, 43.66474], [-79.30546, 43.66492], [-79.30525, 43.66513], [-79.30497, 43.66555], [-79.3049, 43.66566], [-79.30464, 43.66565], [-79.30446, 43.66565], [-79.30444, 43.66558], [-79.30422, 43.6648], [-79.3042, 43.66472], [-79.3042, 43.66471], [-79.30399, 43.66394], [-79.30405, 43.66387], [-79.30419, 43.66375], [-79.30433, 43.6636], [-79.30435, 43.66354], [-79.3044, 43.66352], [-79.30463, 43.66338], [-79.30501, 43.66302], [-79.3053, 43.66265], [-79.30558, 43.66226], [-79.30587, 43.66184], [-79.30608, 43.6614], [-79.30631, 43.66097], [-79.3064, 43.66072], [-79.30642, 43.66059], [-79.30641, 43.66054], [-79.30638, 43.66047], [-79.30627, 43.66038], [-79.3061, 43.66041], [-79.30589, 43.66041], [-79.30567, 43.66038], [-79.30547, 43.66032], [-79.30529, 43.66022], [-79.30513, 43.66012], [-79.30502, 43.65999], [-79.30497, 43.65986], [-79.30501, 43.65971], [-79.30508, 43.6596], [-79.30513, 43.65957], [-79.30518, 43.65953], [-79.30523, 43.6595], [-79.30526, 43.65945], [-79.30527, 43.6594], [-79.30532, 43.65938], [-79.30537, 43.65938], [-79.30546, 43.65938], [-79.30556, 43.65936], [-79.30561, 43.65934], [-79.30563, 43.65931], [-79.30569, 43.65924], [-79.30574, 43.65917], [-79.30584, 43.65903], [-79.30591, 43.65892], [-79.306, 43.65878], [-79.30608, 43.65866], [-79.30612, 43.65856], [-79.30612, 43.65851], [-79.30612, 43.65845], [-79.30612, 43.65839], [-79.30607, 43.65831], [-79.30603, 43.65821], [-79.30602, 43.65814], [-79.306, 43.658], [-79.30597, 43.65793], [-79.30593, 43.65789], [-79.30584, 43.65781], [-79.3058, 43.65777], [-79.30565, 43.65762], [-79.30549, 43.65747], [-79.30534, 43.65733], [-79.30519, 43.65716], [-79.30506, 43.65701], [-79.30499, 43.65689], [-79.30499, 43.65683], [-79.30499, 43.65679], [-79.305, 43.65674], [-79.30501, 43.65669], [-79.30503, 43.65664], [-79.30507, 43.6566], [-79.30515, 43.65654], [-79.30523, 43.65649], [-79.3053, 43.65646], [-79.30539, 43.65644], [-79.30549, 43.65645], [-79.30559, 43.65646], [-79.30569, 43.65648], [-79.30582, 43.65649], [-79.30592, 43.65651], [-79.30607, 43.65653], [-79.30618, 43.65656], [-79.30627, 43.65659], [-79.30637, 43.65662], [-79.30645, 43.65662], [-79.30653, 43.65663], [-79.30665, 43.65662], [-79.30679, 43.6566], [-79.30689, 43.65658], [-79.30702, 43.65654], [-79.30712, 43.65651], [-79.3072, 43.65647], [-79.30728, 43.65642], [-79.30737, 43.65634], [-79.30743, 43.6563], [-79.30749, 43.65628], [-79.30758, 43.65625], [-79.30769, 43.65619], [-79.30777, 43.65612], [-79.30783, 43.65605], [-79.30789, 43.65595], [-79.30796, 43.65584], [-79.30801, 43.65573], [-79.30805, 43.65567], [-79.30812, 43.65559], [-79.30821, 43.65546], [-79.30829, 43.65533], [-79.30832, 43.65526], [-79.30834, 43.65517], [-79.30839, 43.65504], [-79.30842, 43.65498], [-79.30843, 43.65492], [-79.30843, 43.65488], [-79.30839, 43.65482], [-79.30841, 43.65475], [-79.30841, 43.65466], [-79.3084, 43.65456], [-79.30836, 43.65443], [-79.30835, 43.65436], [-79.30837, 43.6543], [-79.30839, 43.65426], [-79.30844, 43.65421], [-79.30849, 43.65418], [-79.30856, 43.65416], [-79.30862, 43.65416], [-79.30866, 43.65418], [-79.30869, 43.65422], [-79.30871, 43.65426], [-79.30874, 43.65432], [-79.30876, 43.6544], [-79.30878, 43.65444], [-79.30883, 43.65449], [-79.30887, 43.65454], [-79.30893, 43.65461], [-79.30897, 43.65469], [-79.30907, 43.65484], [-79.3092, 43.65501], [-79.30923, 43.65505], [-79.30926, 43.65508], [-79.30929, 43.65511], [-79.30932, 43.65514], [-79.30933, 43.65517], [-79.30935, 43.6552], [-79.30937, 43.65523], [-79.3094, 43.65525], [-79.30943, 43.65527], [-79.30947, 43.65529], [-79.30952, 43.6553], [-79.30955, 43.65532], [-79.30959, 43.65534], [-79.30965, 43.65538], [-79.30971, 43.65541], [-79.30979, 43.65543], [-79.30986, 43.65544], [-79.30996, 43.65544], [-79.31009, 43.65544], [-79.31023, 43.65542], [-79.31025, 43.6554], [-79.31026, 43.65539], [-79.31027, 43.65536], [-79.31027, 43.65533], [-79.31028, 43.65529], [-79.31029, 43.65525], [-79.31031, 43.65522], [-79.31033, 43.6552], [-79.31037, 43.65518], [-79.31041, 43.65517], [-79.31046, 43.65517], [-79.31051, 43.65516], [-79.31058, 43.65516], [-79.31065, 43.65516], [-79.3107, 43.65517], [-79.31074, 43.65519], [-79.31079, 43.6552], [-79.31086, 43.65522], [-79.31095, 43.65525], [-79.31104, 43.65529], [-79.31112, 43.65536], [-79.31115, 43.6554], [-79.31118, 43.65544], [-79.31121, 43.65547], [-79.31122, 43.65551], [-79.31123, 43.65556], [-79.31123, 43.65557], [-79.31124, 43.65564], [-79.31125, 43.65567], [-79.31125, 43.65573], [-79.31125, 43.65576], [-79.31123, 43.6558], [-79.31121, 43.65585], [-79.31119, 43.65589], [-79.31116, 43.65592], [-79.31113, 43.65596], [-79.31109, 43.65598], [-79.31103, 43.656], [-79.31097, 43.65602], [-79.3109, 43.65605], [-79.31084, 43.65606], [-79.31083, 43.65605], [-79.31082, 43.65603], [-79.31077, 43.65602], [-79.31072, 43.65601], [-79.31063, 43.65601], [-79.31057, 43.65603], [-79.31052, 43.65604], [-79.31045, 43.65606], [-79.31039, 43.65607], [-79.31032, 43.65608], [-79.31025, 43.6561], [-79.31022, 43.65611], [-79.31015, 43.65614], [-79.31008, 43.65614], [-79.31, 43.65613], [-79.30993, 43.65613], [-79.30985, 43.65611], [-79.30978, 43.6561], [-79.3097, 43.65608], [-79.30964, 43.65607], [-79.30956, 43.65604], [-79.30948, 43.65601], [-79.30941, 43.65598], [-79.30941, 43.65596], [-79.30934, 43.65594], [-79.3093, 43.65594], [-79.30925, 43.65594], [-79.30916, 43.65592], [-79.30909, 43.65591], [-79.30903, 43.6559], [-79.30888, 43.6559], [-79.30877, 43.65591], [-79.30872, 43.65593], [-79.30866, 43.65594], [-79.30859, 43.65596], [-79.30854, 43.65597], [-79.3085, 43.65599], [-79.30846, 43.65602], [-79.30842, 43.65604], [-79.30839, 43.65608], [-79.30836, 43.65611], [-79.30831, 43.65617], [-79.30833, 43.65621], [-79.30831, 43.65625], [-79.30829, 43.65629], [-79.30825, 43.65635], [-79.3082, 43.65642], [-79.30815, 43.65648], [-79.3081, 43.65653], [-79.30805, 43.65657], [-79.308, 43.65661], [-79.30794, 43.65665], [-79.30788, 43.65669], [-79.30782, 43.65672], [-79.30772, 43.65677], [-79.30764, 43.6568], [-79.3076, 43.65682], [-79.30754, 43.65684], [-79.30748, 43.65686], [-79.30742, 43.65688], [-79.30736, 43.65689], [-79.3073, 43.6569], [-79.30723, 43.65691], [-79.30718, 43.65692], [-79.30712, 43.65693], [-79.30707, 43.65693], [-79.307, 43.65689], [-79.30696, 43.65691], [-79.30693, 43.65691], [-79.30691, 43.6569], [-79.30688, 43.6569], [-79.30686, 43.65691], [-79.30685, 43.65694], [-79.30683, 43.65697], [-79.30683, 43.65703], [-79.30683, 43.65709], [-79.30684, 43.65715], [-79.30686, 43.65719], [-79.30688, 43.65723], [-79.30693, 43.65727], [-79.307, 43.65731], [-79.30708, 43.65735], [-79.30716, 43.65741], [-79.30723, 43.65746], [-79.30734, 43.65756], [-79.30742, 43.65762], [-79.3075, 43.65767], [-79.3076, 43.65772], [-79.30769, 43.65774], [-79.30793, 43.65778], [-79.30816, 43.65782], [-79.30837, 43.65788], [-79.30859, 43.65796], [-79.3088, 43.65803], [-79.309, 43.65812], [-79.30919, 43.65818], [-79.30939, 43.65823], [-79.30956, 43.65826], [-79.3096, 43.65823], [-79.30954, 43.65819], [-79.30954, 43.65817], [-79.30956, 43.65813], [-79.3096, 43.65807], [-79.30972, 43.65807], [-79.30999, 43.65816], [-79.3102, 43.65832], [-79.31034, 43.6584], [-79.31041, 43.65836], [-79.31057, 43.65825], [-79.31092, 43.65793], [-79.31109, 43.65753], [-79.31117, 43.65728], [-79.3112, 43.65726], [-79.31118, 43.65722], [-79.31115, 43.6572], [-79.31025, 43.65695], [-79.31023, 43.65693], [-79.31027, 43.65687], [-79.31034, 43.65679], [-79.31042, 43.65669], [-79.31056, 43.6566], [-79.31075, 43.65662], [-79.31086, 43.65668], [-79.31095, 43.65677], [-79.31108, 43.65684], [-79.31126, 43.65688], [-79.31145, 43.6569], [-79.31164, 43.65692], [-79.31181, 43.65692], [-79.31196, 43.65689], [-79.31206, 43.65682], [-79.31217, 43.65675], [-79.31229, 43.65674], [-79.31244, 43.65678], [-79.31257, 43.65685], [-79.31264, 43.65698], [-79.31262, 43.65708], [-79.31252, 43.65713], [-79.31239, 43.65719], [-79.31225, 43.65723], [-79.31219, 43.65732], [-79.31212, 43.6574], [-79.31202, 43.65748], [-79.31196, 43.65753], [-79.31188, 43.65756], [-79.31174, 43.65754], [-79.31167, 43.65778], [-79.3117, 43.65778], [-79.31181, 43.65782], [-79.31184, 43.65796], [-79.31177, 43.65811], [-79.31172, 43.65821], [-79.3117, 43.65834], [-79.31172, 43.65838], [-79.31177, 43.65846], [-79.31181, 43.65857], [-79.31193, 43.65853], [-79.31204, 43.65875], [-79.31194, 43.65879], [-79.31198, 43.65881], [-79.31205, 43.6588], [-79.31215, 43.65885], [-79.31187, 43.65901], [-79.31198, 43.65908], [-79.31219, 43.65891], [-79.3124, 43.65907], [-79.31214, 43.65923], [-79.31223, 43.65931], [-79.31247, 43.65912], [-79.31266, 43.65927], [-79.31244, 43.65941], [-79.31242, 43.65944], [-79.31246, 43.65945], [-79.31249, 43.65949], [-79.31257, 43.65944], [-79.31265, 43.65941], [-79.3127, 43.65948], [-79.31275, 43.65956], [-79.31285, 43.65957], [-79.31297, 43.65965], [-79.31312, 43.65978], [-79.31325, 43.6599], [-79.31326, 43.65992], [-79.31363, 43.66019], [-79.31376, 43.66029], [-79.31386, 43.66037], [-79.3139, 43.66045], [-79.31385, 43.66052], [-79.31389, 43.66055], [-79.31399, 43.66055], [-79.31403, 43.6606], [-79.31405, 43.66064], [-79.31409, 43.66069], [-79.31416, 43.66073], [-79.31426, 43.66079], [-79.31436, 43.66086], [-79.31441, 43.66092], [-79.31441, 43.66093], [-79.31413, 43.66113], [-79.31404, 43.66105], [-79.31399, 43.66108], [-79.31408, 43.66117], [-79.31404, 43.66119], [-79.3139, 43.66116], [-79.31379, 43.66124], [-79.31375, 43.66128], [-79.31367, 43.66128], [-79.31355, 43.66129], [-79.3134, 43.66132], [-79.31332, 43.66141], [-79.31328, 43.66151], [-79.31336, 43.66165], [-79.31352, 43.66162], [-79.31367, 43.6616], [-79.31394, 43.66158], [-79.31419, 43.66162], [-79.31426, 43.6616], [-79.31435, 43.66162], [-79.31437, 43.66176], [-79.31442, 43.66178], [-79.31447, 43.66176], [-79.31454, 43.66176], [-79.31463, 43.66178], [-79.31473, 43.66187], [-79.31477, 43.66195], [-79.31477, 43.66195], [-79.31478, 43.66196], [-79.3148, 43.66198], [-79.31481, 43.66198], [-79.31482, 43.66199], [-79.31485, 43.66198], [-79.31492, 43.66197], [-79.31711, 43.66147], [-79.31708, 43.66095], [-79.31726, 43.66092], [-79.3176, 43.66089], [-79.31767, 43.66089], [-79.31768, 43.66089], [-79.31777, 43.66099], [-79.31781, 43.66103], [-79.31783, 43.66103], [-79.31788, 43.66108], [-79.31793, 43.66107], [-79.31787, 43.66091], [-79.31787, 43.66091], [-79.31788, 43.66091], [-79.31799, 43.66093], [-79.31805, 43.66091], [-79.31806, 43.66089], [-79.31805, 43.66088], [-79.31767, 43.66083], [-79.31759, 43.66083], [-79.31726, 43.66081], [-79.31707, 43.66079], [-79.31626, 43.66007], [-79.31605, 43.65989], [-79.31581, 43.65973], [-79.31561, 43.65959], [-79.31534, 43.65942], [-79.31518, 43.65932], [-79.31507, 43.65925], [-79.31477, 43.6591], [-79.31454, 43.659], [-79.31434, 43.65891], [-79.31412, 43.65875], [-79.31391, 43.65862], [-79.3137, 43.65849], [-79.31351, 43.65835], [-79.31332, 43.65821], [-79.31314, 43.65807], [-79.31314, 43.65792], [-79.31332, 43.65781], [-79.31352, 43.65769], [-79.31372, 43.65757], [-79.31395, 43.65751], [-79.3142, 43.65745], [-79.31443, 43.6574], [-79.31467, 43.65738], [-79.31475, 43.65737], [-79.31478, 43.65739], [-79.31481, 43.65739], [-79.31483, 43.65739], [-79.31488, 43.6574], [-79.3149, 43.65739], [-79.31495, 43.65739], [-79.31498, 43.65741], [-79.31502, 43.65742], [-79.31504, 43.65743], [-79.31507, 43.65743], [-79.31509, 43.65743], [-79.31511, 43.65743], [-79.31515, 43.65744], [-79.31517, 43.65745], [-79.31519, 43.65745], [-79.3152, 43.65746], [-79.31523, 43.65748], [-79.31526, 43.65749], [-79.31528, 43.65751], [-79.31529, 43.65753], [-79.31572, 43.65758], [-79.31573, 43.65757], [-79.31574, 43.65757], [-79.31575, 43.65757], [-79.31577, 43.65757], [-79.31579, 43.65757], [-79.3158, 43.65757], [-79.31587, 43.65755], [-79.31591, 43.65753], [-79.31597, 43.65753], [-79.31599, 43.65753], [-79.31602, 43.65754], [-79.31607, 43.65755], [-79.3161, 43.65755], [-79.31613, 43.65756], [-79.31615, 43.65757], [-79.31615, 43.65759], [-79.31616, 43.6576], [-79.31675, 43.6573], [-79.31672, 43.65727], [-79.31669, 43.65726], [-79.31667, 43.65725], [-79.31664, 43.65722], [-79.3166, 43.65717], [-79.31655, 43.6571], [-79.31651, 43.65704], [-79.31646, 43.65699], [-79.31642, 43.65695], [-79.31638, 43.65691], [-79.31631, 43.65683], [-79.31628, 43.65679], [-79.31623, 43.65672], [-79.3162, 43.65664], [-79.31612, 43.65648], [-79.31604, 43.65638], [-79.31599, 43.6562], [-79.316, 43.65613], [-79.316, 43.65609], [-79.31604, 43.65604], [-79.31611, 43.65603], [-79.31623, 43.65595], [-79.31637, 43.6559], [-79.3166, 43.65572], [-79.31683, 43.65557], [-79.31693, 43.65545], [-79.31698, 43.65537], [-79.31729, 43.6551], [-79.31751, 43.65492], [-79.3177, 43.65471], [-79.31801, 43.65433], [-79.31811, 43.65415], [-79.31824, 43.65387], [-79.31834, 43.65364], [-79.3184, 43.65346], [-79.31858, 43.65316], [-79.31871, 43.65291], [-79.31885, 43.65266], [-79.31896, 43.65247], [-79.31909, 43.65227], [-79.31919, 43.65212], [-79.31932, 43.65187], [-79.31946, 43.6516], [-79.31956, 43.65128], [-79.31963, 43.65112], [-79.31967, 43.65097], [-79.31973, 43.65071], [-79.3198, 43.65047], [-79.31982, 43.65032], [-79.31988, 43.65007], [-79.31999, 43.64973], [-79.32006, 43.64951], [-79.3201, 43.64939], [-79.3201, 43.64931], [-79.32011, 43.64921], [-79.32012, 43.64906], [-79.32014, 43.64894], [-79.32017, 43.64891], [-79.32018, 43.64889], [-79.32018, 43.64886], [-79.32018, 43.64879], [-79.32021, 43.6485], [-79.32022, 43.64841], [-79.32018, 43.64837], [-79.32015, 43.64831], [-79.3201, 43.64828], [-79.32004, 43.64825], [-79.32, 43.64823], [-79.31999, 43.64819], [-79.31999, 43.64814], [-79.31999, 43.64808], [-79.31997, 43.64803], [-79.31994, 43.64796], [-79.31995, 43.64792], [-79.31996, 43.64785], [-79.31998, 43.64775], [-79.31998, 43.64763], [-79.32003, 43.64737], [-79.32007, 43.64697], [-79.32005, 43.64673], [-79.32002, 43.64658], [-79.31995, 43.64643], [-79.31989, 43.64627], [-79.31986, 43.64625], [-79.31981, 43.6462], [-79.31979, 43.64616], [-79.31978, 43.64614], [-79.31978, 43.64611], [-79.3198, 43.64607], [-79.31981, 43.64604], [-79.31983, 43.64599], [-79.31985, 43.64592], [-79.31988, 43.64587], [-79.31994, 43.64582], [-79.32, 43.64575], [-79.32012, 43.64568], [-79.32023, 43.64566], [-79.32034, 43.64554], [-79.32039, 43.64539], [-79.32045, 43.64524], [-79.3205, 43.64508], [-79.32054, 43.64492], [-79.32058, 43.64481], [-79.32066, 43.64461], [-79.32075, 43.64438], [-79.32084, 43.6442], [-79.32091, 43.64399], [-79.32101, 43.64367], [-79.32115, 43.64317], [-79.32125, 43.64285], [-79.3213, 43.64269], [-79.3213, 43.64249], [-79.32127, 43.64239], [-79.32121, 43.64234], [-79.32115, 43.64229], [-79.32104, 43.64221], [-79.32077, 43.64208], [-79.32068, 43.64202], [-79.32064, 43.64194], [-79.32064, 43.64186], [-79.32064, 43.64178], [-79.32067, 43.6417], [-79.32076, 43.6416], [-79.32086, 43.64151], [-79.32097, 43.64143], [-79.32108, 43.64131], [-79.32114, 43.64121], [-79.3212, 43.6411], [-79.3213, 43.64087], [-79.32133, 43.64074], [-79.32137, 43.64068], [-79.32144, 43.64052], [-79.32152, 43.64035], [-79.32165, 43.63998], [-79.32173, 43.63982], [-79.32178, 43.63968], [-79.32183, 43.63946], [-79.32189, 43.63928], [-79.322, 43.63902], [-79.32206, 43.63891], [-79.32205, 43.63875], [-79.32197, 43.63862], [-79.3219, 43.63849], [-79.3218, 43.63837], [-79.32171, 43.63824], [-79.3216, 43.63811], [-79.32155, 43.638], [-79.32157, 43.63788], [-79.32161, 43.63777], [-79.32164, 43.63771], [-79.32171, 43.63769], [-79.32182, 43.63763], [-79.32194, 43.63756], [-79.3221, 43.63744], [-79.32222, 43.63734], [-79.32234, 43.63716], [-79.32243, 43.63704], [-79.32251, 43.63689], [-79.32261, 43.63653], [-79.32272, 43.63618], [-79.32283, 43.63586], [-79.32295, 43.6357], [-79.32301, 43.63547], [-79.32306, 43.63528], [-79.32311, 43.63509], [-79.32315, 43.63492], [-79.32317, 43.63477], [-79.32316, 43.63468], [-79.32314, 43.63457], [-79.32311, 43.63446], [-79.32304, 43.63436], [-79.32293, 43.63426], [-79.32283, 43.63418], [-79.32268, 43.63408], [-79.32251, 43.63398], [-79.32232, 43.63389], [-79.32201, 43.63377], [-79.32145, 43.63359], [-79.32117, 43.63347], [-79.32101, 43.63338], [-79.32092, 43.63334], [-79.32088, 43.63329], [-79.32086, 43.63321], [-79.32093, 43.63314], [-79.32103, 43.63307], [-79.32118, 43.63302], [-79.32136, 43.63298], [-79.32153, 43.63293], [-79.32172, 43.63285], [-79.32181, 43.6328], [-79.32189, 43.63274], [-79.32194, 43.63262], [-79.32199, 43.63247], [-79.32205, 43.63223], [-79.32211, 43.63184], [-79.32219, 43.6314], [-79.32227, 43.63085], [-79.32236, 43.63039], [-79.32237, 43.6301], [-79.32231, 43.62986], [-79.3222, 43.6297], [-79.32201, 43.62962], [-79.32177, 43.62954], [-79.32144, 43.6295], [-79.32119, 43.62947], [-79.3211, 43.62942], [-79.32109, 43.62935], [-79.32114, 43.62929], [-79.32121, 43.62923], [-79.32129, 43.62921], [-79.32148, 43.62921], [-79.32163, 43.6292], [-79.32183, 43.62919], [-79.32203, 43.62915], [-79.32211, 43.62913], [-79.32228, 43.62895], [-79.32234, 43.62882], [-79.32237, 43.62872], [-79.32241, 43.62854], [-79.32248, 43.62827], [-79.32266, 43.62703], [-79.3227, 43.6267], [-79.32267, 43.62647], [-79.32257, 43.62629], [-79.32246, 43.62621], [-79.32235, 43.62618], [-79.32224, 43.62615], [-79.3221, 43.62611], [-79.32197, 43.6261], [-79.32183, 43.62609], [-79.32167, 43.62608], [-79.32157, 43.62607], [-79.32151, 43.62604], [-79.32146, 43.62599], [-79.32142, 43.62594], [-79.32142, 43.62589], [-79.32144, 43.62584], [-79.32151, 43.62578], [-79.32159, 43.62576], [-79.32171, 43.62574], [-79.32183, 43.62574], [-79.32204, 43.6257], [-79.32223, 43.62568], [-79.32243, 43.62566], [-79.32255, 43.62562], [-79.32262, 43.62556], [-79.32276, 43.6254], [-79.32282, 43.62532], [-79.32286, 43.62516], [-79.32295, 43.62493], [-79.32301, 43.62467], [-79.32308, 43.62433], [-79.32314, 43.62399], [-79.32315, 43.62372], [-79.32316, 43.6234], [-79.32312, 43.62307], [-79.32292, 43.62288], [-79.32274, 43.62277], [-79.32254, 43.62269], [-79.32237, 43.62264], [-79.32213, 43.62261], [-79.3219, 43.62261], [-79.32183, 43.62257], [-79.32178, 43.62248], [-79.32179, 43.62238], [-79.32182, 43.62228], [-79.32195, 43.62225], [-79.32222, 43.62226], [-79.32256, 43.62226], [-79.32294, 43.62228], [-79.32318, 43.62222], [-79.32337, 43.62214], [-79.32348, 43.62206], [-79.32371, 43.62189], [-79.32385, 43.62166], [-79.32406, 43.62085], [-79.32426, 43.61888], [-79.32423, 43.61836], [-79.32411, 43.61813], [-79.32391, 43.61795], [-79.32372, 43.61786], [-79.32362, 43.61779], [-79.32353, 43.61771], [-79.32349, 43.61763], [-79.32349, 43.61757], [-79.32349, 43.61748], [-79.32349, 43.61742], [-79.32354, 43.61734], [-79.32365, 43.61729], [-79.32378, 43.61725], [-79.32394, 43.61725], [-79.32405, 43.61727], [-79.32419, 43.61731], [-79.32432, 43.61737], [-79.32443, 43.61743], [-79.32449, 43.61749], [-79.32452, 43.61754], [-79.32461, 43.61759], [-79.32476, 43.61765], [-79.32498, 43.61773], [-79.32515, 43.61777], [-79.32531, 43.61779], [-79.32544, 43.61779], [-79.32558, 43.61779], [-79.32576, 43.61776], [-79.3259, 43.61771], [-79.32605, 43.61767], [-79.32618, 43.61763], [-79.32628, 43.61759], [-79.32644, 43.61754], [-79.32665, 43.61749], [-79.32682, 43.61747], [-79.32697, 43.61747], [-79.32707, 43.61747], [-79.32717, 43.6175], [-79.32723, 43.61753], [-79.32726, 43.61759], [-79.32729, 43.61765], [-79.32728, 43.61771], [-79.32726, 43.61775], [-79.32723, 43.61781], [-79.32717, 43.61787], [-79.32711, 43.61792], [-79.32703, 43.61798], [-79.32693, 43.61802], [-79.32683, 43.61804], [-79.32669, 43.61806], [-79.32656, 43.61808], [-79.32631, 43.61812], [-79.32584, 43.61837], [-79.32565, 43.61852], [-79.32544, 43.61889], [-79.3253, 43.61906], [-79.32505, 43.61942], [-79.32503, 43.61961], [-79.32504, 43.6197], [-79.32508, 43.61986], [-79.32512, 43.62005], [-79.32517, 43.62018], [-79.32518, 43.62023], [-79.32515, 43.62026], [-79.32513, 43.62028], [-79.32512, 43.62032], [-79.32513, 43.62035], [-79.32515, 43.62039], [-79.32516, 43.62045], [-79.32516, 43.62049], [-79.32512, 43.62054], [-79.32507, 43.62064], [-79.32503, 43.62071], [-79.32497, 43.62082], [-79.32488, 43.62096], [-79.32481, 43.62122], [-79.32478, 43.62139], [-79.32483, 43.62158], [-79.32548, 43.62198], [-79.32573, 43.62205], [-79.32603, 43.62208], [-79.32657, 43.62207], [-79.32743, 43.62191], [-79.3277, 43.62192], [-79.32838, 43.62178], [-79.32864, 43.62167], [-79.32869, 43.62148], [-79.32866, 43.62132], [-79.32738, 43.62051], [-79.32698, 43.62033], [-79.32684, 43.62021], [-79.32679, 43.62011], [-79.32669, 43.61972], [-79.32671, 43.61957], [-79.32696, 43.61904], [-79.3272, 43.61884], [-79.32749, 43.6188], [-79.32772, 43.61891], [-79.32797, 43.61945], [-79.32825, 43.61963], [-79.32952, 43.62009], [-79.33012, 43.62024], [-79.33067, 43.62033], [-79.33186, 43.62041], [-79.33243, 43.62042], [-79.33271, 43.62035], [-79.33306, 43.62029], [-79.33389, 43.62014], [-79.33455, 43.61988], [-79.33481, 43.61967], [-79.33485, 43.61944], [-79.33499, 43.61937], [-79.33513, 43.61934], [-79.33541, 43.61941], [-79.33572, 43.61943], [-79.33594, 43.61942], [-79.33607, 43.61943], [-79.3362, 43.6194], [-79.33651, 43.61932], [-79.3371, 43.61914], [-79.33752, 43.61889], [-79.33823, 43.61832], [-79.33895, 43.61764], [-79.33908, 43.61742], [-79.33929, 43.61723], [-79.33946, 43.61703], [-79.33968, 43.61684], [-79.33983, 43.61664], [-79.33995, 43.61649], [-79.3401, 43.61628], [-79.34024, 43.61615], [-79.34028, 43.61605], [-79.34042, 43.61591], [-79.34056, 43.61573], [-79.34065, 43.6156], [-79.34076, 43.6154], [-79.34089, 43.61523], [-79.34095, 43.61513], [-79.34104, 43.61506], [-79.34122, 43.615], [-79.3414, 43.61495], [-79.34162, 43.61487], [-79.34184, 43.61472], [-79.34206, 43.61446], [-79.34252, 43.61364], [-79.34258, 43.61342], [-79.34267, 43.61322], [-79.34273, 43.6131], [-79.34281, 43.61298], [-79.3429, 43.61289], [-79.34297, 43.61282], [-79.34301, 43.6128], [-79.34307, 43.61278], [-79.34314, 43.61277], [-79.34319, 43.61276], [-79.34326, 43.61275], [-79.34334, 43.61273], [-79.34338, 43.61273], [-79.34343, 43.61273], [-79.34348, 43.61277], [-79.34353, 43.61278], [-79.34357, 43.61278], [-79.34361, 43.61277], [-79.34364, 43.61279], [-79.3437, 43.61281], [-79.34374, 43.61285], [-79.34383, 43.61291], [-79.34392, 43.61298], [-79.34401, 43.61308], [-79.34408, 43.61319], [-79.34412, 43.61326], [-79.34412, 43.6133], [-79.34411, 43.61334], [-79.34409, 43.61339], [-79.34408, 43.61345], [-79.34408, 43.61353], [-79.34407, 43.61363], [-79.34405, 43.61373], [-79.344, 43.61383], [-79.34394, 43.61391], [-79.34383, 43.61486], [-79.34369, 43.61533], [-79.34369, 43.61622], [-79.34377, 43.61673], [-79.34436, 43.61772], [-79.34445, 43.6178], [-79.3446, 43.61784], [-79.34462, 43.61786], [-79.34468, 43.61795], [-79.34474, 43.61799], [-79.34477, 43.61803], [-79.34477, 43.61806], [-79.34477, 43.61809], [-79.34478, 43.61815], [-79.34477, 43.6182], [-79.34477, 43.61828], [-79.34475, 43.61833], [-79.3447, 43.61839], [-79.34467, 43.61843], [-79.34461, 43.61845], [-79.34453, 43.61849], [-79.34446, 43.61851], [-79.34442, 43.61854], [-79.34439, 43.61859], [-79.34433, 43.61866], [-79.34429, 43.61873], [-79.34423, 43.61879], [-79.34415, 43.61885], [-79.34394, 43.61902], [-79.34373, 43.61923], [-79.34358, 43.61944], [-79.34354, 43.61951], [-79.34344, 43.61972], [-79.34336, 43.62013], [-79.34338, 43.62035], [-79.34356, 43.62075], [-79.34369, 43.62089], [-79.34394, 43.62113], [-79.34413, 43.62125], [-79.34433, 43.62138], [-79.34452, 43.62148], [-79.34478, 43.62163], [-79.34483, 43.62163], [-79.34489, 43.62163], [-79.34494, 43.62163], [-79.345, 43.62164], [-79.34504, 43.62165], [-79.34506, 43.62167], [-79.34506, 43.62169], [-79.34508, 43.62171], [-79.34507, 43.62173], [-79.34507, 43.62175], [-79.34505, 43.62177], [-79.34503, 43.62179], [-79.34498, 43.62182], [-79.34495, 43.62183], [-79.34491, 43.62184], [-79.34483, 43.62187], [-79.34479, 43.62188], [-79.34473, 43.62191], [-79.34468, 43.62193], [-79.34464, 43.62196], [-79.34458, 43.622], [-79.34455, 43.62203], [-79.34452, 43.62205], [-79.34449, 43.62209], [-79.34447, 43.62211], [-79.34441, 43.62216], [-79.34436, 43.6222], [-79.34431, 43.62223], [-79.34429, 43.62227], [-79.34427, 43.62229], [-79.34422, 43.6223], [-79.34417, 43.62231], [-79.34412, 43.62232], [-79.34407, 43.62233], [-79.34403, 43.62232], [-79.34399, 43.62231], [-79.34396, 43.6223], [-79.34388, 43.62228], [-79.34384, 43.62228], [-79.34382, 43.62228], [-79.34373, 43.62224], [-79.34367, 43.62221], [-79.34365, 43.6222], [-79.34362, 43.62218], [-79.34357, 43.62218], [-79.3435, 43.62219], [-79.34346, 43.6222], [-79.34342, 43.62219], [-79.34338, 43.62216], [-79.34333, 43.62216], [-79.34329, 43.62215], [-79.34328, 43.62213], [-79.34328, 43.62209], [-79.34327, 43.62206], [-79.34324, 43.62203], [-79.3432, 43.62202], [-79.34314, 43.622], [-79.34311, 43.62197], [-79.3431, 43.62194], [-79.3431, 43.6219], [-79.34312, 43.62187], [-79.34317, 43.62185], [-79.34322, 43.62183], [-79.34326, 43.62182], [-79.34329, 43.62177], [-79.34332, 43.62171], [-79.34332, 43.62165], [-79.3433, 43.6216], [-79.34326, 43.62152], [-79.34321, 43.62145], [-79.34312, 43.62137], [-79.34303, 43.62129], [-79.34298, 43.62122], [-79.34296, 43.62116], [-79.34295, 43.62103], [-79.34291, 43.62091], [-79.34291, 43.62081], [-79.34281, 43.62044], [-79.34278, 43.62024], [-79.34281, 43.62004], [-79.34287, 43.61986], [-79.34285, 43.61967], [-79.34271, 43.61951], [-79.34245, 43.61942], [-79.34213, 43.61936], [-79.34123, 43.6195], [-79.34069, 43.61972], [-79.34044, 43.61987], [-79.34005, 43.62018], [-79.33975, 43.62051], [-79.33965, 43.62069], [-79.33965, 43.62087], [-79.33976, 43.62121], [-79.33988, 43.62137], [-79.34006, 43.62149], [-79.34058, 43.62165], [-79.34096, 43.62187], [-79.34103, 43.62193], [-79.34106, 43.62196], [-79.3411, 43.622], [-79.34111, 43.62203], [-79.34112, 43.62207], [-79.34112, 43.62212], [-79.34112, 43.6222], [-79.34113, 43.6223], [-79.34114, 43.62245], [-79.34126, 43.6225], [-79.34141, 43.62255], [-79.34153, 43.6226], [-79.34168, 43.62266], [-79.34178, 43.62269], [-79.34188, 43.62273], [-79.34195, 43.62275], [-79.34201, 43.62278], [-79.34206, 43.6228], [-79.34216, 43.62283], [-79.34224, 43.62286], [-79.34231, 43.62288], [-79.34236, 43.62288], [-79.3424, 43.62287], [-79.34243, 43.62286], [-79.34245, 43.62284], [-79.34248, 43.62282], [-79.34252, 43.62279], [-79.34256, 43.62276], [-79.3426, 43.62275], [-79.34263, 43.62276], [-79.34265, 43.62277], [-79.34269, 43.62279], [-79.34276, 43.62281], [-79.34283, 43.62283], [-79.34289, 43.62287], [-79.34295, 43.62291], [-79.34303, 43.62298], [-79.34307, 43.62303], [-79.34315, 43.62311], [-79.34319, 43.62318], [-79.34322, 43.62326], [-79.34323, 43.6233], [-79.34323, 43.62334], [-79.3432, 43.62339], [-79.34315, 43.6234], [-79.34313, 43.62339], [-79.34306, 43.62338], [-79.34304, 43.62341], [-79.34298, 43.62344], [-79.34296, 43.62344], [-79.34294, 43.62345], [-79.34291, 43.62345], [-79.34289, 43.62345], [-79.34288, 43.62345], [-79.34285, 43.62345], [-79.34282, 43.62343], [-79.34277, 43.62342], [-79.34272, 43.6234], [-79.34269, 43.62337], [-79.34264, 43.62332], [-79.3426, 43.62329], [-79.34257, 43.62327], [-79.34253, 43.62326], [-79.34248, 43.62324], [-79.34242, 43.62324], [-79.34238, 43.62323], [-79.34232, 43.62323], [-79.34229, 43.62323], [-79.34222, 43.62324], [-79.34206, 43.62327], [-79.34188, 43.6233], [-79.34181, 43.62333], [-79.34174, 43.62334], [-79.34168, 43.62337], [-79.34161, 43.62341], [-79.34152, 43.62347], [-79.34145, 43.62352], [-79.34139, 43.62357], [-79.34135, 43.62359], [-79.34126, 43.62365], [-79.34122, 43.62367], [-79.34114, 43.62371], [-79.34103, 43.62377], [-79.34088, 43.62383], [-79.34074, 43.62389], [-79.34072, 43.6239], [-79.34069, 43.62391], [-79.34065, 43.62394], [-79.3406, 43.62396], [-79.34055, 43.624], [-79.34051, 43.62402], [-79.34045, 43.62404], [-79.3404, 43.62406], [-79.34036, 43.62407], [-79.34032, 43.62407], [-79.34028, 43.62407], [-79.34023, 43.62406], [-79.34018, 43.62406], [-79.34016, 43.62405], [-79.34015, 43.62404], [-79.34015, 43.62403], [-79.34015, 43.62403], [-79.34017, 43.62402], [-79.34019, 43.62402], [-79.34024, 43.624], [-79.34027, 43.62399], [-79.34029, 43.62398], [-79.34031, 43.62395], [-79.34033, 43.62393], [-79.34035, 43.62392], [-79.34037, 43.62391], [-79.34039, 43.62391], [-79.34043, 43.62391], [-79.34046, 43.62391], [-79.34047, 43.6239], [-79.34049, 43.62388], [-79.34051, 43.62386], [-79.34053, 43.62384], [-79.34053, 43.62382], [-79.34053, 43.6238], [-79.34053, 43.62377], [-79.34052, 43.62375], [-79.3405, 43.62372], [-79.34048, 43.62368], [-79.34045, 43.62364], [-79.34042, 43.62361], [-79.34038, 43.62358], [-79.34036, 43.62355], [-79.34036, 43.62355], [-79.34027, 43.6235], [-79.3402, 43.62345], [-79.34005, 43.62334], [-79.33992, 43.62326], [-79.33981, 43.62318], [-79.33961, 43.62303], [-79.33947, 43.62299], [-79.33938, 43.62298], [-79.33926, 43.62297], [-79.33913, 43.62298], [-79.33901, 43.62301], [-79.33892, 43.62303], [-79.33888, 43.62302], [-79.33887, 43.623], [-79.33886, 43.62297], [-79.33885, 43.62296], [-79.33885, 43.62294], [-79.33885, 43.62293], [-79.33886, 43.62292], [-79.33887, 43.62291], [-79.33888, 43.6229], [-79.33889, 43.62289], [-79.3389, 43.62287], [-79.33891, 43.62284], [-79.33894, 43.62283], [-79.33897, 43.62283], [-79.33898, 43.62281], [-79.339, 43.62277], [-79.33902, 43.62274], [-79.33902, 43.62272], [-79.33903, 43.6227], [-79.33902, 43.62268], [-79.33902, 43.62265], [-79.33901, 43.62262], [-79.33899, 43.6226], [-79.33897, 43.62258], [-79.33893, 43.62257], [-79.33892, 43.62256], [-79.33891, 43.62255], [-79.3389, 43.62254], [-79.33891, 43.62253], [-79.33891, 43.62252], [-79.33892, 43.62251], [-79.33895, 43.62251], [-79.33898, 43.62252], [-79.33904, 43.62253], [-79.33904, 43.62254], [-79.33905, 43.62255], [-79.33905, 43.62256], [-79.33905, 43.62257], [-79.33905, 43.6226], [-79.33905, 43.62262], [-79.33906, 43.62263], [-79.33907, 43.62263], [-79.33909, 43.62262], [-79.33911, 43.62261], [-79.33912, 43.6226], [-79.33914, 43.62258], [-79.33916, 43.62256], [-79.33917, 43.62253], [-79.33917, 43.62251], [-79.33918, 43.62248], [-79.33917, 43.62245], [-79.33917, 43.62243], [-79.33916, 43.62242], [-79.33914, 43.62239], [-79.33912, 43.62236], [-79.3391, 43.62233], [-79.33908, 43.62231], [-79.33905, 43.62228], [-79.33905, 43.62228], [-79.33901, 43.62223], [-79.33893, 43.62218], [-79.33888, 43.62216], [-79.33882, 43.62215], [-79.33867, 43.62214], [-79.33856, 43.62215], [-79.33849, 43.62216], [-79.33841, 43.6222], [-79.33833, 43.62224], [-79.33826, 43.62226], [-79.33814, 43.62232], [-79.33797, 43.62241], [-79.3379, 43.62247], [-79.33784, 43.62253], [-79.33775, 43.62257], [-79.33775, 43.62259], [-79.33775, 43.62263], [-79.33771, 43.62266], [-79.33765, 43.6227], [-79.33755, 43.62275], [-79.33745, 43.62284], [-79.33737, 43.62292], [-79.33736, 43.62301], [-79.33736, 43.62309], [-79.33737, 43.62313], [-79.33732, 43.62313], [-79.33729, 43.62313], [-79.33727, 43.62312], [-79.33726, 43.62311], [-79.33726, 43.62308], [-79.33726, 43.62302], [-79.33728, 43.62298], [-79.33728, 43.62296], [-79.33722, 43.62296], [-79.33715, 43.62297], [-79.33706, 43.62301], [-79.33703, 43.62305], [-79.33701, 43.62306], [-79.33701, 43.62307], [-79.337, 43.62309], [-79.33701, 43.6231], [-79.33701, 43.62312], [-79.33702, 43.62314], [-79.33701, 43.62315], [-79.33697, 43.62316], [-79.33694, 43.62317], [-79.3369, 43.62319], [-79.33695, 43.6232], [-79.337, 43.6232], [-79.337, 43.62319], [-79.33702, 43.62319], [-79.33703, 43.62318], [-79.33704, 43.62318], [-79.33706, 43.62319], [-79.33707, 43.62319], [-79.33709, 43.6232], [-79.33709, 43.62322], [-79.33709, 43.62323], [-79.33709, 43.62324], [-79.33708, 43.62326], [-79.33707, 43.62327], [-79.33709, 43.62328], [-79.33711, 43.62328], [-79.33713, 43.62329], [-79.33713, 43.62328], [-79.33714, 43.62327], [-79.33715, 43.62326], [-79.33717, 43.62325], [-79.33719, 43.62325], [-79.3372, 43.62326], [-79.33721, 43.62327], [-79.33722, 43.62327], [-79.33725, 43.62327], [-79.33726, 43.62327], [-79.33727, 43.62326], [-79.33727, 43.62325], [-79.33726, 43.62324], [-79.33726, 43.62322], [-79.33725, 43.62322], [-79.33723, 43.62321], [-79.33722, 43.62321], [-79.33721, 43.6232], [-79.3372, 43.6232], [-79.3372, 43.62319], [-79.3372, 43.62318], [-79.33721, 43.62318], [-79.33723, 43.62318], [-79.33724, 43.62319], [-79.33727, 43.62319], [-79.33729, 43.6232], [-79.33731, 43.6232], [-79.33733, 43.6232], [-79.33735, 43.6232], [-79.33738, 43.6232], [-79.33739, 43.62318], [-79.33741, 43.62316], [-79.33742, 43.62315], [-79.33744, 43.62313], [-79.33744, 43.62312], [-79.33744, 43.62309], [-79.33744, 43.62307], [-79.33744, 43.62304], [-79.33743, 43.62301], [-79.33742, 43.62297], [-79.33742, 43.62296], [-79.33742, 43.62296], [-79.33743, 43.62295], [-79.33745, 43.62295], [-79.33746, 43.62295], [-79.33748, 43.62295], [-79.33751, 43.62296], [-79.33753, 43.62296], [-79.33754, 43.62297], [-79.33756, 43.62297], [-79.33757, 43.62297], [-79.3376, 43.62297], [-79.33763, 43.62298], [-79.33765, 43.62298], [-79.33766, 43.62299], [-79.33767, 43.623], [-79.3377, 43.62303], [-79.33773, 43.62306], [-79.33774, 43.62307], [-79.33774, 43.62308], [-79.33775, 43.6231], [-79.33776, 43.62311], [-79.33777, 43.62313], [-79.33777, 43.62314], [-79.33777, 43.62315], [-79.33777, 43.62315], [-79.33776, 43.62315], [-79.33776, 43.62315], [-79.33775, 43.62315], [-79.33774, 43.62315], [-79.33772, 43.62314], [-79.33769, 43.62313], [-79.33767, 43.62312], [-79.33766, 43.62312], [-79.33764, 43.62312], [-79.33762, 43.62311], [-79.33761, 43.62311], [-79.33759, 43.62311], [-79.3376, 43.62313], [-79.33761, 43.62313], [-79.33762, 43.62313], [-79.33763, 43.62314], [-79.33764, 43.62315], [-79.33766, 43.62316], [-79.33768, 43.62317], [-79.33769, 43.62317], [-79.33771, 43.62318], [-79.33774, 43.62318], [-79.33775, 43.62318], [-79.33778, 43.62318], [-79.33783, 43.62319], [-79.33787, 43.62318], [-79.33793, 43.62318], [-79.33798, 43.62317], [-79.33803, 43.62316], [-79.3381, 43.62315], [-79.33818, 43.62312], [-79.3382, 43.62312], [-79.33821, 43.62312], [-79.33822, 43.62312], [-79.33823, 43.62314], [-79.33824, 43.62316], [-79.33823, 43.62316], [-79.33822, 43.62316], [-79.33818, 43.62317], [-79.33811, 43.6232], [-79.33806, 43.62321], [-79.33798, 43.62326], [-79.33795, 43.62327], [-79.33792, 43.6233], [-79.3379, 43.62332], [-79.33787, 43.62335], [-79.33784, 43.62339], [-79.33783, 43.6234], [-79.33778, 43.62344], [-79.33772, 43.6235], [-79.33757, 43.62366], [-79.3374, 43.62386], [-79.33734, 43.62397], [-79.33724, 43.62414], [-79.33713, 43.62433], [-79.33708, 43.62448], [-79.33703, 43.62459], [-79.33703, 43.62467], [-79.33703, 43.62475], [-79.33703, 43.62484], [-79.33705, 43.62492], [-79.33709, 43.62508], [-79.33715, 43.62531], [-79.33725, 43.6256], [-79.33727, 43.6258], [-79.33731, 43.62592], [-79.33743, 43.62615], [-79.33764, 43.62651], [-79.3378, 43.62683], [-79.3379, 43.62698], [-79.33798, 43.62701], [-79.33803, 43.62707], [-79.33808, 43.62713], [-79.33815, 43.62722], [-79.33824, 43.62739], [-79.33831, 43.62754], [-79.33836, 43.62765], [-79.33838, 43.62774], [-79.33843, 43.62779], [-79.33855, 43.62795], [-79.33863, 43.62815], [-79.33866, 43.62818], [-79.3388, 43.62832], [-79.33886, 43.62843], [-79.33896, 43.62856], [-79.33907, 43.62874], [-79.33929, 43.62902], [-79.3394, 43.62918], [-79.33945, 43.62924], [-79.33948, 43.62926], [-79.33951, 43.62928], [-79.33956, 43.62927], [-79.33964, 43.62924], [-79.33971, 43.62922], [-79.33978, 43.6292], [-79.33982, 43.62919], [-79.33983, 43.62922], [-79.33984, 43.62924], [-79.33983, 43.62925], [-79.3397, 43.6293], [-79.33964, 43.62934], [-79.33954, 43.62936], [-79.33947, 43.62939], [-79.3394, 43.62939], [-79.33935, 43.62939], [-79.3393, 43.62941], [-79.33923, 43.62941], [-79.33914, 43.62937], [-79.33908, 43.62933], [-79.33902, 43.6293], [-79.33897, 43.62925], [-79.33891, 43.62921], [-79.33886, 43.62917], [-79.33875, 43.62914], [-79.33867, 43.62911], [-79.33861, 43.6291], [-79.33861, 43.62908], [-79.33864, 43.62908], [-79.33867, 43.62909], [-79.33867, 43.62908], [-79.33867, 43.62906], [-79.33867, 43.62904], [-79.33865, 43.629], [-79.3386, 43.62896], [-79.3385, 43.62893], [-79.33844, 43.62892], [-79.33838, 43.6289], [-79.33831, 43.62889], [-79.33826, 43.62889], [-79.33818, 43.62889], [-79.3381, 43.62892], [-79.33802, 43.62894], [-79.33791, 43.62899], [-79.33786, 43.62902], [-79.33777, 43.62906], [-79.33769, 43.62908], [-79.33762, 43.62908], [-79.33758, 43.62907], [-79.33752, 43.62907], [-79.33748, 43.62905], [-79.33744, 43.62902], [-79.33741, 43.62898], [-79.33738, 43.62895], [-79.33736, 43.6289], [-79.33736, 43.62886], [-79.33736, 43.62881], [-79.33738, 43.62877], [-79.3374, 43.62874], [-79.33745, 43.62871], [-79.33748, 43.62865], [-79.3375, 43.6286], [-79.3375, 43.62847], [-79.3375, 43.6284], [-79.33741, 43.62802], [-79.33732, 43.62782], [-79.33689, 43.62751], [-79.33654, 43.62748], [-79.3359, 43.62757], [-79.33527, 43.62752], [-79.33499, 43.62743], [-79.33487, 43.62728], [-79.33491, 43.62708], [-79.33511, 43.62688], [-79.33561, 43.62654], [-79.33576, 43.62635], [-79.33571, 43.62617], [-79.33543, 43.62569], [-79.33511, 43.6254], [-79.33487, 43.62525], [-79.33459, 43.62516], [-79.33444, 43.62514], [-79.3344, 43.62515], [-79.33437, 43.62514], [-79.33433, 43.62516], [-79.33434, 43.62517], [-79.33435, 43.62521], [-79.33433, 43.62523], [-79.3343, 43.62525], [-79.33427, 43.62528], [-79.33424, 43.62531], [-79.33423, 43.62537], [-79.33423, 43.62545], [-79.33424, 43.62546], [-79.33425, 43.62549], [-79.33429, 43.62551], [-79.33431, 43.62553], [-79.33431, 43.62555], [-79.33429, 43.62557], [-79.33426, 43.62561], [-79.33422, 43.62564], [-79.33424, 43.62566], [-79.33427, 43.62567], [-79.33429, 43.6257], [-79.33431, 43.62578], [-79.33436, 43.62584], [-79.33439, 43.6259], [-79.33439, 43.62593], [-79.33437, 43.62595], [-79.33431, 43.62598], [-79.33428, 43.62599], [-79.33425, 43.62598], [-79.33423, 43.62597], [-79.33419, 43.62593], [-79.33409, 43.62585], [-79.334, 43.62577], [-79.33397, 43.62575], [-79.33393, 43.62574], [-79.33385, 43.62573], [-79.33378, 43.62573], [-79.33371, 43.62573], [-79.33363, 43.62572], [-79.33352, 43.62575], [-79.33347, 43.62577], [-79.3335, 43.62579], [-79.33352, 43.6258], [-79.33352, 43.62582], [-79.33351, 43.62582], [-79.33347, 43.62584], [-79.33344, 43.62585], [-79.33339, 43.62586], [-79.33336, 43.62587], [-79.33331, 43.62587], [-79.33325, 43.62587], [-79.33318, 43.62589], [-79.33316, 43.62591], [-79.33312, 43.62593], [-79.33309, 43.62593], [-79.33303, 43.62594], [-79.33299, 43.62593], [-79.33295, 43.62593], [-79.33288, 43.62593], [-79.3328, 43.62593], [-79.33276, 43.62593], [-79.33275, 43.6259], [-79.33272, 43.62589], [-79.33267, 43.6259], [-79.33264, 43.62591], [-79.33258, 43.62592], [-79.33245, 43.62599], [-79.33231, 43.62605], [-79.33227, 43.62607], [-79.33223, 43.62609], [-79.33221, 43.6261], [-79.33221, 43.6261], [-79.33221, 43.62611], [-79.33221, 43.62613], [-79.33221, 43.62614], [-79.3322, 43.62614], [-79.33218, 43.62615], [-79.33217, 43.62617], [-79.33216, 43.62618], [-79.33215, 43.62619], [-79.33213, 43.62619], [-79.33211, 43.6262], [-79.33209, 43.6262], [-79.33208, 43.62619], [-79.33208, 43.62618], [-79.33207, 43.62617], [-79.33206, 43.62615], [-79.33205, 43.62614], [-79.33204, 43.62612], [-79.33203, 43.6261], [-79.33201, 43.62609], [-79.33198, 43.62608], [-79.33195, 43.62607], [-79.33194, 43.62606], [-79.33192, 43.62604], [-79.33189, 43.62602], [-79.33185, 43.62599], [-79.3318, 43.62597], [-79.33177, 43.62596], [-79.33176, 43.62595], [-79.33174, 43.62594], [-79.33169, 43.62592], [-79.33161, 43.62588], [-79.33154, 43.62585], [-79.33148, 43.62584], [-79.33145, 43.62583], [-79.33143, 43.62583], [-79.33143, 43.62584], [-79.3314, 43.62584], [-79.33138, 43.62584], [-79.33136, 43.62584], [-79.33136, 43.62583], [-79.33136, 43.62581], [-79.33129, 43.62585], [-79.33116, 43.62597], [-79.33099, 43.62613], [-79.33096, 43.62616], [-79.331, 43.62616], [-79.33101, 43.62618], [-79.33101, 43.62619], [-79.33101, 43.6262], [-79.33101, 43.62621], [-79.33103, 43.62623], [-79.33104, 43.62625], [-79.33108, 43.62629], [-79.33112, 43.62631], [-79.33116, 43.62634], [-79.33121, 43.62637], [-79.33123, 43.62638], [-79.33124, 43.62639], [-79.33125, 43.62641], [-79.33126, 43.62642], [-79.33127, 43.62644], [-79.33134, 43.62647], [-79.33135, 43.62647], [-79.33137, 43.62647], [-79.3314, 43.62647], [-79.33141, 43.62648], [-79.33141, 43.6265], [-79.33145, 43.62652], [-79.3315, 43.62655], [-79.33154, 43.62658], [-79.33158, 43.6266], [-79.33163, 43.62665], [-79.33166, 43.62667], [-79.33167, 43.62672], [-79.33166, 43.62676], [-79.33165, 43.62678], [-79.33163, 43.62678], [-79.33161, 43.62679], [-79.33157, 43.62682], [-79.33152, 43.62685], [-79.33148, 43.62688], [-79.33145, 43.6269], [-79.33144, 43.62692], [-79.33143, 43.62694], [-79.33143, 43.62696], [-79.33143, 43.62698], [-79.33143, 43.627], [-79.33147, 43.62702], [-79.33149, 43.62704], [-79.33149, 43.62708], [-79.33149, 43.6271], [-79.3315, 43.62713], [-79.33152, 43.62715], [-79.33153, 43.62718], [-79.33153, 43.6272], [-79.33154, 43.62723], [-79.33154, 43.62724], [-79.33153, 43.62726], [-79.33152, 43.62727], [-79.3315, 43.62727], [-79.33148, 43.62728], [-79.33144, 43.62729], [-79.33142, 43.62729], [-79.33139, 43.62732], [-79.33137, 43.62734], [-79.33135, 43.62736], [-79.33134, 43.62738], [-79.33133, 43.62741], [-79.3313, 43.62745], [-79.33129, 43.62746], [-79.33127, 43.62748], [-79.33127, 43.6275], [-79.33126, 43.62752], [-79.33125, 43.62754], [-79.33122, 43.62756], [-79.33122, 43.62757], [-79.33122, 43.62758], [-79.33118, 43.62762], [-79.33116, 43.62764], [-79.33114, 43.62767], [-79.33111, 43.62769], [-79.33108, 43.62771], [-79.33104, 43.62772], [-79.331, 43.62775], [-79.33094, 43.62778], [-79.3309, 43.62779], [-79.33085, 43.62781], [-79.33085, 43.62783], [-79.33085, 43.62785], [-79.33084, 43.62786], [-79.33083, 43.62787], [-79.33083, 43.62788], [-79.33082, 43.6279], [-79.33081, 43.62792], [-79.3308, 43.62793], [-79.33077, 43.62795], [-79.33075, 43.62797], [-79.33073, 43.62799], [-79.33072, 43.628], [-79.3307, 43.62802], [-79.33069, 43.62805], [-79.33069, 43.62807], [-79.33067, 43.62811], [-79.33065, 43.62815], [-79.33064, 43.62816], [-79.33061, 43.62816], [-79.3306, 43.62816], [-79.33058, 43.62816], [-79.33055, 43.62816], [-79.33053, 43.62815], [-79.3305, 43.62815], [-79.33048, 43.62815], [-79.33044, 43.62816], [-79.3304, 43.62816], [-79.33038, 43.62816], [-79.33036, 43.62816], [-79.33034, 43.62817], [-79.33033, 43.62818], [-79.33032, 43.6282], [-79.33031, 43.62822], [-79.3303, 43.62824], [-79.33028, 43.62826], [-79.33025, 43.62827], [-79.33021, 43.62828], [-79.33017, 43.62829], [-79.33011, 43.62829], [-79.33008, 43.62829], [-79.33007, 43.62829], [-79.33005, 43.62829], [-79.33003, 43.6283], [-79.33, 43.62831], [-79.32997, 43.62833], [-79.32996, 43.62834], [-79.32994, 43.62837], [-79.32993, 43.62839], [-79.32992, 43.6284], [-79.32991, 43.62841], [-79.32991, 43.62843], [-79.3299, 43.62844], [-79.32989, 43.62845], [-79.32989, 43.62845], [-79.32987, 43.62846], [-79.32987, 43.62848], [-79.32987, 43.62849], [-79.32986, 43.6285], [-79.32984, 43.62851], [-79.32984, 43.62852], [-79.32984, 43.62853], [-79.32983, 43.62854], [-79.32982, 43.62857], [-79.3298, 43.62861], [-79.32978, 43.62865], [-79.32974, 43.62866], [-79.32974, 43.62868], [-79.32972, 43.62871], [-79.32971, 43.62872], [-79.3297, 43.62875], [-79.32968, 43.62877], [-79.32965, 43.62879], [-79.32965, 43.62881], [-79.32964, 43.62882], [-79.32963, 43.62884], [-79.32961, 43.62886], [-79.3296, 43.62887], [-79.3296, 43.62887], [-79.32959, 43.62889], [-79.32959, 43.6289], [-79.32958, 43.62892], [-79.32957, 43.62895], [-79.32954, 43.629], [-79.32953, 43.62904], [-79.32951, 43.62907], [-79.3295, 43.62909], [-79.32949, 43.62911], [-79.32948, 43.62913], [-79.32947, 43.62915], [-79.32946, 43.62919], [-79.32946, 43.62921], [-79.32946, 43.62923], [-79.32945, 43.62925], [-79.32943, 43.62927], [-79.3294, 43.6293], [-79.32937, 43.62933], [-79.32936, 43.62938], [-79.32936, 43.62942], [-79.32935, 43.62945], [-79.32934, 43.62947], [-79.32931, 43.62949], [-79.32929, 43.62952], [-79.32924, 43.62956], [-79.3292, 43.62962], [-79.32917, 43.62966], [-79.32914, 43.62969], [-79.32913, 43.62971], [-79.32912, 43.62973], [-79.3291, 43.62976], [-79.32908, 43.62978], [-79.32904, 43.62981], [-79.32902, 43.62983], [-79.32902, 43.62983], [-79.32901, 43.62985], [-79.32899, 43.62988], [-79.32895, 43.62994], [-79.32891, 43.62999], [-79.32887, 43.63005], [-79.32884, 43.63009], [-79.32882, 43.63011], [-79.32882, 43.63013], [-79.32879, 43.63017], [-79.32878, 43.63021], [-79.32876, 43.63027], [-79.32874, 43.63028], [-79.32873, 43.63029], [-79.32872, 43.6303], [-79.32872, 43.63031], [-79.32872, 43.63033], [-79.32871, 43.63035], [-79.32869, 43.63038], [-79.32868, 43.63041], [-79.32868, 43.63043], [-79.32868, 43.63045], [-79.32868, 43.63047], [-79.32867, 43.63049], [-79.32867, 43.63051], [-79.32866, 43.63053], [-79.32865, 43.63056], [-79.32865, 43.6306], [-79.32865, 43.63064], [-79.32866, 43.63067], [-79.32868, 43.63071], [-79.32872, 43.63077], [-79.32874, 43.6308], [-79.32879, 43.63084], [-79.32883, 43.63088], [-79.32887, 43.63091], [-79.32891, 43.63094], [-79.32894, 43.63096], [-79.32899, 43.63097], [-79.32908, 43.631], [-79.32911, 43.63101], [-79.32936, 43.63109], [-79.32963, 43.63117], [-79.32986, 43.63123], [-79.32991, 43.63125], [-79.32993, 43.63126], [-79.32998, 43.63127], [-79.33003, 43.63129], [-79.33008, 43.63129], [-79.33013, 43.6313], [-79.33018, 43.6313], [-79.33022, 43.63129], [-79.33025, 43.63127], [-79.33035, 43.63126], [-79.3304, 43.63125], [-79.33044, 43.63125], [-79.33046, 43.63125], [-79.33047, 43.63125], [-79.33063, 43.63126], [-79.33068, 43.63125], [-79.33073, 43.63125], [-79.33079, 43.63124], [-79.33084, 43.63123], [-79.33086, 43.63123], [-79.33086, 43.63124], [-79.33087, 43.63125], [-79.33088, 43.63125], [-79.33095, 43.63126], [-79.33102, 43.63127], [-79.33115, 43.63127], [-79.33123, 43.63127], [-79.33126, 43.63127], [-79.33131, 43.63126], [-79.33135, 43.63126], [-79.3314, 43.63124], [-79.33145, 43.63123], [-79.33148, 43.6312], [-79.33152, 43.63119], [-79.33154, 43.63117], [-79.33156, 43.63114], [-79.33158, 43.63112], [-79.33159, 43.6311], [-79.33162, 43.63104], [-79.33164, 43.63098], [-79.33165, 43.63093], [-79.33167, 43.6309], [-79.33169, 43.63086], [-79.33173, 43.63083], [-79.33177, 43.63078], [-79.33179, 43.63076], [-79.33181, 43.63073], [-79.33181, 43.63071], [-79.33181, 43.63069], [-79.33181, 43.63067], [-79.33182, 43.63063], [-79.33183, 43.6306], [-79.33185, 43.63057], [-79.33188, 43.63054], [-79.33192, 43.63052], [-79.33195, 43.63049], [-79.33199, 43.63047], [-79.33203, 43.63046], [-79.33211, 43.63045], [-79.33216, 43.63044], [-79.33223, 43.63044], [-79.33228, 43.63043], [-79.33234, 43.6304], [-79.33238, 43.63038], [-79.33241, 43.63035], [-79.33244, 43.63031], [-79.33245, 43.63028], [-79.33247, 43.63024], [-79.33248, 43.63019], [-79.3325, 43.63017], [-79.33254, 43.63016], [-79.33256, 43.63016], [-79.33257, 43.63016], [-79.3326, 43.63018], [-79.33263, 43.6302], [-79.33266, 43.63022], [-79.33266, 43.63024], [-79.33266, 43.63027], [-79.33266, 43.63031], [-79.33264, 43.63034], [-79.33261, 43.63037], [-79.33258, 43.63038], [-79.33257, 43.63039], [-79.33255, 43.63041], [-79.33253, 43.63043], [-79.33252, 43.63045], [-79.33252, 43.63047], [-79.33252, 43.6305], [-79.33251, 43.63052], [-79.33251, 43.63054], [-79.33251, 43.63056], [-79.33252, 43.63058], [-79.33254, 43.6306], [-79.33256, 43.63062], [-79.3326, 43.63063], [-79.33263, 43.63065], [-79.33267, 43.63066], [-79.3327, 43.63067], [-79.33274, 43.63068], [-79.33279, 43.63069], [-79.33284, 43.6307], [-79.3329, 43.6307], [-79.33295, 43.63069], [-79.33297, 43.63069], [-79.33306, 43.63068], [-79.33316, 43.63065], [-79.33335, 43.63062], [-79.33352, 43.63057], [-79.33363, 43.63054], [-79.3337, 43.63051], [-79.33374, 43.63049], [-79.33378, 43.63046], [-79.33382, 43.63043], [-79.33385, 43.63041], [-79.33387, 43.63038], [-79.33389, 43.63035], [-79.33389, 43.63034], [-79.33391, 43.6303], [-79.33392, 43.63028], [-79.33392, 43.63025], [-79.33391, 43.63021], [-79.33391, 43.63018], [-79.33389, 43.63016], [-79.33384, 43.63007], [-79.3338, 43.63003], [-79.33378, 43.63], [-79.33377, 43.62996], [-79.33375, 43.62992], [-79.33374, 43.62988], [-79.33372, 43.62983], [-79.33372, 43.62978], [-79.33372, 43.62975], [-79.33372, 43.62969], [-79.33372, 43.62966], [-79.33373, 43.62963], [-79.33375, 43.6296], [-79.33379, 43.62956], [-79.33383, 43.62952], [-79.33388, 43.62949], [-79.33392, 43.62946], [-79.33398, 43.62942], [-79.33401, 43.6294], [-79.33405, 43.62939], [-79.33409, 43.62938], [-79.33413, 43.62938], [-79.33417, 43.62938], [-79.33422, 43.62939], [-79.33427, 43.6294], [-79.33433, 43.62941], [-79.33437, 43.62941], [-79.33442, 43.62943], [-79.33446, 43.62944], [-79.33451, 43.62946], [-79.33462, 43.62952], [-79.33478, 43.62962], [-79.33486, 43.62967], [-79.33491, 43.62969], [-79.33498, 43.62972], [-79.33503, 43.62973], [-79.33508, 43.62974], [-79.33515, 43.62973], [-79.33519, 43.62973], [-79.33524, 43.62972], [-79.33528, 43.6297], [-79.33537, 43.62967], [-79.33542, 43.62965], [-79.33552, 43.6296], [-79.33568, 43.62952], [-79.33581, 43.62945], [-79.33589, 43.6294], [-79.33597, 43.62935], [-79.33604, 43.62928], [-79.33608, 43.62922], [-79.3361, 43.6292], [-79.33611, 43.62918], [-79.3361, 43.62916], [-79.33611, 43.62913], [-79.33612, 43.6291], [-79.33613, 43.62909], [-79.33615, 43.62909], [-79.33616, 43.62909], [-79.3362, 43.62911], [-79.33625, 43.62914], [-79.33629, 43.62916], [-79.33632, 43.62919], [-79.33635, 43.62924], [-79.33638, 43.62924], [-79.33639, 43.62925], [-79.33642, 43.62927], [-79.33643, 43.6293], [-79.33645, 43.62933], [-79.33646, 43.62937], [-79.33643, 43.62938], [-79.33643, 43.62941], [-79.33642, 43.62946], [-79.33642, 43.6295], [-79.3364, 43.62957], [-79.33639, 43.6296], [-79.33636, 43.62966], [-79.33634, 43.62972], [-79.33634, 43.6298], [-79.33634, 43.62986], [-79.33634, 43.6299], [-79.33634, 43.62992], [-79.33632, 43.62994], [-79.3363, 43.62995], [-79.33626, 43.62996], [-79.33621, 43.62996], [-79.33617, 43.62998], [-79.33612, 43.63], [-79.33605, 43.63004], [-79.336, 43.63005], [-79.33596, 43.63007], [-79.33594, 43.6301], [-79.33588, 43.63015], [-79.33581, 43.63022], [-79.33575, 43.63028], [-79.33571, 43.63033], [-79.33567, 43.63037], [-79.33565, 43.6304], [-79.3356, 43.63044], [-79.33557, 43.63049], [-79.33556, 43.63051], [-79.33554, 43.63054], [-79.33551, 43.63056], [-79.33549, 43.63057], [-79.33547, 43.63059], [-79.33546, 43.63061], [-79.33542, 43.63063], [-79.33537, 43.63065], [-79.3353, 43.63066], [-79.33521, 43.6307], [-79.33515, 43.63073], [-79.33511, 43.63077], [-79.33506, 43.63084], [-79.33505, 43.63084], [-79.33503, 43.63084], [-79.33501, 43.63084], [-79.33499, 43.63085], [-79.33495, 43.63086], [-79.33493, 43.63087], [-79.3349, 43.63088], [-79.33487, 43.6309], [-79.33486, 43.63092], [-79.33484, 43.63095], [-79.33481, 43.631], [-79.33477, 43.63108], [-79.33473, 43.63115], [-79.33471, 43.63121], [-79.33469, 43.63128], [-79.33466, 43.63143], [-79.33462, 43.63151], [-79.33459, 43.63156], [-79.33456, 43.63161], [-79.33452, 43.63163], [-79.33447, 43.63165], [-79.33441, 43.63166], [-79.33437, 43.63166], [-79.33429, 43.63167], [-79.33423, 43.63166], [-79.33417, 43.63165], [-79.3341, 43.63164], [-79.33403, 43.63163], [-79.33393, 43.63161], [-79.33385, 43.6316], [-79.33377, 43.63158], [-79.3337, 43.63158], [-79.33362, 43.63157], [-79.33351, 43.63157], [-79.33341, 43.63157], [-79.33334, 43.63158], [-79.3333, 43.63158], [-79.33326, 43.63158], [-79.33321, 43.63159], [-79.33317, 43.63161], [-79.33314, 43.63163], [-79.33312, 43.63164], [-79.33309, 43.63166], [-79.33304, 43.63167], [-79.33292, 43.63171], [-79.33276, 43.63177], [-79.33271, 43.63179], [-79.33265, 43.63181], [-79.33258, 43.63183], [-79.33245, 43.63186], [-79.33239, 43.63188], [-79.33229, 43.63192], [-79.33225, 43.63194], [-79.33216, 43.63199], [-79.33204, 43.63206], [-79.3319, 43.63213], [-79.33173, 43.63218], [-79.33157, 43.63223], [-79.33144, 43.63228], [-79.33136, 43.63235], [-79.33132, 43.63237], [-79.33129, 43.63238], [-79.33125, 43.63239], [-79.33114, 43.63247], [-79.33103, 43.63255], [-79.33089, 43.63263], [-79.33075, 43.63268], [-79.33065, 43.63274], [-79.33056, 43.63278], [-79.33051, 43.6328], [-79.33043, 43.63282], [-79.33036, 43.63284], [-79.3303, 43.63285], [-79.33021, 43.63285], [-79.33013, 43.63285], [-79.33006, 43.63285], [-79.32998, 43.63285], [-79.32986, 43.63291], [-79.32965, 43.63301], [-79.32963, 43.63304], [-79.32962, 43.63309], [-79.32961, 43.63313], [-79.32961, 43.63318], [-79.32961, 43.63322], [-79.32961, 43.63326], [-79.32963, 43.63331], [-79.32964, 43.63336], [-79.32965, 43.63341], [-79.32965, 43.63344], [-79.32965, 43.63347], [-79.32964, 43.63352], [-79.32962, 43.63357], [-79.3296, 43.63362], [-79.32958, 43.63364], [-79.32954, 43.63367], [-79.32951, 43.63369], [-79.32949, 43.63369], [-79.32948, 43.63368], [-79.32947, 43.63367], [-79.32946, 43.63365], [-79.32947, 43.63363], [-79.3295, 43.63359], [-79.32951, 43.63355], [-79.32952, 43.63351], [-79.32952, 43.63349], [-79.32951, 43.63342], [-79.32951, 43.63335], [-79.32949, 43.63326], [-79.32949, 43.63323], [-79.32949, 43.63318], [-79.32949, 43.63317], [-79.32949, 43.63314], [-79.32949, 43.63313], [-79.32949, 43.63313], [-79.32947, 43.63313], [-79.32945, 43.63314], [-79.32937, 43.63318], [-79.32932, 43.63322], [-79.32931, 43.63323], [-79.32931, 43.63325], [-79.32928, 43.63325], [-79.32924, 43.63327], [-79.3292, 43.63329], [-79.32916, 43.63333], [-79.32915, 43.63334], [-79.32915, 43.63335], [-79.32916, 43.63336], [-79.32916, 43.63336], [-79.32915, 43.63337], [-79.32914, 43.63338], [-79.32912, 43.63339], [-79.3291, 43.63341], [-79.32909, 43.63342], [-79.32907, 43.63343], [-79.32906, 43.63344], [-79.32905, 43.63345], [-79.32901, 43.63344], [-79.32899, 43.63346], [-79.32903, 43.63348], [-79.32903, 43.63349], [-79.32902, 43.63351], [-79.32902, 43.63353], [-79.32903, 43.63355], [-79.32904, 43.63358], [-79.32904, 43.6336], [-79.32902, 43.63363], [-79.32892, 43.63368], [-79.32886, 43.63372], [-79.32881, 43.63376], [-79.32874, 43.63381], [-79.32867, 43.63385], [-79.3286, 43.63389], [-79.32855, 43.63391], [-79.32854, 43.63394], [-79.32853, 43.63396], [-79.32849, 43.63398], [-79.32846, 43.634], [-79.32846, 43.63401], [-79.32846, 43.63402], [-79.32845, 43.63403], [-79.32842, 43.63404], [-79.32839, 43.63405], [-79.32835, 43.63406], [-79.32832, 43.63409], [-79.3283, 43.63412], [-79.32829, 43.63415], [-79.32826, 43.63418], [-79.32823, 43.63421], [-79.32821, 43.63422], [-79.32818, 43.63423], [-79.32815, 43.63426], [-79.3281, 43.63429], [-79.32805, 43.63433], [-79.32801, 43.63436], [-79.32796, 43.63439], [-79.32792, 43.6344], [-79.32785, 43.63441], [-79.32776, 43.63442], [-79.3276, 43.63446], [-79.32748, 43.6345], [-79.32741, 43.63453], [-79.32737, 43.63456], [-79.32735, 43.63456], [-79.32733, 43.63457], [-79.32732, 43.63459], [-79.32729, 43.63461], [-79.32724, 43.63465], [-79.32721, 43.63466], [-79.32717, 43.63466], [-79.32714, 43.63467], [-79.32711, 43.63468], [-79.3271, 43.63469], [-79.32709, 43.6347], [-79.32707, 43.63469], [-79.32706, 43.63469], [-79.32704, 43.6347], [-79.32701, 43.63472], [-79.32696, 43.63474], [-79.32689, 43.63476], [-79.32686, 43.63478], [-79.32682, 43.6348], [-79.32678, 43.63481], [-79.32674, 43.63482], [-79.32672, 43.63483], [-79.32663, 43.63486], [-79.32657, 43.63488], [-79.32652, 43.63489], [-79.32648, 43.63489], [-79.32645, 43.6349], [-79.32643, 43.6349], [-79.32639, 43.63492], [-79.32635, 43.63494], [-79.32632, 43.63497], [-79.32631, 43.63498], [-79.3263, 43.63499], [-79.3263, 43.63501], [-79.32629, 43.63505], [-79.32628, 43.63508], [-79.32628, 43.63511], [-79.32627, 43.63514], [-79.32626, 43.63515], [-79.32626, 43.63517], [-79.32627, 43.63518], [-79.32629, 43.63519], [-79.32632, 43.6352], [-79.32637, 43.6352], [-79.32641, 43.6352], [-79.32647, 43.63521], [-79.32654, 43.63521], [-79.32659, 43.63521], [-79.32666, 43.6352], [-79.3267, 43.63519], [-79.32673, 43.63518], [-79.32676, 43.63517], [-79.32679, 43.63517], [-79.32681, 43.63517], [-79.32684, 43.63519], [-79.32685, 43.6352], [-79.32685, 43.63521], [-79.32684, 43.63523], [-79.32683, 43.63523], [-79.3268, 43.63524], [-79.32677, 43.63525], [-79.32672, 43.63525], [-79.32668, 43.63526], [-79.3266, 43.63526], [-79.32651, 43.63526], [-79.32639, 43.63526], [-79.32632, 43.63526], [-79.32628, 43.63526], [-79.32626, 43.63528], [-79.32624, 43.63529], [-79.32623, 43.63532], [-79.32623, 43.63535], [-79.32623, 43.63538], [-79.32622, 43.63539], [-79.3262, 43.63548], [-79.32619, 43.63551], [-79.32618, 43.63554], [-79.32618, 43.63558], [-79.32616, 43.63562], [-79.32611, 43.63566], [-79.32602, 43.63571], [-79.32598, 43.63574], [-79.32591, 43.63578], [-79.32583, 43.6358], [-79.32574, 43.63581], [-79.32558, 43.63583], [-79.32544, 43.63585], [-79.32533, 43.63588], [-79.32519, 43.63596], [-79.32511, 43.63602], [-79.32496, 43.63609], [-79.32484, 43.63617], [-79.32471, 43.63627], [-79.32459, 43.63635], [-79.32447, 43.63646], [-79.32437, 43.63658], [-79.3243, 43.6367], [-79.32419, 43.63682], [-79.32409, 43.63694], [-79.32396, 43.63704], [-79.32383, 43.63713], [-79.32371, 43.63722], [-79.32363, 43.63736], [-79.32353, 43.63746], [-79.3234, 43.63753], [-79.32333, 43.63764], [-79.32327, 43.63777], [-79.32318, 43.63789], [-79.3231, 43.63801], [-79.32303, 43.63815], [-79.32297, 43.63828], [-79.32297, 43.63844], [-79.32296, 43.63857], [-79.32299, 43.63872], [-79.323, 43.63883], [-79.32299, 43.63898], [-79.32294, 43.63911], [-79.32289, 43.63924], [-79.32285, 43.63937], [-79.32281, 43.6395], [-79.32278, 43.63964], [-79.32275, 43.63976], [-79.32274, 43.63988], [-79.3227, 43.64], [-79.3227, 43.64009], [-79.32269, 43.64023], [-79.32265, 43.64035], [-79.3226, 43.64047], [-79.32261, 43.6406], [-79.32261, 43.6407], [-79.32264, 43.64083], [-79.32263, 43.64095], [-79.32262, 43.64108], [-79.32262, 43.64121], [-79.32255, 43.6413], [-79.32244, 43.64138], [-79.32236, 43.64146], [-79.32232, 43.64156], [-79.3223, 43.64167], [-79.32228, 43.64179], [-79.32224, 43.64189], [-79.32221, 43.64202], [-79.32219, 43.64216], [-79.32214, 43.64228], [-79.32211, 43.64242], [-79.3221, 43.64253], [-79.32211, 43.64265], [-79.32208, 43.64277], [-79.32203, 43.64287], [-79.32199, 43.64299], [-79.32197, 43.64309], [-79.32198, 43.64319], [-79.32195, 43.6433], [-79.32189, 43.64341], [-79.32185, 43.6435], [-79.32182, 43.6436], [-79.32176, 43.64368], [-79.32174, 43.64375], [-79.32175, 43.64383], [-79.32176, 43.64393], [-79.32172, 43.64404], [-79.32168, 43.64413], [-79.32166, 43.64424], [-79.32165, 43.64435], [-79.32163, 43.64444], [-79.32161, 43.64453], [-79.32159, 43.64461], [-79.32158, 43.64467], [-79.32158, 43.64472], [-79.32166, 43.64475], [-79.32168, 43.64476], [-79.32168, 43.64482], [-79.32432, 43.64521], [-79.32458, 43.6444], [-79.32446, 43.64425], [-79.32533, 43.64227], [-79.3263, 43.6408], [-79.32545, 43.64048], [-79.32542, 43.64048], [-79.32535, 43.64045], [-79.32528, 43.6404], [-79.32518, 43.64037], [-79.32508, 43.64032], [-79.32498, 43.64028], [-79.32486, 43.64023], [-79.32475, 43.6402], [-79.32469, 43.64015], [-79.32471, 43.64007], [-79.32479, 43.64001], [-79.32486, 43.63994], [-79.32495, 43.6399], [-79.32506, 43.6399], [-79.32517, 43.63995], [-79.32527, 43.63999], [-79.32538, 43.64003], [-79.32549, 43.64006], [-79.32559, 43.64007], [-79.32571, 43.64012], [-79.32584, 43.64018], [-79.32596, 43.64022], [-79.3261, 43.64025], [-79.32624, 43.64028], [-79.32636, 43.64034], [-79.32647, 43.64041], [-79.32659, 43.64046], [-79.32671, 43.64043], [-79.32679, 43.64036], [-79.32686, 43.64027], [-79.32693, 43.64017], [-79.327, 43.64007], [-79.32706, 43.63997], [-79.32714, 43.63986], [-79.32723, 43.63976], [-79.32732, 43.63969], [-79.32743, 43.6396], [-79.32751, 43.6395], [-79.32758, 43.6394], [-79.32765, 43.63931], [-79.32773, 43.63922], [-79.32782, 43.63912], [-79.32792, 43.63903], [-79.32803, 43.63895], [-79.32812, 43.63887], [-79.32822, 43.63878], [-79.32831, 43.63868], [-79.32838, 43.63858], [-79.32847, 43.63849], [-79.32857, 43.6384], [-79.32866, 43.63832], [-79.32874, 43.63824], [-79.32876, 43.63822], [-79.32886, 43.63811], [-79.32886, 43.63809], [-79.32886, 43.63806], [-79.32884, 43.63801], [-79.32881, 43.63794], [-79.32878, 43.63787], [-79.32873, 43.63781], [-79.32868, 43.63776], [-79.32862, 43.63772], [-79.32859, 43.63767], [-79.32858, 43.63763], [-79.32858, 43.63759], [-79.32861, 43.63754], [-79.32866, 43.63748], [-79.32871, 43.63743], [-79.32883, 43.63733], [-79.32892, 43.63726], [-79.32914, 43.63718], [-79.32929, 43.63711], [-79.32943, 43.63707], [-79.32948, 43.63706], [-79.32952, 43.63706], [-79.32955, 43.63706], [-79.32959, 43.63708], [-79.32962, 43.63711], [-79.32965, 43.63715], [-79.32966, 43.63723], [-79.32969, 43.63732], [-79.32971, 43.63739], [-79.32977, 43.63749], [-79.32986, 43.63759], [-79.32999, 43.63772], [-79.33009, 43.6378], [-79.33013, 43.63784], [-79.33017, 43.63785], [-79.33023, 43.63789], [-79.33027, 43.63799], [-79.33026, 43.63806], [-79.33028, 43.63815], [-79.3303, 43.63827], [-79.33033, 43.63836], [-79.33037, 43.63844], [-79.33042, 43.63848], [-79.33046, 43.6385], [-79.33051, 43.63853], [-79.33057, 43.63855], [-79.33066, 43.63859], [-79.33077, 43.63862], [-79.33091, 43.63866], [-79.33094, 43.63869], [-79.33095, 43.63872], [-79.33095, 43.63874], [-79.33095, 43.63878], [-79.33091, 43.63879], [-79.33086, 43.6388], [-79.3308, 43.6388], [-79.33065, 43.63879], [-79.33053, 43.6388], [-79.33041, 43.63881], [-79.33035, 43.63883], [-79.3303, 43.63885], [-79.33022, 43.6389], [-79.33015, 43.63893], [-79.33008, 43.63896], [-79.33004, 43.63899], [-79.32998, 43.63905], [-79.3299, 43.63913], [-79.32982, 43.63921], [-79.32979, 43.63928], [-79.32975, 43.63934], [-79.32973, 43.6394], [-79.32973, 43.63945], [-79.32975, 43.63953], [-79.32977, 43.63958], [-79.3298, 43.63961], [-79.32981, 43.63964], [-79.32988, 43.63975], [-79.32989, 43.63979], [-79.32987, 43.6398], [-79.32984, 43.63981], [-79.32979, 43.63982], [-79.3296, 43.63984], [-79.32942, 43.63986], [-79.3293, 43.6399], [-79.32918, 43.63994], [-79.32905, 43.64002], [-79.32891, 43.64011], [-79.32878, 43.64022], [-79.32871, 43.64031], [-79.32864, 43.64043], [-79.32861, 43.6405], [-79.32858, 43.64056], [-79.32856, 43.64063], [-79.32858, 43.64066], [-79.32863, 43.64072], [-79.32864, 43.64077], [-79.32866, 43.64082], [-79.32866, 43.64084], [-79.32866, 43.64086], [-79.32863, 43.64088], [-79.3286, 43.6409], [-79.32851, 43.64093], [-79.3284, 43.64096], [-79.32829, 43.64097], [-79.328, 43.64102], [-79.32786, 43.64107], [-79.32779, 43.64111], [-79.32773, 43.64115], [-79.32768, 43.64119], [-79.32761, 43.64128], [-79.32753, 43.64138], [-79.32749, 43.64145], [-79.32747, 43.6415], [-79.32744, 43.64154], [-79.32743, 43.64161], [-79.32742, 43.64166], [-79.32741, 43.64171], [-79.32741, 43.64177], [-79.32742, 43.64183], [-79.32745, 43.6419], [-79.3275, 43.64196], [-79.32756, 43.64203], [-79.32758, 43.64208], [-79.3276, 43.6421], [-79.32761, 43.64212], [-79.32761, 43.64214], [-79.3276, 43.64217], [-79.32758, 43.64218], [-79.32756, 43.64219], [-79.32753, 43.64221], [-79.32749, 43.64222], [-79.32745, 43.64224], [-79.32743, 43.64226], [-79.32739, 43.64228], [-79.32735, 43.64231], [-79.32731, 43.64235], [-79.32727, 43.64239], [-79.32724, 43.64244], [-79.3272, 43.64249], [-79.32717, 43.64256], [-79.32715, 43.64266], [-79.3271, 43.64281], [-79.32711, 43.64298], [-79.32711, 43.64298], [-79.32712, 43.64311], [-79.32713, 43.64317], [-79.32716, 43.64328], [-79.32723, 43.64336], [-79.32729, 43.64346], [-79.32735, 43.64355], [-79.32746, 43.64362], [-79.32757, 43.64371], [-79.32775, 43.64385], [-79.32788, 43.64394], [-79.32803, 43.64399], [-79.3282, 43.64408], [-79.32836, 43.64412], [-79.32845, 43.64416], [-79.32849, 43.64421], [-79.32851, 43.64426], [-79.32851, 43.6443], [-79.32847, 43.64434], [-79.32838, 43.64437], [-79.32833, 43.64437], [-79.32824, 43.64435], [-79.32808, 43.64428], [-79.32783, 43.64417], [-79.32757, 43.64409], [-79.32737, 43.64404], [-79.3273, 43.644], [-79.32723, 43.64399], [-79.32709, 43.64397], [-79.32692, 43.64398], [-79.32682, 43.64398], [-79.32674, 43.64402], [-79.32668, 43.6441], [-79.32665, 43.64418], [-79.32658, 43.64425], [-79.32648, 43.64434], [-79.32641, 43.6444], [-79.3263, 43.64453], [-79.32619, 43.64466], [-79.3261, 43.64475], [-79.32603, 43.64483], [-79.32596, 43.6449], [-79.32589, 43.64497], [-79.32582, 43.64507], [-79.32577, 43.64514], [-79.32572, 43.6452], [-79.32569, 43.64526], [-79.32562, 43.64533], [-79.32556, 43.6454], [-79.32552, 43.64543], [-79.32546, 43.64546], [-79.32541, 43.64549], [-79.3254, 43.64552], [-79.32538, 43.64556], [-79.32537, 43.6456], [-79.32536, 43.64563], [-79.32538, 43.64569], [-79.32541, 43.64576], [-79.32544, 43.64583], [-79.32548, 43.64596], [-79.3255, 43.64604], [-79.32552, 43.64611], [-79.32553, 43.64615], [-79.32554, 43.64621], [-79.32555, 43.64627], [-79.32555, 43.64633], [-79.32557, 43.6464], [-79.32558, 43.64649], [-79.3256, 43.64657], [-79.32562, 43.64664], [-79.32564, 43.64668], [-79.32567, 43.64673], [-79.32571, 43.64677], [-79.32575, 43.64681], [-79.3258, 43.64684], [-79.32585, 43.64687], [-79.3259, 43.6469], [-79.32596, 43.64692], [-79.32601, 43.64691], [-79.3261, 43.6469], [-79.32627, 43.64689], [-79.32643, 43.64691], [-79.32655, 43.64695], [-79.32659, 43.64696], [-79.32661, 43.64694], [-79.32663, 43.64692], [-79.32666, 43.64689], [-79.32674, 43.64685], [-79.32681, 43.64685], [-79.32687, 43.64685], [-79.32691, 43.64687], [-79.32696, 43.6469], [-79.32702, 43.64693], [-79.32709, 43.64695], [-79.32714, 43.64696], [-79.32718, 43.64697], [-79.32723, 43.64699], [-79.32728, 43.64701], [-79.32735, 43.64703], [-79.32739, 43.64705], [-79.32739, 43.64707], [-79.32739, 43.64708], [-79.32738, 43.64711], [-79.32737, 43.64714], [-79.32733, 43.6472], [-79.32731, 43.64722], [-79.3273, 43.64724], [-79.3273, 43.64725], [-79.32736, 43.6473], [-79.32747, 43.64735], [-79.32782, 43.64748], [-79.32818, 43.64762], [-79.32821, 43.64764], [-79.32824, 43.64763], [-79.32826, 43.64763], [-79.32824, 43.64761], [-79.32834, 43.64757], [-79.32836, 43.64761], [-79.32868, 43.64745], [-79.32867, 43.64743], [-79.32876, 43.6474], [-79.32879, 43.64743], [-79.3288, 43.64742], [-79.32883, 43.64742], [-79.32887, 43.64741], [-79.32889, 43.6474], [-79.32891, 43.64738], [-79.32893, 43.64737], [-79.329, 43.64734], [-79.32906, 43.64731], [-79.32915, 43.64726], [-79.3293, 43.64717], [-79.32946, 43.64708], [-79.32955, 43.64703], [-79.32963, 43.64701], [-79.32967, 43.64699], [-79.32971, 43.64696], [-79.32995, 43.64685], [-79.33016, 43.64676], [-79.33032, 43.64667], [-79.33044, 43.64659], [-79.33045, 43.64659], [-79.33056, 43.64645], [-79.33067, 43.6463], [-79.33074, 43.64615], [-79.33085, 43.64602], [-79.33096, 43.64588], [-79.33111, 43.64576], [-79.33128, 43.64563], [-79.33147, 43.64553], [-79.33166, 43.64541], [-79.33181, 43.64528], [-79.33198, 43.64517], [-79.33216, 43.64506], [-79.33234, 43.64496], [-79.33249, 43.64483], [-79.33263, 43.6447], [-79.33278, 43.64457], [-79.33292, 43.64443], [-79.33307, 43.64429], [-79.33322, 43.64416], [-79.33338, 43.64404], [-79.33353, 43.64395], [-79.33364, 43.64384], [-79.33375, 43.64371], [-79.33386, 43.64356], [-79.33401, 43.64344], [-79.33415, 43.64331], [-79.33429, 43.64318], [-79.33444, 43.64306], [-79.33458, 43.64294], [-79.3347, 43.64282], [-79.33483, 43.64271], [-79.33493, 43.64261], [-79.33503, 43.64252], [-79.3351, 43.64243], [-79.33519, 43.64236], [-79.33522, 43.64234], [-79.33529, 43.64227], [-79.33527, 43.64226], [-79.33525, 43.64225], [-79.33525, 43.64224], [-79.33526, 43.64223], [-79.33528, 43.64223], [-79.33533, 43.64216], [-79.33525, 43.6421], [-79.3354, 43.64199], [-79.33545, 43.64202], [-79.33554, 43.64192], [-79.33557, 43.64195], [-79.33565, 43.64185], [-79.33569, 43.64181], [-79.33574, 43.64182], [-79.33591, 43.64168], [-79.33589, 43.64166], [-79.33591, 43.64165], [-79.33589, 43.64164], [-79.33603, 43.64152], [-79.33605, 43.64153], [-79.33607, 43.64154], [-79.33613, 43.6415], [-79.33614, 43.64149], [-79.33618, 43.64145], [-79.33622, 43.64142], [-79.3363, 43.64136], [-79.33631, 43.64134], [-79.33633, 43.64132], [-79.33633, 43.64129], [-79.33644, 43.64117], [-79.33646, 43.64118], [-79.33647, 43.64117], [-79.33649, 43.64117], [-79.33656, 43.64111], [-79.33657, 43.64111], [-79.33671, 43.64098], [-79.33683, 43.64084], [-79.33696, 43.6407], [-79.3371, 43.64056], [-79.33723, 43.64045], [-79.33737, 43.64034], [-79.33741, 43.64025], [-79.33742, 43.64023], [-79.33741, 43.64021], [-79.3374, 43.64016], [-79.33738, 43.64012], [-79.33735, 43.64007], [-79.3373, 43.63999], [-79.33725, 43.63993], [-79.33722, 43.63991], [-79.33719, 43.63991], [-79.33715, 43.63991], [-79.33707, 43.63984], [-79.33702, 43.63981], [-79.337, 43.63979], [-79.33699, 43.63978], [-79.33699, 43.63976], [-79.33697, 43.63974], [-79.33688, 43.63968], [-79.33671, 43.63957], [-79.33654, 43.63947], [-79.33639, 43.63941], [-79.33619, 43.63942], [-79.33601, 43.63952], [-79.33585, 43.63966], [-79.33564, 43.63979], [-79.33543, 43.63991], [-79.33527, 43.63997], [-79.33517, 43.64003], [-79.3351, 43.64007], [-79.33503, 43.64011], [-79.33497, 43.64015], [-79.33494, 43.64018], [-79.33491, 43.64021], [-79.33488, 43.64026], [-79.33486, 43.64028], [-79.33483, 43.6403], [-79.3348, 43.64031], [-79.33479, 43.64033], [-79.33476, 43.64035], [-79.33474, 43.64036], [-79.3347, 43.64039], [-79.33464, 43.64043], [-79.33459, 43.64047], [-79.33456, 43.64051], [-79.33454, 43.64052], [-79.3345, 43.64052], [-79.33448, 43.64052], [-79.33447, 43.64051], [-79.33445, 43.6405], [-79.33443, 43.64048], [-79.33442, 43.64045], [-79.33443, 43.6404], [-79.33445, 43.64037], [-79.33449, 43.64032], [-79.33452, 43.64029], [-79.3346, 43.64025], [-79.3347, 43.6402], [-79.3348, 43.64015], [-79.33494, 43.64008], [-79.33504, 43.64001], [-79.33508, 43.63999], [-79.33517, 43.63993], [-79.33524, 43.63988], [-79.33533, 43.63982], [-79.33544, 43.63976], [-79.33555, 43.63968], [-79.33561, 43.63964], [-79.33567, 43.63959], [-79.33572, 43.63955], [-79.33574, 43.63951], [-79.33577, 43.63947], [-79.33578, 43.63942], [-79.3358, 43.63938], [-79.33584, 43.63937], [-79.33585, 43.63936], [-79.3359, 43.63936], [-79.33594, 43.63936], [-79.33598, 43.63936], [-79.33603, 43.63937], [-79.33612, 43.63935], [-79.33613, 43.63934], [-79.33614, 43.63932], [-79.33616, 43.6393], [-79.33618, 43.6393], [-79.3362, 43.6393], [-79.33623, 43.6393], [-79.33628, 43.6393], [-79.33634, 43.63929], [-79.33638, 43.63928], [-79.33642, 43.63926], [-79.33648, 43.63923], [-79.33651, 43.63921], [-79.33649, 43.6392], [-79.33648, 43.6392], [-79.33648, 43.63919], [-79.3365, 43.63918], [-79.33651, 43.63918], [-79.33653, 43.63918], [-79.33658, 43.63919], [-79.3366, 43.63921], [-79.33661, 43.63921], [-79.33663, 43.63922], [-79.33671, 43.63923], [-79.33688, 43.63927], [-79.33703, 43.63931], [-79.33716, 43.63935], [-79.33731, 43.63938], [-79.33741, 43.6394], [-79.33752, 43.63941], [-79.33761, 43.63942], [-79.33765, 43.63943], [-79.33767, 43.63941], [-79.33773, 43.63942], [-79.33776, 43.6394], [-79.33778, 43.63938], [-79.33781, 43.63938], [-79.33786, 43.63936], [-79.33795, 43.63935], [-79.33801, 43.63934], [-79.33807, 43.63934], [-79.33811, 43.63934], [-79.33812, 43.63935], [-79.33814, 43.63936], [-79.33817, 43.63936], [-79.33825, 43.63937], [-79.33832, 43.63937], [-79.33844, 43.63938], [-79.33856, 43.63939], [-79.33867, 43.63939], [-79.33881, 43.6394], [-79.33891, 43.6394], [-79.33905, 43.63939], [-79.33921, 43.63938], [-79.3393, 43.63937], [-79.33937, 43.63935], [-79.33957, 43.63932], [-79.33979, 43.63928], [-79.33996, 43.63926], [-79.34016, 43.63923], [-79.3404, 43.6392], [-79.34049, 43.63918], [-79.34054, 43.63917], [-79.3406, 43.63914], [-79.34065, 43.63911], [-79.3407, 43.63907], [-79.34077, 43.63902], [-79.34088, 43.63892], [-79.34093, 43.63888], [-79.34099, 43.63885], [-79.34107, 43.63881], [-79.34113, 43.63877], [-79.34122, 43.63871], [-79.34131, 43.63866], [-79.34138, 43.63861], [-79.34143, 43.63855], [-79.34151, 43.63848], [-79.34158, 43.63841], [-79.3416, 43.63835], [-79.34162, 43.63828], [-79.34163, 43.63825], [-79.34163, 43.63822], [-79.34162, 43.63819], [-79.3416, 43.63815], [-79.34158, 43.63812], [-79.34157, 43.6381], [-79.34156, 43.63809], [-79.34156, 43.63808], [-79.34156, 43.63805], [-79.34157, 43.63803], [-79.3416, 43.638], [-79.34164, 43.63799], [-79.34171, 43.63796], [-79.34183, 43.63792], [-79.34195, 43.63788], [-79.34211, 43.63783], [-79.34226, 43.63778], [-79.34242, 43.63772], [-79.34258, 43.63765], [-79.34276, 43.63755], [-79.34283, 43.63752], [-79.34293, 43.63747], [-79.34303, 43.63741], [-79.34315, 43.63731], [-79.34324, 43.63724], [-79.34336, 43.6371], [-79.34339, 43.63705], [-79.34343, 43.63702], [-79.34351, 43.63697], [-79.34359, 43.6369], [-79.3437, 43.6368], [-79.34382, 43.63671], [-79.34385, 43.63667], [-79.34387, 43.63664], [-79.34387, 43.63657], [-79.34388, 43.63653], [-79.34402, 43.63639], [-79.34406, 43.63636], [-79.34413, 43.63631], [-79.34416, 43.63626], [-79.3442, 43.63621], [-79.34429, 43.63613], [-79.34443, 43.63601], [-79.34451, 43.63595], [-79.34457, 43.63589], [-79.34471, 43.63579], [-79.34488, 43.63567], [-79.34498, 43.6356], [-79.34506, 43.63554], [-79.34511, 43.6355], [-79.34521, 43.6354], [-79.34527, 43.63533], [-79.34535, 43.63522], [-79.34544, 43.6351], [-79.34551, 43.63499], [-79.3457, 43.63494], [-79.34587, 43.6349], [-79.34607, 43.63485], [-79.34635, 43.63478], [-79.34656, 43.63472], [-79.34666, 43.63469], [-79.34676, 43.63464], [-79.34685, 43.63458], [-79.34691, 43.63453], [-79.34693, 43.63449], [-79.34697, 43.63439], [-79.347, 43.63429], [-79.34703, 43.63417], [-79.34704, 43.63405], [-79.34704, 43.63383], [-79.34704, 43.6337], [-79.34705, 43.63366], [-79.34704, 43.63365], [-79.34701, 43.63362], [-79.34699, 43.63359], [-79.34697, 43.63357], [-79.34696, 43.63354], [-79.34697, 43.63351], [-79.34698, 43.63348], [-79.34701, 43.63344], [-79.34704, 43.63343], [-79.34705, 43.63341], [-79.34705, 43.63339], [-79.34705, 43.63336], [-79.34704, 43.63332], [-79.34704, 43.63332], [-79.34702, 43.63329], [-79.34702, 43.63328], [-79.34702, 43.63326], [-79.34703, 43.63324], [-79.34704, 43.63322], [-79.34706, 43.63321], [-79.34708, 43.6332], [-79.34965, 43.63339], [-79.35368, 43.63807], [-79.35985, 43.6453], [-79.36075, 43.64721], [-79.36008, 43.6464], [-79.35943, 43.64559], [-79.35936, 43.6455], [-79.35441, 43.64762], [-79.35435, 43.64765], [-79.35427, 43.64768], [-79.34765, 43.65042], [-79.34747, 43.65051], [-79.3473, 43.65075], [-79.34732, 43.6508], [-79.34742, 43.65099], [-79.34772, 43.65141], [-79.34786, 43.65158], [-79.348, 43.65175], [-79.34814, 43.65192], [-79.34818, 43.65195], [-79.34865, 43.65253], [-79.34952, 43.65359], [-79.34952, 43.6536], [-79.34966, 43.65373], [-79.35084, 43.65477], [-79.35174, 43.65557], [-79.35198, 43.65574], [-79.35207, 43.65582], [-79.35215, 43.65589], [-79.35225, 43.65598], [-79.35233, 43.65606], [-79.35242, 43.65613], [-79.35252, 43.65621], [-79.35261, 43.65629], [-79.35269, 43.65636], [-79.35279, 43.65645], [-79.3529, 43.65653], [-79.35294, 43.65657], [-79.353, 43.65661], [-79.3531, 43.65671], [-79.3532, 43.65679], [-79.35331, 43.65688], [-79.35338, 43.65693], [-79.35342, 43.65696], [-79.35353, 43.65705], [-79.35365, 43.65715], [-79.35376, 43.65725], [-79.35387, 43.65736], [-79.35399, 43.65745], [-79.35411, 43.65757], [-79.35421, 43.65766], [-79.35428, 43.65779], [-79.35432, 43.65787], [-79.35435, 43.65791], [-79.3544, 43.65803], [-79.35443, 43.65815], [-79.35445, 43.65828], [-79.35448, 43.65841], [-79.35452, 43.65853], [-79.35456, 43.65867], [-79.3546, 43.65879], [-79.35465, 43.65892], [-79.35468, 43.65905], [-79.35471, 43.65919], [-79.35473, 43.6593], [-79.35473, 43.65931], [-79.35477, 43.65945], [-79.3548, 43.65958], [-79.35485, 43.65973], [-79.3549, 43.65986], [-79.35494, 43.66], [-79.35499, 43.66014], [-79.35503, 43.66025], [-79.35503, 43.66028], [-79.35508, 43.66042], [-79.35517, 43.66071], [-79.35521, 43.66085], [-79.35522, 43.66088], [-79.35526, 43.66101], [-79.35529, 43.66114], [-79.35534, 43.6613], [-79.35538, 43.66143], [-79.35541, 43.66158], [-79.35544, 43.66171], [-79.35545, 43.66173], [-79.35548, 43.66185], [-79.35552, 43.66199], [-79.35557, 43.66214], [-79.35561, 43.66227], [-79.35561, 43.66228], [-79.35566, 43.66241], [-79.35572, 43.66257], [-79.35576, 43.6627], [-79.35581, 43.66286], [-79.35584, 43.66299], [-79.35586, 43.66305], [-79.35588, 43.66314], [-79.35591, 43.66327], [-79.35596, 43.66342], [-79.356, 43.66354], [-79.35605, 43.66368], [-79.35609, 43.6638], [-79.35613, 43.66393], [-79.35616, 43.66405], [-79.3562, 43.66418], [-79.35623, 43.66429], [-79.35627, 43.66442], [-79.3563, 43.66453], [-79.35596, 43.6646], [-79.35577, 43.66464], [-79.35529, 43.66478], [-79.35518, 43.66481], [-79.35515, 43.66482], [-79.35473, 43.66494], [-79.35434, 43.66505], [-79.35399, 43.66514], [-79.35398, 43.66515], [-79.35353, 43.66527], [-79.35278, 43.66548], [-79.35262, 43.66549], [-79.35247, 43.66549], [-79.35214, 43.66556], [-79.34946, 43.66615], [-79.34854, 43.66636], [-79.34703, 43.66668], [-79.3452, 43.66709], [-79.34377, 43.66742], [-79.34278, 43.66764], [-79.34231, 43.66775], [-79.34228, 43.66778], [-79.34222, 43.66785], [-79.34216, 43.66792], [-79.3421, 43.66799], [-79.34204, 43.66805], [-79.34198, 43.66812], [-79.34191, 43.66819], [-79.34185, 43.66826], [-79.34179, 43.66832], [-79.34172, 43.66839], [-79.34166, 43.66845], [-79.34159, 43.66852], [-79.34152, 43.66858], [-79.34146, 43.66865], [-79.34139, 43.66871], [-79.34132, 43.66877], [-79.34123, 43.66885], [-79.34115, 43.66893], [-79.34106, 43.66901], [-79.34097, 43.66909], [-79.34088, 43.66916], [-79.34082, 43.66921], [-79.34073, 43.66927], [-79.34062, 43.66937], [-79.34051, 43.66946], [-79.3404, 43.66955], [-79.34029, 43.66964], [-79.34018, 43.66973], [-79.3401, 43.66979], [-79.34007, 43.66982], [-79.33995, 43.66991], [-79.33984, 43.67], [-79.33973, 43.67008], [-79.33961, 43.67017], [-79.3395, 43.67026], [-79.33938, 43.67035], [-79.33931, 43.67041], [-79.33927, 43.67044], [-79.33915, 43.67053], [-79.33903, 43.67061], [-79.33892, 43.6707], [-79.33882, 43.67076], [-79.33873, 43.67082], [-79.33873, 43.67083], [-79.33863, 43.67089], [-79.33853, 43.67096], [-79.33844, 43.67102], [-79.33834, 43.67108], [-79.33824, 43.67114], [-79.33814, 43.6712], [-79.33804, 43.67127], [-79.33794, 43.67132], [-79.33784, 43.67139], [-79.33774, 43.67145], [-79.33764, 43.6715], [-79.33757, 43.67155], [-79.33754, 43.67157], [-79.33744, 43.67163], [-79.33733, 43.67168], [-79.33723, 43.67174], [-79.33713, 43.6718], [-79.33702, 43.67185], [-79.33692, 43.67191], [-79.33681, 43.67197], [-79.33678, 43.67199], [-79.33671, 43.67202], [-79.3366, 43.67207], [-79.33649, 43.67213], [-79.33639, 43.67218], [-79.33628, 43.67224], [-79.33617, 43.67229], [-79.33606, 43.67234], [-79.33588, 43.67242], [-79.3357, 43.6725], [-79.33552, 43.67259], [-79.33534, 43.67266], [-79.33516, 43.67274], [-79.33497, 43.67282], [-79.33479, 43.6729], [-79.33461, 43.67298], [-79.33442, 43.67306], [-79.33431, 43.6731], [-79.33424, 43.67313], [-79.33405, 43.67321], [-79.33387, 43.67329], [-79.33368, 43.67336], [-79.3335, 43.67344], [-79.33331, 43.67351], [-79.32967, 43.67494], [-79.32932, 43.67408], [-79.32926, 43.67393], [-79.32924, 43.67388], [-79.32907, 43.67347], [-79.32875, 43.67269], [-79.32842, 43.67186], [-79.32819, 43.67133], [-79.32818, 43.67131], [-79.32817, 43.67128], [-79.32802, 43.67092], [-79.32785, 43.67052], [-79.3277, 43.67018], [-79.32741, 43.66945], [-79.32664, 43.6676], [-79.32611, 43.66631], [-79.32602, 43.6661], [-79.32559, 43.66506], [-79.32547, 43.66478], [-79.32531, 43.6644], [-79.32599, 43.66422], [-79.32622, 43.66417], [-79.32735, 43.66391], [-79.32788, 43.66381], [-79.32791, 43.6638], [-79.329, 43.66353], [-79.33022, 43.66324], [-79.33003, 43.6628], [-79.32999, 43.66271], [-79.32973, 43.66211], [-79.32948, 43.66155], [-79.32929, 43.66111], [-79.32906, 43.66055], [-79.3286, 43.65951], [-79.32849, 43.65933]]]]}}, {"type": "Feature", "properties": {"AREA_NAME": "Blake-Jones", "buzzmaps_hoods": ["Leslieville"]}, "geometry": {"type": "MultiPolygon", "coordinates": [[[[-79.34073, 43.66927], [-79.34082, 43.66921], [-79.34102, 43.66974], [-79.34111, 43.66995], [-79.34111, 43.66995], [-79.34127, 43.67029], [-79.34169, 43.67127], [-79.34205, 43.67212], [-79.34239, 43.67297], [-79.34269, 43.67368], [-79.34299, 43.6744], [-79.34331, 43.67515], [-79.34361, 43.67588], [-79.34391, 43.67663], [-79.34423, 43.67741], [-79.34452, 43.67814], [-79.34484, 43.67895], [-79.34437, 43.67905], [-79.34308, 43.6793], [-79.34178, 43.67957], [-79.34061, 43.67979], [-79.34018, 43.67987], [-79.33944, 43.68001], [-79.33782, 43.68031], [-79.33732, 43.68042], [-79.33537, 43.68084], [-79.33486, 43.68095], [-79.33238, 43.68148], [-79.33198, 43.68049], [-79.33185, 43.68014], [-79.33164, 43.67967], [-79.33157, 43.67945], [-79.33127, 43.67876], [-79.33096, 43.67799], [-79.3304, 43.67667], [-79.33027, 43.67638], [-79.32968, 43.67496], [-79.32967, 43.67494], [-79.33331, 43.67351], [-79.3335, 43.67344], [-79.33368, 43.67336], [-79.33387, 43.67329], [-79.33405, 43.67321], [-79.33424, 43.67313], [-79.33431, 43.6731], [-79.33442, 43.67306], [-79.33461, 43.67298], [-79.33479, 43.6729], [-79.33497, 43.67282], [-79.33516, 43.67274], [-79.33534, 43.67266], [-79.33552, 43.67259], [-79.3357, 43.6725], [-79.33588, 43.67242], [-79.33606, 43.67234], [-79.33617, 43.67229], [-79.33628, 43.67224], [-79.33639, 43.67218], [-79.33649, 43.67213], [-79.3366, 43.67207], [-79.33671, 43.67202], [-79.33678, 43.67199], [-79.33681, 43.67197], [-79.33692, 43.67191], [-79.33702, 43.67185], [-79.33713, 43.6718], [-79.33723, 43.67174], [-79.33733, 43.67168], [-79.33744, 43.67163], [-79.33754, 43.67157], [-79.33757, 43.67155], [-79.33764, 43.6715], [-79.33774, 43.67145], [-79.33784, 43.67139], [-79.33794, 43.67132], [-79.33804, 43.67127], [-79.33814, 43.6712], [-79.33824, 43.67114], [-79.33834, 43.67108], [-79.33844, 43.67102], [-79.33853, 43.67096], [-79.33863, 43.67089], [-79.33873, 43.67083], [-79.33873, 43.67082], [-79.33882, 43.67076], [-79.33892, 43.6707], [-79.33903, 43.67061], [-79.33915, 43.67053], [-79.33927, 43.67044], [-79.33931, 43.67041], [-79.33938, 43.67035], [-79.3395, 43.67026], [-79.33961, 43.67017], [-79.33973, 43.67008], [-79.33984, 43.67], [-79.33995, 43.66991], [-79.34007, 43.66982], [-79.3401, 43.66979], [-79.34018, 43.66973], [-79.34029, 43.66964], [-79.3404, 43.66955], [-79.34051, 43.66946], [-79.34062, 43.66937], [-79.34073, 43.66927]]]]}}, {"type": "Feature", "properties": {"AREA_NAME": "North Riverdale", "buzzmaps_hoods": ["Riverside"]}, "geometry": {"type": "MultiPolygon", "coordinates": [[[[-79.35596, 43.6646], [-79.3563, 43.66453], [-79.3563, 43.66453], [-79.35635, 43.66467], [-79.35637, 43.66479], [-79.3564, 43.6649], [-79.35643, 43.66503], [-79.35646, 43.66515], [-79.3565, 43.66527], [-79.35653, 43.66539], [-79.35658, 43.66552], [-79.35718, 43.6677], [-79.35732, 43.66819], [-79.35735, 43.66827], [-79.35738, 43.66837], [-79.35743, 43.66847], [-79.35747, 43.66855], [-79.3575, 43.66863], [-79.35751, 43.66865], [-79.35756, 43.66872], [-79.35761, 43.66879], [-79.35769, 43.66886], [-79.35775, 43.66893], [-79.35775, 43.66895], [-79.35781, 43.66901], [-79.35789, 43.66908], [-79.35797, 43.66915], [-79.35806, 43.6692], [-79.35814, 43.66926], [-79.35819, 43.66929], [-79.35823, 43.66933], [-79.35831, 43.66938], [-79.35839, 43.66944], [-79.35846, 43.6695], [-79.35854, 43.66956], [-79.35864, 43.66961], [-79.35875, 43.66967], [-79.35885, 43.66974], [-79.35894, 43.66981], [-79.35903, 43.66987], [-79.35913, 43.66994], [-79.35923, 43.67], [-79.35933, 43.67006], [-79.35942, 43.67012], [-79.35951, 43.67021], [-79.35959, 43.67028], [-79.35966, 43.67038], [-79.35971, 43.67046], [-79.35971, 43.67047], [-79.35975, 43.67055], [-79.3598, 43.67065], [-79.35984, 43.67074], [-79.35988, 43.67083], [-79.35992, 43.67093], [-79.35996, 43.67102], [-79.36001, 43.67111], [-79.36005, 43.67121], [-79.36009, 43.6713], [-79.36013, 43.67139], [-79.36018, 43.67148], [-79.36022, 43.67157], [-79.36028, 43.67165], [-79.36034, 43.67174], [-79.3604, 43.67181], [-79.36046, 43.67189], [-79.36053, 43.67197], [-79.36061, 43.67204], [-79.3607, 43.67211], [-79.36077, 43.67217], [-79.36079, 43.67218], [-79.36088, 43.67224], [-79.36097, 43.6723], [-79.36107, 43.67237], [-79.36117, 43.67243], [-79.36126, 43.67248], [-79.36137, 43.67255], [-79.36147, 43.67262], [-79.36157, 43.67268], [-79.36167, 43.67273], [-79.36176, 43.67278], [-79.36185, 43.67283], [-79.36196, 43.67286], [-79.36205, 43.67291], [-79.3621, 43.67292], [-79.36217, 43.67294], [-79.36224, 43.67297], [-79.36233, 43.67298], [-79.36245, 43.673], [-79.36258, 43.67303], [-79.36269, 43.67308], [-79.36279, 43.67313], [-79.36286, 43.67318], [-79.36286, 43.67319], [-79.36295, 43.67324], [-79.36301, 43.67332], [-79.36304, 43.6734], [-79.36306, 43.67346], [-79.36306, 43.67354], [-79.36305, 43.67361], [-79.36304, 43.67364], [-79.36304, 43.67369], [-79.36303, 43.67377], [-79.36301, 43.67387], [-79.36299, 43.67395], [-79.36296, 43.67403], [-79.36294, 43.67412], [-79.36293, 43.67422], [-79.3629, 43.67431], [-79.36288, 43.6744], [-79.36288, 43.67449], [-79.36289, 43.67457], [-79.36291, 43.67465], [-79.36295, 43.67473], [-79.36299, 43.67481], [-79.36303, 43.67487], [-79.3631, 43.67492], [-79.36339, 43.67532], [-79.36271, 43.67546], [-79.36207, 43.6756], [-79.36182, 43.67564], [-79.36172, 43.67565], [-79.36163, 43.67567], [-79.36149, 43.67569], [-79.36147, 43.67569], [-79.36045, 43.6759], [-79.35942, 43.6761], [-79.35887, 43.6762], [-79.35637, 43.67669], [-79.35506, 43.67694], [-79.35406, 43.67714], [-79.35326, 43.6773], [-79.35279, 43.67739], [-79.35197, 43.67756], [-79.35075, 43.67779], [-79.34973, 43.67799], [-79.34962, 43.67801], [-79.34851, 43.67823], [-79.34848, 43.67824], [-79.34831, 43.67827], [-79.34735, 43.67846], [-79.34627, 43.67867], [-79.34612, 43.6787], [-79.34484, 43.67895], [-79.34452, 43.67814], [-79.34423, 43.67741], [-79.34391, 43.67663], [-79.34361, 43.67588], [-79.34331, 43.67515], [-79.34299, 43.6744], [-79.34269, 43.67368], [-79.34239, 43.67297], [-79.34205, 43.67212], [-79.34169, 43.67127], [-79.34127, 43.67029], [-79.34111, 43.66995], [-79.34111, 43.66995], [-79.34102, 43.66974], [-79.34082, 43.66921], [-79.34088, 43.66916], [-79.34097, 43.66909], [-79.34106, 43.66901], [-79.34115, 43.66893], [-79.34123, 43.66885], [-79.34132, 43.66877], [-79.34139, 43.66871], [-79.34146, 43.66865], [-79.34152, 43.66858], [-79.34159, 43.66852], [-79.34166, 43.66845], [-79.34172, 43.66839], [-79.34179, 43.66832], [-79.34185, 43.66826], [-79.34191, 43.66819], [-79.34198, 43.66812], [-79.34204, 43.66805], [-79.3421, 43.66799], [-79.34216, 43.66792], [-79.34222, 43.66785], [-79.34228, 43.66778], [-79.34231, 43.66775], [-79.34278, 43.66764], [-79.34377, 43.66742], [-79.3452, 43.66709], [-79.34703, 43.66668], [-79.34854, 43.66636], [-79.34946, 43.66615], [-79.35214, 43.66556], [-79.35247, 43.66549], [-79.35262, 43.66549], [-79.35278, 43.66548], [-79.35331, 43.66533], [-79.35353, 43.66527], [-79.35389, 43.66517], [-79.35398, 43.66515], [-79.35399, 43.66514], [-79.35434, 43.66505], [-79.35444, 43.66502], [-79.35473, 43.66494], [-79.35515, 43.66482], [-79.35518, 43.66481], [-79.35529, 43.66478], [-79.35577, 43.66464], [-79.35596, 43.6646]]]]}}, {"type": "Feature", "properties": {"AREA_NAME": "Playter Estates-Danforth", "buzzmaps_hoods": ["Greektown"]}, "geometry": {"type": "MultiPolygon", "coordinates": [[[[-79.34812, 43.68259], [-79.34804, 43.68239], [-79.34751, 43.68249], [-79.34738, 43.68251], [-79.34627, 43.68272], [-79.34613, 43.68235], [-79.34607, 43.68218], [-79.34544, 43.68044], [-79.34516, 43.67968], [-79.34503, 43.67938], [-79.34502, 43.67937], [-79.34484, 43.67895], [-79.34612, 43.6787], [-79.34627, 43.67867], [-79.34735, 43.67846], [-79.34831, 43.67827], [-79.34848, 43.67824], [-79.34851, 43.67823], [-79.34962, 43.67801], [-79.34973, 43.67799], [-79.35075, 43.67779], [-79.35197, 43.67756], [-79.35279, 43.67739], [-79.35326, 43.6773], [-79.35406, 43.67714], [-79.35506, 43.67694], [-79.35637, 43.67669], [-79.35887, 43.6762], [-79.35942, 43.6761], [-79.36045, 43.6759], [-79.36099, 43.67579], [-79.36147, 43.67569], [-79.36149, 43.67569], [-79.36163, 43.67567], [-79.36172, 43.67565], [-79.36182, 43.67564], [-79.36207, 43.6756], [-79.36271, 43.67546], [-79.36339, 43.67532], [-79.36347, 43.6754], [-79.36376, 43.67565], [-79.36403, 43.67594], [-79.36433, 43.67623], [-79.36469, 43.67646], [-79.36496, 43.67673], [-79.36483, 43.67701], [-79.36444, 43.67723], [-79.36411, 43.67748], [-79.36384, 43.67779], [-79.3636, 43.67806], [-79.3636, 43.67843], [-79.36373, 43.6788], [-79.36405, 43.67909], [-79.36418, 43.6792], [-79.36359, 43.67932], [-79.36269, 43.6795], [-79.36244, 43.67955], [-79.36228, 43.67958], [-79.36169, 43.6797], [-79.36234, 43.68126], [-79.36238, 43.68169], [-79.36204, 43.68174], [-79.36197, 43.68188], [-79.36177, 43.68174], [-79.36142, 43.6817], [-79.36129, 43.68167], [-79.36063, 43.68169], [-79.36033, 43.68165], [-79.35813, 43.68169], [-79.35758, 43.6817], [-79.35752, 43.68194], [-79.35736, 43.68196], [-79.35722, 43.68244], [-79.35519, 43.68284], [-79.35281, 43.68329], [-79.35144, 43.68356], [-79.3494, 43.68395], [-79.34875, 43.68408], [-79.34859, 43.68369], [-79.3484, 43.68325], [-79.34823, 43.68284], [-79.34812, 43.68259]]]]}}, {"type": "Feature", "properties": {"AREA_NAME": "Danforth", "buzzmaps_hoods": ["Greektown"]}, "geometry": {"type": "MultiPolygon", "coordinates": [[[[-79.31361, 43.68638], [-79.31357, 43.68629], [-79.31309, 43.6864], [-79.31296, 43.6861], [-79.31278, 43.68568], [-79.31409, 43.6854], [-79.31527, 43.68515], [-79.31623, 43.68495], [-79.31718, 43.68474], [-79.31767, 43.68463], [-79.31822, 43.68452], [-79.31924, 43.68429], [-79.3202, 43.68408], [-79.32089, 43.68394], [-79.32119, 43.68387], [-79.32364, 43.68337], [-79.32477, 43.68312], [-79.32557, 43.68295], [-79.32621, 43.68281], [-79.32717, 43.68259], [-79.32827, 43.68236], [-79.32933, 43.68215], [-79.32978, 43.68206], [-79.32994, 43.68203], [-79.33135, 43.68171], [-79.33238, 43.68148], [-79.33486, 43.68095], [-79.33537, 43.68084], [-79.33732, 43.68042], [-79.33782, 43.68031], [-79.33944, 43.68001], [-79.34018, 43.67987], [-79.34061, 43.67979], [-79.34178, 43.67957], [-79.34308, 43.6793], [-79.34437, 43.67905], [-79.34484, 43.67895], [-79.34502, 43.67937], [-79.34503, 43.67938], [-79.34516, 43.67968], [-79.34544, 43.68044], [-79.34607, 43.68218], [-79.34613, 43.68235], [-79.34627, 43.68272], [-79.34545, 43.68288], [-79.34446, 43.68307], [-79.3439, 43.68318], [-79.34317, 43.68332], [-79.34257, 43.68343], [-79.34255, 43.68344], [-79.342, 43.68354], [-79.3414, 43.68366], [-79.34081, 43.68377], [-79.33885, 43.68415], [-79.3388, 43.68403], [-79.33766, 43.68428], [-79.33675, 43.68447], [-79.33587, 43.68466], [-79.33493, 43.68486], [-79.3339, 43.68508], [-79.33136, 43.68563], [-79.3287, 43.68621], [-79.32512, 43.68697], [-79.32239, 43.68756], [-79.31917, 43.68825], [-79.31675, 43.68877], [-79.31484, 43.68918], [-79.31466, 43.68878], [-79.31432, 43.688], [-79.31397, 43.68719], [-79.31361, 43.68638]]]]}}, {"type": "Feature", "properties": {"AREA_NAME": "Greenwood-Coxwell", "buzzmaps_hoods": ["Leslieville"]}, "geometry": {"type": "MultiPolygon", "coordinates": [[[[-79.31692, 43.66716], [-79.3166, 43.66636], [-79.31485, 43.66674], [-79.31489, 43.6663], [-79.3149, 43.66626], [-79.31491, 43.6662], [-79.31495, 43.66578], [-79.31546, 43.66567], [-79.31553, 43.66565], [-79.31563, 43.66563], [-79.31622, 43.66549], [-79.31765, 43.66518], [-79.31778, 43.66515], [-79.31792, 43.66511], [-79.31807, 43.66505], [-79.31817, 43.66498], [-79.31829, 43.6649], [-79.31839, 43.66483], [-79.31848, 43.66473], [-79.31859, 43.66464], [-79.31864, 43.66459], [-79.31908, 43.66425], [-79.31939, 43.66397], [-79.31975, 43.66377], [-79.31986, 43.66373], [-79.31993, 43.66371], [-79.31998, 43.6637], [-79.3202, 43.66366], [-79.32058, 43.66359], [-79.32167, 43.66334], [-79.32356, 43.66292], [-79.32527, 43.66252], [-79.32664, 43.66221], [-79.32948, 43.66155], [-79.32973, 43.66211], [-79.32999, 43.66271], [-79.33003, 43.6628], [-79.33022, 43.66324], [-79.329, 43.66353], [-79.32791, 43.6638], [-79.32788, 43.66381], [-79.32735, 43.66391], [-79.32622, 43.66417], [-79.32599, 43.66422], [-79.32531, 43.6644], [-79.32547, 43.66478], [-79.32559, 43.66506], [-79.32602, 43.6661], [-79.32611, 43.66631], [-79.32664, 43.6676], [-79.32741, 43.66945], [-79.3277, 43.67018], [-79.32785, 43.67052], [-79.32802, 43.67092], [-79.32817, 43.67128], [-79.32818, 43.67131], [-79.32819, 43.67133], [-79.32842, 43.67186], [-79.32875, 43.67269], [-79.32907, 43.67347], [-79.32924, 43.67388], [-79.32926, 43.67393], [-79.32932, 43.67408], [-79.32967, 43.67494], [-79.32968, 43.67496], [-79.33027, 43.67638], [-79.3304, 43.67667], [-79.33096, 43.67799], [-79.33127, 43.67876], [-79.33157, 43.67945], [-79.33164, 43.67967], [-79.33185, 43.68014], [-79.33198, 43.68049], [-79.33238, 43.68148], [-79.33135, 43.68171], [-79.32994, 43.68203], [-79.32978, 43.68206], [-79.32933, 43.68215], [-79.32827, 43.68236], [-79.32717, 43.68259], [-79.32621, 43.68281], [-79.32557, 43.68295], [-79.32477, 43.68312], [-79.32437, 43.6832], [-79.32394, 43.6833], [-79.32364, 43.68337], [-79.32342, 43.68286], [-79.32342, 43.68284], [-79.32302, 43.68191], [-79.32274, 43.68122], [-79.32246, 43.68051], [-79.32215, 43.67983], [-79.32184, 43.67911], [-79.32147, 43.67817], [-79.32145, 43.67814], [-79.3208, 43.67653], [-79.32051, 43.67584], [-79.3203, 43.67534], [-79.3202, 43.67507], [-79.31931, 43.67291], [-79.31839, 43.67073], [-79.31805, 43.6699], [-79.31765, 43.66889], [-79.31758, 43.6687], [-79.31724, 43.66793], [-79.31692, 43.66716]]]]}}, {"type": "Feature", "properties": {"AREA_NAME": "Woodbine Corridor", "buzzmaps_hoods": ["The Beaches"]}, "geometry": {"type": "MultiPolygon", "coordinates": [[[[-79.31485, 43.66674], [-79.3166, 43.66636], [-79.31692, 43.66716], [-79.31724, 43.66793], [-79.31758, 43.6687], [-79.31765, 43.66889], [-79.31805, 43.6699], [-79.31839, 43.67073], [-79.31931, 43.67291], [-79.3202, 43.67507], [-79.3203, 43.67534], [-79.32051, 43.67584], [-79.3208, 43.67653], [-79.32122, 43.67757], [-79.32136, 43.6779], [-79.32145, 43.67814], [-79.32147, 43.67817], [-79.32184, 43.67911], [-79.32215, 43.67983], [-79.32246, 43.68051], [-79.32274, 43.68122], [-79.32302, 43.68191], [-79.32342, 43.68284], [-79.32342, 43.68286], [-79.32364, 43.68337], [-79.32119, 43.68387], [-79.32089, 43.68394], [-79.3202, 43.68408], [-79.31924, 43.68429], [-79.31822, 43.68452], [-79.31767, 43.68463], [-79.31718, 43.68474], [-79.31623, 43.68495], [-79.31575, 43.68505], [-79.31527, 43.68515], [-79.31409, 43.6854], [-79.31278, 43.68568], [-79.3126, 43.68526], [-79.31221, 43.68431], [-79.31184, 43.68342], [-79.3115, 43.6826], [-79.31131, 43.68214], [-79.31109, 43.68164], [-79.31075, 43.68079], [-79.31003, 43.67904], [-79.30967, 43.67818], [-79.3093, 43.67727], [-79.30896, 43.67646], [-79.3088, 43.67607], [-79.3085, 43.67533], [-79.30793, 43.67393], [-79.30909, 43.67287], [-79.30987, 43.6722], [-79.30998, 43.67207], [-79.31003, 43.67202], [-79.31006, 43.67198], [-79.31013, 43.6719], [-79.3102, 43.67181], [-79.31037, 43.6715], [-79.31081, 43.67069], [-79.31083, 43.67064], [-79.31099, 43.67035], [-79.31118, 43.66997], [-79.31131, 43.66974], [-79.31164, 43.66911], [-79.31188, 43.66869], [-79.31213, 43.66819], [-79.31221, 43.66803], [-79.31248, 43.66751], [-79.31255, 43.66735], [-79.31256, 43.66731], [-79.31259, 43.66724], [-79.31356, 43.66703], [-79.31485, 43.66674]]]]}}, {"type": "Feature", "properties": {"AREA_NAME": "The Beaches", "buzzmaps_hoods": ["The Beaches"]}, "geometry": {"type": "MultiPolygon", "coordinates": [[[[-79.28122, 43.67395], [-79.28119, 43.67386], [-79.28106, 43.6739], [-79.28018, 43.67178], [-79.28012, 43.67163], [-79.28002, 43.67138], [-79.28013, 43.67135], [-79.28005, 43.67116], [-79.28008, 43.67115], [-79.28003, 43.67102], [-79.28006, 43.67101], [-79.28006, 43.67102], [-79.28008, 43.67102], [-79.2801, 43.671], [-79.28012, 43.67098], [-79.28018, 43.67092], [-79.28024, 43.67086], [-79.28026, 43.67084], [-79.28028, 43.67083], [-79.28031, 43.67083], [-79.28034, 43.67084], [-79.28035, 43.67085], [-79.28035, 43.67087], [-79.28035, 43.67088], [-79.28034, 43.67089], [-79.28033, 43.67091], [-79.2803, 43.67093], [-79.28027, 43.67097], [-79.28024, 43.671], [-79.28027, 43.67101], [-79.2803, 43.67102], [-79.28036, 43.67104], [-79.28042, 43.67106], [-79.28048, 43.67106], [-79.28054, 43.67106], [-79.28058, 43.67105], [-79.28062, 43.67104], [-79.28066, 43.67103], [-79.2807, 43.67102], [-79.28075, 43.67098], [-79.28083, 43.67094], [-79.2809, 43.6709], [-79.28092, 43.67088], [-79.28093, 43.67087], [-79.28094, 43.67085], [-79.28091, 43.67084], [-79.2809, 43.67082], [-79.28089, 43.6708], [-79.28089, 43.67077], [-79.28091, 43.67076], [-79.28093, 43.67076], [-79.28097, 43.67076], [-79.28099, 43.67077], [-79.28103, 43.67077], [-79.28105, 43.67076], [-79.28107, 43.67073], [-79.2811, 43.67067], [-79.28117, 43.67058], [-79.28121, 43.67054], [-79.28125, 43.67049], [-79.28128, 43.67046], [-79.28135, 43.67039], [-79.2814, 43.67035], [-79.28142, 43.67033], [-79.28144, 43.67033], [-79.28146, 43.67033], [-79.28149, 43.67033], [-79.2815, 43.67034], [-79.2815, 43.67035], [-79.2815, 43.67036], [-79.2815, 43.67038], [-79.28149, 43.67039], [-79.28147, 43.6704], [-79.28146, 43.67043], [-79.28142, 43.67047], [-79.28133, 43.67058], [-79.28137, 43.67061], [-79.28141, 43.67063], [-79.28144, 43.67065], [-79.28149, 43.67067], [-79.28156, 43.67069], [-79.28161, 43.6707], [-79.2817, 43.67072], [-79.28173, 43.67072], [-79.28187, 43.67072], [-79.2819, 43.67073], [-79.28196, 43.67072], [-79.28202, 43.67071], [-79.28208, 43.6707], [-79.28215, 43.67068], [-79.28221, 43.67066], [-79.28224, 43.67064], [-79.28228, 43.67062], [-79.28232, 43.67059], [-79.28235, 43.67057], [-79.28239, 43.67054], [-79.28242, 43.67051], [-79.2825, 43.67044], [-79.28261, 43.67033], [-79.28271, 43.67021], [-79.28262, 43.67017], [-79.28258, 43.67014], [-79.28258, 43.67013], [-79.28258, 43.67011], [-79.28259, 43.67009], [-79.28261, 43.67008], [-79.28265, 43.67008], [-79.28266, 43.67009], [-79.28271, 43.6701], [-79.28277, 43.67012], [-79.28279, 43.67013], [-79.28281, 43.67013], [-79.28284, 43.67011], [-79.28287, 43.67009], [-79.28305, 43.66994], [-79.28313, 43.66987], [-79.28318, 43.66984], [-79.28321, 43.66984], [-79.28324, 43.66985], [-79.28325, 43.66986], [-79.28325, 43.66988], [-79.28325, 43.66989], [-79.28323, 43.66991], [-79.28319, 43.66995], [-79.2831, 43.67002], [-79.283, 43.67012], [-79.28304, 43.67014], [-79.28309, 43.67016], [-79.28313, 43.67019], [-79.2832, 43.67022], [-79.28325, 43.67025], [-79.28332, 43.67026], [-79.28339, 43.67028], [-79.28344, 43.67028], [-79.28352, 43.67027], [-79.28358, 43.67027], [-79.28363, 43.67027], [-79.28368, 43.67026], [-79.28375, 43.67025], [-79.28382, 43.67024], [-79.28392, 43.67022], [-79.28412, 43.67017], [-79.28422, 43.67016], [-79.28431, 43.67014], [-79.28437, 43.67012], [-79.28443, 43.67009], [-79.28447, 43.67007], [-79.2845, 43.67005], [-79.28456, 43.67], [-79.2846, 43.66997], [-79.28465, 43.66993], [-79.28469, 43.66988], [-79.28473, 43.66984], [-79.28478, 43.6698], [-79.28482, 43.66978], [-79.28486, 43.66975], [-79.28493, 43.66972], [-79.28499, 43.66971], [-79.285, 43.66974], [-79.28509, 43.66995], [-79.28517, 43.66994], [-79.28525, 43.66992], [-79.28535, 43.66989], [-79.28544, 43.66988], [-79.28552, 43.66985], [-79.28559, 43.66983], [-79.28564, 43.66981], [-79.28569, 43.66978], [-79.28576, 43.66974], [-79.28581, 43.66971], [-79.28589, 43.66964], [-79.28596, 43.66956], [-79.28608, 43.66943], [-79.28615, 43.66938], [-79.28623, 43.66934], [-79.28631, 43.66931], [-79.28638, 43.66929], [-79.28647, 43.66927], [-79.28655, 43.66925], [-79.28662, 43.66922], [-79.2867, 43.66918], [-79.28675, 43.66913], [-79.2868, 43.66908], [-79.28684, 43.66904], [-79.28685, 43.669], [-79.28686, 43.66897], [-79.28686, 43.66892], [-79.28685, 43.6689], [-79.28679, 43.66892], [-79.28676, 43.66893], [-79.28673, 43.66893], [-79.28672, 43.66892], [-79.28672, 43.66892], [-79.28671, 43.6689], [-79.28671, 43.66889], [-79.28672, 43.66888], [-79.28673, 43.66888], [-79.28674, 43.66887], [-79.28687, 43.66883], [-79.28709, 43.66874], [-79.28726, 43.66866], [-79.28729, 43.66866], [-79.28731, 43.66866], [-79.28732, 43.66866], [-79.28733, 43.66867], [-79.28733, 43.66869], [-79.28732, 43.6687], [-79.28716, 43.66877], [-79.28701, 43.66885], [-79.28703, 43.6689], [-79.28704, 43.66894], [-79.28706, 43.66897], [-79.28707, 43.66899], [-79.2871, 43.66902], [-79.28714, 43.66906], [-79.28723, 43.66913], [-79.2873, 43.66914], [-79.28734, 43.66916], [-79.28741, 43.66918], [-79.28749, 43.66919], [-79.28761, 43.6692], [-79.2877, 43.6692], [-79.28779, 43.66918], [-79.28788, 43.66916], [-79.28799, 43.66913], [-79.28809, 43.66909], [-79.28817, 43.66905], [-79.28823, 43.66902], [-79.28829, 43.66898], [-79.28834, 43.66894], [-79.28839, 43.6689], [-79.28848, 43.6688], [-79.28855, 43.66873], [-79.28855, 43.66872], [-79.28857, 43.6687], [-79.28858, 43.66866], [-79.28859, 43.66864], [-79.28861, 43.66863], [-79.28869, 43.66862], [-79.28877, 43.66862], [-79.28884, 43.66862], [-79.28892, 43.6686], [-79.28903, 43.66856], [-79.28912, 43.66852], [-79.28917, 43.66848], [-79.28926, 43.66839], [-79.28929, 43.66834], [-79.2893, 43.66832], [-79.2893, 43.66829], [-79.2893, 43.66827], [-79.28928, 43.66823], [-79.28927, 43.6682], [-79.28916, 43.66825], [-79.28912, 43.66825], [-79.28911, 43.66824], [-79.2891, 43.66823], [-79.2891, 43.66822], [-79.28911, 43.6682], [-79.28912, 43.66819], [-79.28955, 43.668], [-79.28958, 43.668], [-79.28961, 43.668], [-79.28962, 43.66801], [-79.28963, 43.66802], [-79.28962, 43.66804], [-79.28961, 43.66806], [-79.2896, 43.66807], [-79.28955, 43.66809], [-79.28951, 43.66811], [-79.28948, 43.66814], [-79.28956, 43.66834], [-79.28958, 43.66835], [-79.28959, 43.66836], [-79.28961, 43.6684], [-79.28966, 43.66854], [-79.28967, 43.66858], [-79.28973, 43.66857], [-79.2898, 43.66857], [-79.28987, 43.66857], [-79.28994, 43.66856], [-79.29002, 43.66854], [-79.29015, 43.66853], [-79.29019, 43.66852], [-79.29028, 43.66849], [-79.29039, 43.66846], [-79.29049, 43.66843], [-79.29055, 43.66841], [-79.29064, 43.66837], [-79.29073, 43.66832], [-79.2908, 43.66827], [-79.29086, 43.66824], [-79.29119, 43.6681], [-79.29138, 43.66801], [-79.29145, 43.66797], [-79.29149, 43.66793], [-79.29152, 43.66789], [-79.29156, 43.66782], [-79.29159, 43.66778], [-79.29161, 43.66774], [-79.29161, 43.66771], [-79.29163, 43.6677], [-79.29164, 43.6677], [-79.29168, 43.66769], [-79.2917, 43.6677], [-79.29175, 43.66771], [-79.2918, 43.66772], [-79.29186, 43.66774], [-79.29192, 43.66776], [-79.29198, 43.66777], [-79.29203, 43.66777], [-79.2921, 43.66777], [-79.29217, 43.66776], [-79.29223, 43.66774], [-79.29228, 43.66772], [-79.29235, 43.66767], [-79.29243, 43.66762], [-79.29249, 43.66757], [-79.29254, 43.66752], [-79.29261, 43.66743], [-79.29264, 43.66737], [-79.29267, 43.66734], [-79.2927, 43.66731], [-79.29273, 43.6673], [-79.29275, 43.6673], [-79.29277, 43.6673], [-79.29281, 43.66731], [-79.29287, 43.66732], [-79.29295, 43.66734], [-79.29309, 43.66736], [-79.29314, 43.66736], [-79.29319, 43.66737], [-79.29327, 43.66736], [-79.29337, 43.66734], [-79.29345, 43.66732], [-79.29353, 43.66729], [-79.29363, 43.66723], [-79.29373, 43.66717], [-79.29384, 43.66708], [-79.29392, 43.66703], [-79.29398, 43.66696], [-79.29412, 43.66684], [-79.29431, 43.66663], [-79.29454, 43.66638], [-79.29468, 43.66621], [-79.29468, 43.66618], [-79.29468, 43.66616], [-79.29468, 43.66614], [-79.29468, 43.6661], [-79.29469, 43.66607], [-79.29469, 43.66605], [-79.29471, 43.66604], [-79.29473, 43.66605], [-79.29477, 43.66607], [-79.29478, 43.66608], [-79.29476, 43.66612], [-79.29476, 43.66616], [-79.29475, 43.66621], [-79.29479, 43.66623], [-79.29484, 43.66624], [-79.29491, 43.66626], [-79.29501, 43.66628], [-79.29505, 43.66628], [-79.29511, 43.66627], [-79.29518, 43.66625], [-79.29523, 43.66621], [-79.29527, 43.66616], [-79.29529, 43.66611], [-79.29529, 43.66608], [-79.29528, 43.66607], [-79.29525, 43.66606], [-79.29521, 43.66605], [-79.29519, 43.66605], [-79.29516, 43.66606], [-79.29513, 43.66606], [-79.29509, 43.66605], [-79.29507, 43.66604], [-79.29507, 43.66602], [-79.29507, 43.666], [-79.29507, 43.66598], [-79.29511, 43.66596], [-79.29515, 43.66596], [-79.29518, 43.66596], [-79.29522, 43.66594], [-79.29528, 43.66591], [-79.29537, 43.66587], [-79.29547, 43.66584], [-79.29558, 43.6658], [-79.29571, 43.66575], [-79.29594, 43.66565], [-79.29611, 43.66562], [-79.29629, 43.66557], [-79.29658, 43.66547], [-79.29665, 43.66544], [-79.29666, 43.66547], [-79.29669, 43.66547], [-79.29674, 43.66546], [-79.2968, 43.66544], [-79.29686, 43.66541], [-79.29687, 43.66539], [-79.29687, 43.66538], [-79.29688, 43.66536], [-79.29692, 43.66535], [-79.29696, 43.66534], [-79.29701, 43.66533], [-79.29706, 43.66533], [-79.2971, 43.66534], [-79.29712, 43.66534], [-79.29716, 43.66533], [-79.29718, 43.66533], [-79.29728, 43.66534], [-79.29747, 43.66535], [-79.29762, 43.66534], [-79.29772, 43.66533], [-79.29779, 43.66532], [-79.29782, 43.66529], [-79.29787, 43.66527], [-79.29792, 43.66526], [-79.29797, 43.66525], [-79.29801, 43.66526], [-79.29805, 43.66526], [-79.2981, 43.66529], [-79.29814, 43.66532], [-79.2982, 43.66535], [-79.29825, 43.66539], [-79.29829, 43.66544], [-79.29837, 43.6655], [-79.2984, 43.66552], [-79.29846, 43.66553], [-79.29849, 43.66553], [-79.29853, 43.66553], [-79.29859, 43.66553], [-79.29871, 43.66553], [-79.2988, 43.66551], [-79.2989, 43.66549], [-79.29899, 43.66547], [-79.299, 43.66549], [-79.29901, 43.66552], [-79.29905, 43.66552], [-79.29909, 43.66551], [-79.29913, 43.66551], [-79.29915, 43.66551], [-79.29916, 43.66553], [-79.29916, 43.66553], [-79.29916, 43.66555], [-79.29916, 43.66556], [-79.29915, 43.66557], [-79.29913, 43.66559], [-79.29921, 43.66563], [-79.29928, 43.66566], [-79.29932, 43.66567], [-79.29935, 43.66566], [-79.29942, 43.66566], [-79.29953, 43.66564], [-79.2997, 43.66561], [-79.29982, 43.66558], [-79.29997, 43.66552], [-79.30004, 43.66548], [-79.30013, 43.66543], [-79.30022, 43.66539], [-79.30027, 43.66538], [-79.30033, 43.66536], [-79.30035, 43.66535], [-79.30037, 43.66535], [-79.3004, 43.66536], [-79.30042, 43.66537], [-79.30042, 43.66538], [-79.30042, 43.66538], [-79.30041, 43.6654], [-79.30046, 43.6654], [-79.30053, 43.6654], [-79.30059, 43.6654], [-79.30064, 43.6654], [-79.30069, 43.66539], [-79.30075, 43.66537], [-79.30081, 43.66534], [-79.30093, 43.66528], [-79.301, 43.66524], [-79.30106, 43.66521], [-79.30115, 43.66515], [-79.30118, 43.66514], [-79.30121, 43.66514], [-79.30125, 43.66515], [-79.30126, 43.66517], [-79.30125, 43.66519], [-79.3013, 43.66519], [-79.30135, 43.66518], [-79.30143, 43.66515], [-79.30149, 43.66512], [-79.30155, 43.66509], [-79.30163, 43.66505], [-79.30169, 43.66502], [-79.30174, 43.66498], [-79.30189, 43.66487], [-79.30198, 43.6648], [-79.30206, 43.66476], [-79.30208, 43.66475], [-79.30214, 43.66475], [-79.30218, 43.66475], [-79.30221, 43.66475], [-79.30223, 43.66476], [-79.30224, 43.66477], [-79.30224, 43.66478], [-79.30223, 43.66479], [-79.30221, 43.6648], [-79.30222, 43.66482], [-79.30225, 43.66484], [-79.30228, 43.66486], [-79.30236, 43.66491], [-79.3024, 43.66493], [-79.30244, 43.66494], [-79.30248, 43.66494], [-79.30253, 43.66493], [-79.30259, 43.66491], [-79.30265, 43.66489], [-79.30273, 43.66485], [-79.3028, 43.66481], [-79.30287, 43.66475], [-79.30293, 43.66467], [-79.30298, 43.66463], [-79.30303, 43.66459], [-79.30307, 43.66457], [-79.3031, 43.66456], [-79.30313, 43.66456], [-79.30315, 43.66457], [-79.30316, 43.66458], [-79.30316, 43.66459], [-79.30315, 43.66461], [-79.30312, 43.66463], [-79.30319, 43.66463], [-79.30324, 43.66462], [-79.3033, 43.6646], [-79.30338, 43.66455], [-79.30342, 43.6645], [-79.30346, 43.66444], [-79.30352, 43.66436], [-79.3036, 43.66426], [-79.30366, 43.66419], [-79.30374, 43.66412], [-79.30383, 43.66404], [-79.30393, 43.66397], [-79.30399, 43.66394], [-79.3042, 43.66471], [-79.3042, 43.66472], [-79.30422, 43.6648], [-79.30444, 43.66558], [-79.30446, 43.66565], [-79.30464, 43.66565], [-79.3049, 43.66566], [-79.30525, 43.66513], [-79.30546, 43.66492], [-79.30569, 43.66474], [-79.30597, 43.66453], [-79.30622, 43.66436], [-79.30631, 43.6643], [-79.3064, 43.66427], [-79.30679, 43.66412], [-79.30724, 43.66397], [-79.30752, 43.6639], [-79.30763, 43.66387], [-79.30866, 43.66364], [-79.30975, 43.6634], [-79.3113, 43.66305], [-79.31487, 43.66227], [-79.31491, 43.66237], [-79.31497, 43.66236], [-79.31494, 43.66226], [-79.31723, 43.66174], [-79.31725, 43.66173], [-79.31954, 43.66121], [-79.32196, 43.6607], [-79.32424, 43.66017], [-79.32819, 43.65929], [-79.32844, 43.65924], [-79.32849, 43.65933], [-79.3286, 43.65951], [-79.32906, 43.66055], [-79.32929, 43.66111], [-79.32948, 43.66155], [-79.32664, 43.66221], [-79.32527, 43.66252], [-79.32356, 43.66292], [-79.32167, 43.66334], [-79.32058, 43.66359], [-79.3202, 43.66366], [-79.31998, 43.6637], [-79.31993, 43.66371], [-79.31986, 43.66373], [-79.31975, 43.66377], [-79.31939, 43.66397], [-79.31908, 43.66425], [-79.31864, 43.66459], [-79.31859, 43.66464], [-79.31848, 43.66473], [-79.31839, 43.66483], [-79.31829, 43.6649], [-79.31817, 43.66498], [-79.31807, 43.66505], [-79.31792, 43.66511], [-79.31778, 43.66515], [-79.31765, 43.66518], [-79.31622, 43.66549], [-79.31563, 43.66563], [-79.31553, 43.66565], [-79.31546, 43.66567], [-79.31503, 43.66576], [-79.31495, 43.66578], [-79.31491, 43.6662], [-79.3149, 43.66626], [-79.31489, 43.6663], [-79.31485, 43.66674], [-79.31356, 43.66703], [-79.31259, 43.66724], [-79.31256, 43.66731], [-79.31255, 43.66735], [-79.31248, 43.66751], [-79.31221, 43.66803], [-79.31213, 43.66819], [-79.31188, 43.66869], [-79.31164, 43.66911], [-79.31131, 43.66974], [-79.31118, 43.66997], [-79.31099, 43.67035], [-79.31083, 43.67064], [-79.31081, 43.67069], [-79.31037, 43.6715], [-79.3102, 43.67181], [-79.31013, 43.6719], [-79.31006, 43.67198], [-79.31003, 43.67202], [-79.30998, 43.67207], [-79.30987, 43.6722], [-79.30909, 43.67287], [-79.30793, 43.67393], [-79.30728, 43.67447], [-79.30655, 43.67514], [-79.3059, 43.6757], [-79.30561, 43.67596], [-79.30518, 43.67631], [-79.30489, 43.67653], [-79.30472, 43.67661], [-79.30452, 43.67674], [-79.30436, 43.67681], [-79.30419, 43.67689], [-79.30409, 43.67694], [-79.30389, 43.67702], [-79.30337, 43.67723], [-79.30249, 43.67759], [-79.30118, 43.67813], [-79.301, 43.67821], [-79.30072, 43.67831], [-79.30048, 43.67841], [-79.29992, 43.67851], [-79.29893, 43.67869], [-79.29891, 43.6787], [-79.29885, 43.67871], [-79.29802, 43.67889], [-79.29631, 43.6793], [-79.29587, 43.67938], [-79.29452, 43.67972], [-79.29325, 43.68001], [-79.29308, 43.68004], [-79.29304, 43.68005], [-79.29283, 43.68008], [-79.29259, 43.68011], [-79.29186, 43.68015], [-79.29126, 43.6802], [-79.29069, 43.68025], [-79.28995, 43.68028], [-79.2892, 43.68036], [-79.28841, 43.6804], [-79.28819, 43.68042], [-79.28709, 43.68054], [-79.28609, 43.68063], [-79.28597, 43.68063], [-79.28507, 43.68072], [-79.28496, 43.68073], [-79.28406, 43.68081], [-79.28393, 43.68049], [-79.28391, 43.68045], [-79.28316, 43.67864], [-79.28122, 43.67395]]]]}}, {"type": "Feature", "properties": {"AREA_NAME": "Runnymede-Bloor West Village", "buzzmaps_hoods": ["Bloor West Village"]}, "geometry": {"type": "MultiPolygon", "coordinates": [[[[-79.48227, 43.66598], [-79.48211, 43.66558], [-79.48227, 43.66558], [-79.48223, 43.66549], [-79.48242, 43.66548], [-79.4823, 43.66519], [-79.48267, 43.6651], [-79.48227, 43.66412], [-79.48224, 43.66412], [-79.48206, 43.66367], [-79.48189, 43.66327], [-79.48188, 43.66324], [-79.48186, 43.66319], [-79.48133, 43.66189], [-79.48122, 43.66161], [-79.48105, 43.66105], [-79.48081, 43.66033], [-79.48055, 43.66038], [-79.48026, 43.66045], [-79.48026, 43.66045], [-79.48025, 43.66041], [-79.48013, 43.66045], [-79.48002, 43.66006], [-79.47974, 43.65938], [-79.47971, 43.65921], [-79.47943, 43.65858], [-79.4793, 43.65821], [-79.47913, 43.65785], [-79.47899, 43.6575], [-79.4787, 43.65684], [-79.47868, 43.65678], [-79.47826, 43.65582], [-79.4778, 43.65476], [-79.47712, 43.6531], [-79.4765, 43.6516], [-79.47646, 43.65152], [-79.4763, 43.65114], [-79.47723, 43.65091], [-79.47768, 43.65082], [-79.47816, 43.65071], [-79.47908, 43.6505], [-79.48047, 43.65021], [-79.48176, 43.64993], [-79.48187, 43.6499], [-79.48297, 43.64969], [-79.48357, 43.64955], [-79.48401, 43.64945], [-79.48448, 43.64933], [-79.48482, 43.65016], [-79.48514, 43.65091], [-79.48539, 43.65152], [-79.48545, 43.65166], [-79.48569, 43.65225], [-79.48597, 43.65295], [-79.48641, 43.65401], [-79.4867, 43.6547], [-79.48698, 43.65539], [-79.48711, 43.65574], [-79.48726, 43.6561], [-79.48771, 43.65723], [-79.48796, 43.65787], [-79.48812, 43.65827], [-79.48819, 43.65845], [-79.4883, 43.65869], [-79.4885, 43.65914], [-79.48879, 43.6598], [-79.48885, 43.66002], [-79.48903, 43.66041], [-79.49027, 43.66016], [-79.49149, 43.6599], [-79.49263, 43.65964], [-79.49281, 43.6596], [-79.49381, 43.65952], [-79.49433, 43.65945], [-79.49497, 43.65938], [-79.49508, 43.65941], [-79.49527, 43.65952], [-79.49552, 43.6597], [-79.49538, 43.65977], [-79.49462, 43.66026], [-79.49453, 43.66036], [-79.49445, 43.66044], [-79.49438, 43.66054], [-79.4943, 43.66069], [-79.49428, 43.66071], [-79.49425, 43.66083], [-79.49423, 43.66093], [-79.49421, 43.66103], [-79.49422, 43.66112], [-79.49423, 43.66124], [-79.49427, 43.66133], [-79.49432, 43.66143], [-79.49436, 43.66149], [-79.49441, 43.66155], [-79.49448, 43.66165], [-79.49453, 43.66179], [-79.49454, 43.66187], [-79.49456, 43.66199], [-79.49459, 43.66223], [-79.49459, 43.66235], [-79.4946, 43.66245], [-79.49463, 43.66256], [-79.4947, 43.66269], [-79.49474, 43.66279], [-79.49481, 43.66288], [-79.49499, 43.66302], [-79.49508, 43.66314], [-79.49532, 43.66338], [-79.49551, 43.66359], [-79.49563, 43.66367], [-79.49596, 43.66392], [-79.49604, 43.66403], [-79.49617, 43.66428], [-79.49629, 43.66442], [-79.49645, 43.66453], [-79.49664, 43.66462], [-79.49685, 43.66469], [-79.49702, 43.66473], [-79.49725, 43.66478], [-79.49753, 43.66485], [-79.49764, 43.66487], [-79.49773, 43.66492], [-79.49843, 43.66541], [-79.49855, 43.6655], [-79.49861, 43.66561], [-79.49921, 43.66552], [-79.49923, 43.66581], [-79.49923, 43.66586], [-79.49144, 43.66629], [-79.48818, 43.6665], [-79.48633, 43.66661], [-79.48527, 43.66667], [-79.48278, 43.66682], [-79.48264, 43.66683], [-79.48263, 43.66683], [-79.48242, 43.66633], [-79.48227, 43.66598]]]]}}, {"type": "Feature", "properties": {"AREA_NAME": "High Park North", "buzzmaps_hoods": ["High Park"]}, "geometry": {"type": "MultiPolygon", "coordinates": [[[[-79.45344, 43.66051], [-79.45203, 43.65907], [-79.45134, 43.65837], [-79.44987, 43.65688], [-79.4499, 43.65687], [-79.45245, 43.65632], [-79.45382, 43.65604], [-79.45427, 43.65594], [-79.45436, 43.65593], [-79.45689, 43.6554], [-79.45705, 43.65535], [-79.45865, 43.65502], [-79.45881, 43.65499], [-79.46005, 43.65471], [-79.46104, 43.65449], [-79.46234, 43.6542], [-79.46371, 43.6539], [-79.4653, 43.65354], [-79.4669, 43.6532], [-79.46871, 43.65282], [-79.47003, 43.65252], [-79.47118, 43.65226], [-79.47179, 43.65213], [-79.47287, 43.65188], [-79.47409, 43.65161], [-79.47438, 43.65154], [-79.47518, 43.65136], [-79.47552, 43.65129], [-79.4763, 43.65114], [-79.47712, 43.6531], [-79.4778, 43.65476], [-79.47826, 43.65582], [-79.47868, 43.65678], [-79.4787, 43.65684], [-79.47899, 43.6575], [-79.47913, 43.65785], [-79.4793, 43.65821], [-79.47943, 43.65858], [-79.47971, 43.65921], [-79.47974, 43.65938], [-79.48002, 43.66006], [-79.4788, 43.66034], [-79.47767, 43.66055], [-79.47656, 43.66083], [-79.47522, 43.66112], [-79.47503, 43.66117], [-79.47496, 43.66119], [-79.47479, 43.66123], [-79.47464, 43.6613], [-79.47447, 43.6614], [-79.47428, 43.66151], [-79.47413, 43.66161], [-79.47382, 43.6618], [-79.47373, 43.66185], [-79.47363, 43.66191], [-79.47347, 43.66197], [-79.47339, 43.66201], [-79.4732, 43.66205], [-79.47225, 43.66224], [-79.47173, 43.66235], [-79.47082, 43.66254], [-79.47023, 43.66111], [-79.4702, 43.661], [-79.47015, 43.66093], [-79.47009, 43.66089], [-79.47002, 43.66083], [-79.46944, 43.66038], [-79.46928, 43.66026], [-79.46824, 43.66049], [-79.46733, 43.6607], [-79.46663, 43.66086], [-79.46594, 43.66099], [-79.46507, 43.66117], [-79.46402, 43.66141], [-79.46345, 43.66154], [-79.46296, 43.66166], [-79.4624, 43.66176], [-79.46173, 43.66189], [-79.46107, 43.66205], [-79.4605, 43.66218], [-79.45993, 43.6623], [-79.45938, 43.66242], [-79.45883, 43.66253], [-79.45823, 43.66266], [-79.45643, 43.66305], [-79.45602, 43.66313], [-79.45455, 43.66163], [-79.45354, 43.66061], [-79.45344, 43.66051]]]]}}, {"type": "Feature", "properties": {"AREA_NAME": "High Park-Swansea", "buzzmaps_hoods": ["High Park"]}, "geometry": {"type": "MultiPolygon", "coordinates": [[[[-79.4477, 43.64283], [-79.44735, 43.64193], [-79.44702, 43.64108], [-79.44668, 43.6402], [-79.44641, 43.63952], [-79.44636, 43.63939], [-79.44629, 43.6392], [-79.44622, 43.63904], [-79.44619, 43.63893], [-79.44619, 43.63887], [-79.44619, 43.63881], [-79.44622, 43.63872], [-79.4465, 43.63847], [-79.4466, 43.63847], [-79.44663, 43.63846], [-79.44668, 43.63844], [-79.44676, 43.63844], [-79.4469, 43.63817], [-79.44698, 43.63819], [-79.44709, 43.63822], [-79.44719, 43.63825], [-79.44741, 43.63831], [-79.44773, 43.63839], [-79.44784, 43.63841], [-79.44795, 43.63844], [-79.44817, 43.63848], [-79.44828, 43.63851], [-79.4485, 43.63855], [-79.44861, 43.63857], [-79.44872, 43.63859], [-79.44883, 43.63861], [-79.44894, 43.63864], [-79.44916, 43.63867], [-79.44927, 43.63869], [-79.44939, 43.63871], [-79.4495, 43.63873], [-79.44961, 43.63874], [-79.44972, 43.63876], [-79.44983, 43.63877], [-79.44995, 43.63879], [-79.45006, 43.6388], [-79.4502, 43.63883], [-79.45035, 43.63884], [-79.4505, 43.63887], [-79.45065, 43.63889], [-79.45079, 43.63891], [-79.45122, 43.63896], [-79.45124, 43.63897], [-79.45138, 43.63899], [-79.45153, 43.63901], [-79.45168, 43.63902], [-79.45198, 43.63906], [-79.45302, 43.63915], [-79.45331, 43.63917], [-79.45346, 43.63918], [-79.45361, 43.63919], [-79.45375, 43.6392], [-79.45379, 43.6392], [-79.45388, 43.63921], [-79.454, 43.63921], [-79.45412, 43.63922], [-79.45424, 43.63923], [-79.45436, 43.63924], [-79.45448, 43.63925], [-79.4546, 43.63925], [-79.45472, 43.63925], [-79.45485, 43.63926], [-79.45497, 43.63926], [-79.45509, 43.63926], [-79.45521, 43.63927], [-79.45533, 43.63927], [-79.45545, 43.63927], [-79.45558, 43.63927], [-79.4557, 43.63927], [-79.45582, 43.63927], [-79.45594, 43.63927], [-79.45606, 43.63927], [-79.45618, 43.63927], [-79.45631, 43.63926], [-79.45643, 43.63926], [-79.45655, 43.63926], [-79.45667, 43.63926], [-79.45679, 43.63925], [-79.45691, 43.63924], [-79.45703, 43.63924], [-79.45716, 43.63923], [-79.45728, 43.63922], [-79.4574, 43.63922], [-79.45752, 43.63921], [-79.45764, 43.6392], [-79.45776, 43.63918], [-79.45788, 43.63917], [-79.45892, 43.63905], [-79.45905, 43.63904], [-79.45917, 43.63902], [-79.45924, 43.63901], [-79.45929, 43.63901], [-79.45942, 43.63899], [-79.45954, 43.63897], [-79.45966, 43.63895], [-79.45978, 43.63894], [-79.45991, 43.63892], [-79.46003, 43.6389], [-79.46015, 43.63888], [-79.46027, 43.63886], [-79.46039, 43.63884], [-79.46052, 43.63882], [-79.46064, 43.63879], [-79.46076, 43.63877], [-79.46088, 43.63875], [-79.461, 43.63872], [-79.46112, 43.6387], [-79.46124, 43.63867], [-79.46136, 43.63865], [-79.46148, 43.63862], [-79.4616, 43.6386], [-79.46172, 43.63857], [-79.46184, 43.63854], [-79.46196, 43.63851], [-79.46208, 43.63848], [-79.4622, 43.63846], [-79.46232, 43.63842], [-79.46245, 43.6384], [-79.46257, 43.63837], [-79.46269, 43.63834], [-79.46281, 43.6383], [-79.46293, 43.63827], [-79.46305, 43.63824], [-79.46318, 43.63821], [-79.4633, 43.63818], [-79.46342, 43.63814], [-79.46354, 43.63811], [-79.46366, 43.63807], [-79.46377, 43.63803], [-79.46389, 43.638], [-79.46401, 43.63796], [-79.46413, 43.63793], [-79.46425, 43.63789], [-79.46437, 43.63785], [-79.46448, 43.63781], [-79.4646, 43.63777], [-79.46472, 43.63773], [-79.46483, 43.63769], [-79.46495, 43.63765], [-79.46507, 43.63761], [-79.46518, 43.63757], [-79.4653, 43.63753], [-79.46541, 43.63748], [-79.46553, 43.63744], [-79.46564, 43.63739], [-79.46575, 43.63735], [-79.46587, 43.63731], [-79.46598, 43.63726], [-79.46599, 43.63726], [-79.46886, 43.63604], [-79.46887, 43.63603], [-79.47186, 43.63471], [-79.47192, 43.63468], [-79.47195, 43.63467], [-79.47204, 43.63463], [-79.47214, 43.63459], [-79.47223, 43.63455], [-79.47223, 43.63454], [-79.47232, 43.63451], [-79.47233, 43.6345], [-79.47241, 43.63446], [-79.4725, 43.63442], [-79.47259, 43.63438], [-79.47268, 43.63433], [-79.47277, 43.63429], [-79.47286, 43.63424], [-79.47295, 43.6342], [-79.47304, 43.63415], [-79.47312, 43.63411], [-79.47321, 43.63406], [-79.4733, 43.63401], [-79.47338, 43.63396], [-79.47347, 43.63391], [-79.47355, 43.63387], [-79.47364, 43.63382], [-79.47372, 43.63377], [-79.4738, 43.63372], [-79.47389, 43.63367], [-79.47397, 43.63362], [-79.47405, 43.63356], [-79.47413, 43.63351], [-79.47421, 43.63346], [-79.47424, 43.63344], [-79.47436, 43.63348], [-79.47445, 43.63352], [-79.4747, 43.63365], [-79.47513, 43.63385], [-79.4755, 43.63411], [-79.4757, 43.63444], [-79.47584, 43.63476], [-79.47601, 43.63504], [-79.47618, 43.63535], [-79.47625, 43.63548], [-79.47634, 43.63564], [-79.47653, 43.63597], [-79.47671, 43.63623], [-79.47673, 43.63627], [-79.47683, 43.63644], [-79.47687, 43.63675], [-79.47698, 43.63699], [-79.47709, 43.63721], [-79.47721, 43.63741], [-79.47729, 43.63753], [-79.4775, 43.63773], [-79.47784, 43.63787], [-79.47812, 43.63799], [-79.47845, 43.63807], [-79.47885, 43.63812], [-79.47936, 43.63813], [-79.47985, 43.63814], [-79.4804, 43.63811], [-79.48086, 43.63809], [-79.4814, 43.63803], [-79.48188, 43.63799], [-79.48233, 43.63797], [-79.48248, 43.63797], [-79.48301, 43.638], [-79.48324, 43.63801], [-79.48338, 43.63802], [-79.48362, 43.63804], [-79.48385, 43.63805], [-79.48405, 43.63809], [-79.48425, 43.63815], [-79.4844, 43.63822], [-79.48453, 43.63829], [-79.48467, 43.63837], [-79.48473, 43.63841], [-79.48483, 43.63848], [-79.48492, 43.63858], [-79.48504, 43.63882], [-79.4851, 43.63911], [-79.48513, 43.63964], [-79.4851, 43.64006], [-79.48511, 43.64027], [-79.48507, 43.64061], [-79.48503, 43.64087], [-79.48501, 43.64123], [-79.485, 43.64139], [-79.485, 43.64156], [-79.48499, 43.64174], [-79.48506, 43.64192], [-79.48522, 43.64203], [-79.48544, 43.64209], [-79.48571, 43.64211], [-79.48597, 43.64211], [-79.48634, 43.64207], [-79.48666, 43.64203], [-79.48709, 43.64193], [-79.4875, 43.64181], [-79.48794, 43.64164], [-79.48821, 43.64152], [-79.489, 43.64124], [-79.4891, 43.64121], [-79.48929, 43.64119], [-79.48944, 43.64123], [-79.48966, 43.64136], [-79.4898, 43.64146], [-79.4899, 43.64155], [-79.48997, 43.64164], [-79.4901, 43.64184], [-79.49019, 43.642], [-79.49022, 43.64205], [-79.49036, 43.64239], [-79.49046, 43.64269], [-79.49059, 43.64308], [-79.49079, 43.64347], [-79.49098, 43.64383], [-79.4912, 43.6442], [-79.49136, 43.64442], [-79.49144, 43.64455], [-79.49155, 43.64471], [-79.49174, 43.64495], [-79.49188, 43.64509], [-79.492, 43.64519], [-79.49221, 43.64535], [-79.49236, 43.64546], [-79.49243, 43.64553], [-79.49252, 43.64562], [-79.49255, 43.64567], [-79.49267, 43.64583], [-79.4927, 43.6459], [-79.49279, 43.64621], [-79.49281, 43.64646], [-79.49282, 43.64673], [-79.49279, 43.64691], [-79.49277, 43.64712], [-79.49262, 43.64744], [-79.49034, 43.64793], [-79.4889, 43.64825], [-79.48747, 43.64856], [-79.48652, 43.64876], [-79.48611, 43.64885], [-79.48508, 43.64908], [-79.48491, 43.64908], [-79.48474, 43.64919], [-79.48467, 43.64924], [-79.48458, 43.64928], [-79.48448, 43.64933], [-79.48401, 43.64945], [-79.48357, 43.64955], [-79.48297, 43.64969], [-79.48187, 43.6499], [-79.48176, 43.64993], [-79.48047, 43.65021], [-79.47908, 43.6505], [-79.47816, 43.65071], [-79.47768, 43.65082], [-79.47723, 43.65091], [-79.4763, 43.65114], [-79.47552, 43.65129], [-79.47518, 43.65136], [-79.47438, 43.65154], [-79.47409, 43.65161], [-79.47287, 43.65188], [-79.47179, 43.65213], [-79.47118, 43.65226], [-79.47003, 43.65252], [-79.46871, 43.65282], [-79.46812, 43.65294], [-79.4669, 43.6532], [-79.4653, 43.65354], [-79.46371, 43.6539], [-79.46322, 43.65401], [-79.46234, 43.6542], [-79.46104, 43.65449], [-79.46018, 43.65468], [-79.46005, 43.65471], [-79.45881, 43.65499], [-79.45865, 43.65502], [-79.45705, 43.65535], [-79.45689, 43.6554], [-79.45436, 43.65593], [-79.45427, 43.65594], [-79.45382, 43.65604], [-79.45245, 43.65632], [-79.45219, 43.65519], [-79.45185, 43.65388], [-79.45178, 43.65356], [-79.45144, 43.65253], [-79.45139, 43.65235], [-79.4513, 43.65212], [-79.45121, 43.65188], [-79.45107, 43.65152], [-79.45066, 43.65045], [-79.45035, 43.64966], [-79.45007, 43.64895], [-79.45003, 43.64883], [-79.44973, 43.64805], [-79.44939, 43.6472], [-79.44906, 43.64634], [-79.44871, 43.64545], [-79.44837, 43.64455], [-79.44804, 43.64371], [-79.4477, 43.64283]]]]}}, {"type": "Feature", "properties": {"AREA_NAME": "Roncesvalles", "buzzmaps_hoods": ["Roncesvalles"]}, "geometry": {"type": "MultiPolygon", "coordinates": [[[[-79.44383, 43.63918], [-79.44622, 43.63872], [-79.44619, 43.63881], [-79.44619, 43.63887], [-79.44619, 43.63893], [-79.44622, 43.63904], [-79.44629, 43.6392], [-79.44635, 43.63936], [-79.44636, 43.63939], [-79.44641, 43.63952], [-79.44668, 43.6402], [-79.44702, 43.64108], [-79.44735, 43.64193], [-79.4477, 43.64283], [-79.44804, 43.64371], [-79.44837, 43.64455], [-79.44871, 43.64545], [-79.44906, 43.64634], [-79.44939, 43.6472], [-79.44973, 43.64805], [-79.45003, 43.64883], [-79.45007, 43.64895], [-79.45035, 43.64966], [-79.45066, 43.65045], [-79.45107, 43.65152], [-79.45121, 43.65188], [-79.4513, 43.65212], [-79.45139, 43.65235], [-79.45144, 43.65253], [-79.45178, 43.65356], [-79.45185, 43.65388], [-79.45219, 43.65519], [-79.45245, 43.65632], [-79.4499, 43.65687], [-79.44987, 43.65688], [-79.44779, 43.65475], [-79.44754, 43.6545], [-79.44642, 43.65336], [-79.44405, 43.65092], [-79.44405, 43.65091], [-79.44397, 43.65084], [-79.44388, 43.65076], [-79.4438, 43.65069], [-79.44371, 43.65061], [-79.44363, 43.65053], [-79.44354, 43.65046], [-79.44345, 43.65038], [-79.44337, 43.65031], [-79.44328, 43.65023], [-79.44319, 43.65015], [-79.4431, 43.65008], [-79.44301, 43.65001], [-79.44292, 43.64993], [-79.44283, 43.64986], [-79.44275, 43.64979], [-79.44267, 43.64972], [-79.44258, 43.64965], [-79.4425, 43.64959], [-79.44241, 43.64952], [-79.44233, 43.64945], [-79.44224, 43.64938], [-79.44216, 43.64932], [-79.44207, 43.64925], [-79.44198, 43.64919], [-79.4419, 43.64912], [-79.44181, 43.64906], [-79.44172, 43.64899], [-79.44163, 43.64893], [-79.44154, 43.64887], [-79.44145, 43.6488], [-79.44136, 43.64874], [-79.44127, 43.64868], [-79.44117, 43.64862], [-79.44116, 43.64861], [-79.44108, 43.64856], [-79.44099, 43.64849], [-79.44089, 43.64843], [-79.4408, 43.64837], [-79.4407, 43.64831], [-79.44061, 43.64825], [-79.44051, 43.6482], [-79.44042, 43.64814], [-79.44032, 43.64808], [-79.44022, 43.64802], [-79.44012, 43.64797], [-79.44003, 43.64791], [-79.43993, 43.64785], [-79.43983, 43.64779], [-79.43973, 43.64774], [-79.43963, 43.64769], [-79.43953, 43.64763], [-79.43942, 43.64758], [-79.43932, 43.64752], [-79.43922, 43.64747], [-79.43911, 43.64742], [-79.43888, 43.6473], [-79.43865, 43.64719], [-79.43842, 43.64708], [-79.43818, 43.64697], [-79.43795, 43.64685], [-79.43772, 43.64674], [-79.43762, 43.6467], [-79.43748, 43.64663], [-79.43725, 43.64652], [-79.43701, 43.64641], [-79.43693, 43.64638], [-79.43677, 43.6463], [-79.43654, 43.64619], [-79.4363, 43.64609], [-79.43606, 43.64597], [-79.43605, 43.64597], [-79.43582, 43.64587], [-79.43558, 43.64576], [-79.43443, 43.64524], [-79.43366, 43.64488], [-79.43094, 43.64361], [-79.43047, 43.64339], [-79.43032, 43.64332], [-79.43016, 43.64324], [-79.43001, 43.64317], [-79.42986, 43.6431], [-79.42971, 43.64303], [-79.42965, 43.643], [-79.42956, 43.64296], [-79.42941, 43.64288], [-79.42926, 43.64281], [-79.42911, 43.64273], [-79.42896, 43.64266], [-79.42881, 43.64258], [-79.42875, 43.64255], [-79.42866, 43.6425], [-79.42851, 43.64243], [-79.42836, 43.64235], [-79.42821, 43.64231], [-79.42864, 43.64221], [-79.42972, 43.642], [-79.43012, 43.64193], [-79.43159, 43.64163], [-79.43237, 43.64147], [-79.43315, 43.6413], [-79.43418, 43.64109], [-79.43452, 43.64103], [-79.43541, 43.64084], [-79.43597, 43.64072], [-79.43667, 43.64058], [-79.43728, 43.64045], [-79.43792, 43.64033], [-79.43911, 43.6401], [-79.43986, 43.63995], [-79.44096, 43.63974], [-79.44118, 43.63969], [-79.44222, 43.63949], [-79.4425, 43.63944], [-79.44383, 43.63918]]]]}}, {"type": "Feature", "properties": {"AREA_NAME": "South Parkdale", "buzzmaps_hoods": ["Parkdale"]}, "geometry": {"type": "MultiPolygon", "coordinates": [[[[-79.42146, 43.64061], [-79.42144, 43.64061], [-79.4214, 43.64061], [-79.42129, 43.64018], [-79.42101, 43.63947], [-79.42087, 43.6391], [-79.4208, 43.6389], [-79.42076, 43.6388], [-79.42058, 43.63831], [-79.42035, 43.63774], [-79.41975, 43.63619], [-79.41957, 43.63582], [-79.42035, 43.6356], [-79.42055, 43.63555], [-79.42308, 43.63484], [-79.4243, 43.6345], [-79.42552, 43.63416], [-79.42563, 43.63413], [-79.42574, 43.63409], [-79.42586, 43.63406], [-79.42597, 43.63403], [-79.42609, 43.634], [-79.4262, 43.63397], [-79.42632, 43.63393], [-79.42643, 43.63391], [-79.42652, 43.63388], [-79.42655, 43.63388], [-79.42666, 43.63385], [-79.42678, 43.63382], [-79.42689, 43.63379], [-79.42701, 43.63377], [-79.42713, 43.63374], [-79.42724, 43.63371], [-79.42736, 43.63369], [-79.42748, 43.63366], [-79.42759, 43.63364], [-79.42771, 43.63362], [-79.42782, 43.6336], [-79.42783, 43.63359], [-79.42795, 43.63357], [-79.42807, 43.63356], [-79.42819, 43.63354], [-79.42831, 43.63352], [-79.42842, 43.63351], [-79.42854, 43.63349], [-79.42866, 43.63348], [-79.42878, 43.63346], [-79.4289, 43.63345], [-79.42894, 43.63344], [-79.42876, 43.63303], [-79.42871, 43.63291], [-79.42865, 43.63278], [-79.42831, 43.63151], [-79.42817, 43.63095], [-79.42806, 43.63062], [-79.42782, 43.62991], [-79.42778, 43.62979], [-79.42948, 43.63002], [-79.43042, 43.6302], [-79.43172, 43.63043], [-79.43316, 43.63075], [-79.4332, 43.63076], [-79.43348, 43.63083], [-79.43352, 43.63082], [-79.43356, 43.63083], [-79.43359, 43.63084], [-79.43362, 43.63085], [-79.43366, 43.63086], [-79.43365, 43.63089], [-79.43383, 43.63095], [-79.43447, 43.63118], [-79.43486, 43.63132], [-79.43508, 43.6314], [-79.43513, 43.63142], [-79.43519, 43.63145], [-79.43526, 43.63149], [-79.43535, 43.63155], [-79.43552, 43.63164], [-79.43567, 43.63172], [-79.43584, 43.63181], [-79.43589, 43.63185], [-79.43593, 43.63185], [-79.43597, 43.6318], [-79.43635, 43.63194], [-79.43634, 43.63196], [-79.43637, 43.63198], [-79.43636, 43.63199], [-79.43638, 43.632], [-79.43665, 43.63207], [-79.4368, 43.63212], [-79.43694, 43.63217], [-79.43705, 43.63225], [-79.43708, 43.63226], [-79.43713, 43.63228], [-79.43718, 43.63229], [-79.43729, 43.63234], [-79.43753, 43.63244], [-79.4376, 43.63247], [-79.43761, 43.63249], [-79.43773, 43.63254], [-79.43783, 43.63257], [-79.43802, 43.63263], [-79.4382, 43.63269], [-79.43847, 43.63281], [-79.43862, 43.63288], [-79.43869, 43.6329], [-79.43888, 43.633], [-79.43901, 43.63307], [-79.43905, 43.63307], [-79.43917, 43.63311], [-79.43926, 43.63314], [-79.43936, 43.63322], [-79.43936, 43.63323], [-79.43932, 43.63342], [-79.43929, 43.63355], [-79.43929, 43.63355], [-79.43931, 43.63356], [-79.43929, 43.63357], [-79.43939, 43.63363], [-79.43941, 43.63361], [-79.43975, 43.63379], [-79.43972, 43.63382], [-79.43978, 43.63385], [-79.4398, 43.63382], [-79.43991, 43.63386], [-79.43993, 43.63386], [-79.43996, 43.63387], [-79.44001, 43.63391], [-79.44007, 43.63414], [-79.44004, 43.63418], [-79.44001, 43.63421], [-79.44001, 43.63422], [-79.44, 43.63423], [-79.44006, 43.63427], [-79.4402, 43.63439], [-79.44032, 43.63447], [-79.44047, 43.63457], [-79.44054, 43.6346], [-79.44072, 43.6347], [-79.44088, 43.63476], [-79.44097, 43.63479], [-79.441, 43.63481], [-79.44104, 43.63483], [-79.44114, 43.63487], [-79.44127, 43.6349], [-79.44144, 43.63493], [-79.44162, 43.63494], [-79.44179, 43.63494], [-79.44191, 43.63495], [-79.442, 43.63495], [-79.44218, 43.63493], [-79.44245, 43.63489], [-79.44253, 43.63487], [-79.44268, 43.63481], [-79.44278, 43.63478], [-79.44282, 43.63477], [-79.44283, 43.63476], [-79.44292, 43.63473], [-79.44297, 43.63472], [-79.44302, 43.63472], [-79.44303, 43.63474], [-79.44322, 43.63472], [-79.4436, 43.63488], [-79.44392, 43.63501], [-79.44392, 43.63508], [-79.44391, 43.63515], [-79.44422, 43.63528], [-79.44476, 43.63551], [-79.44534, 43.63576], [-79.44574, 43.63593], [-79.44599, 43.63603], [-79.44602, 43.63603], [-79.44616, 43.63604], [-79.44636, 43.63611], [-79.44639, 43.63613], [-79.44643, 43.63614], [-79.44647, 43.63615], [-79.44652, 43.63616], [-79.44652, 43.63619], [-79.44658, 43.63622], [-79.44665, 43.63625], [-79.4467, 43.63629], [-79.44675, 43.63632], [-79.44684, 43.63635], [-79.4469, 43.63636], [-79.44696, 43.63635], [-79.447, 43.63634], [-79.44704, 43.63635], [-79.44711, 43.63637], [-79.44719, 43.6364], [-79.44731, 43.63644], [-79.44749, 43.63649], [-79.44764, 43.63653], [-79.44772, 43.63654], [-79.44783, 43.63654], [-79.44794, 43.63653], [-79.44804, 43.63651], [-79.44819, 43.63648], [-79.4483, 43.63645], [-79.44838, 43.63643], [-79.44847, 43.6364], [-79.44858, 43.63636], [-79.44874, 43.63628], [-79.44894, 43.63619], [-79.44903, 43.63617], [-79.44911, 43.63617], [-79.44918, 43.63617], [-79.44924, 43.63618], [-79.44929, 43.6362], [-79.44933, 43.63622], [-79.44936, 43.63624], [-79.44942, 43.6363], [-79.44952, 43.63638], [-79.4496, 43.63644], [-79.44972, 43.63649], [-79.44976, 43.63652], [-79.44981, 43.63654], [-79.44988, 43.63655], [-79.44999, 43.63654], [-79.45009, 43.63654], [-79.45017, 43.63655], [-79.45025, 43.63656], [-79.45029, 43.63655], [-79.45031, 43.63655], [-79.45034, 43.63655], [-79.45036, 43.63655], [-79.45039, 43.63656], [-79.45039, 43.63657], [-79.45042, 43.63656], [-79.45044, 43.63656], [-79.45045, 43.63656], [-79.45047, 43.63658], [-79.45049, 43.63659], [-79.45051, 43.63659], [-79.45057, 43.63658], [-79.45062, 43.63657], [-79.45074, 43.63654], [-79.45092, 43.6365], [-79.45099, 43.6365], [-79.45104, 43.63649], [-79.45109, 43.6365], [-79.45125, 43.63652], [-79.45152, 43.63656], [-79.45175, 43.63659], [-79.45188, 43.63661], [-79.45198, 43.63661], [-79.45212, 43.63663], [-79.45228, 43.63665], [-79.45244, 43.63669], [-79.45259, 43.63673], [-79.45276, 43.6368], [-79.45294, 43.63696], [-79.45307, 43.63702], [-79.45331, 43.63709], [-79.45339, 43.63712], [-79.45349, 43.63716], [-79.45366, 43.63724], [-79.45375, 43.63727], [-79.45383, 43.6373], [-79.45391, 43.6373], [-79.45404, 43.63732], [-79.45416, 43.63735], [-79.45425, 43.63738], [-79.45436, 43.63739], [-79.45446, 43.63741], [-79.45489, 43.63744], [-79.45523, 43.63748], [-79.45545, 43.6374], [-79.45577, 43.63734], [-79.45594, 43.63729], [-79.45614, 43.63725], [-79.45628, 43.63722], [-79.45637, 43.6372], [-79.45646, 43.6372], [-79.45654, 43.6372], [-79.45662, 43.6372], [-79.45672, 43.6372], [-79.45687, 43.63722], [-79.45694, 43.63723], [-79.45699, 43.63723], [-79.45706, 43.63723], [-79.45715, 43.63723], [-79.45729, 43.63723], [-79.45742, 43.63723], [-79.45756, 43.63722], [-79.45768, 43.63721], [-79.45782, 43.63719], [-79.4579, 43.63718], [-79.45798, 43.63716], [-79.45807, 43.63713], [-79.45817, 43.63709], [-79.45831, 43.63702], [-79.45845, 43.63694], [-79.45854, 43.63688], [-79.45866, 43.63679], [-79.4587, 43.63677], [-79.45873, 43.63676], [-79.45875, 43.63676], [-79.45877, 43.63676], [-79.4588, 43.63677], [-79.45882, 43.63678], [-79.45892, 43.63681], [-79.45899, 43.63683], [-79.45903, 43.63684], [-79.4591, 43.63683], [-79.45918, 43.63681], [-79.45929, 43.6368], [-79.45936, 43.63678], [-79.45943, 43.63678], [-79.45949, 43.63678], [-79.45958, 43.63678], [-79.45964, 43.63678], [-79.4597, 43.63678], [-79.45974, 43.63677], [-79.45977, 43.63676], [-79.45982, 43.63676], [-79.45997, 43.63677], [-79.46002, 43.63677], [-79.46009, 43.63677], [-79.46019, 43.63676], [-79.46029, 43.63674], [-79.46037, 43.63673], [-79.46048, 43.6367], [-79.46056, 43.63667], [-79.46066, 43.63663], [-79.46075, 43.6366], [-79.46082, 43.63657], [-79.46089, 43.63653], [-79.46094, 43.63651], [-79.46099, 43.63648], [-79.46106, 43.63644], [-79.46115, 43.6364], [-79.46119, 43.63639], [-79.46126, 43.63636], [-79.46133, 43.63634], [-79.46136, 43.63633], [-79.4614, 43.63633], [-79.46142, 43.63633], [-79.46145, 43.63633], [-79.46147, 43.63634], [-79.46147, 43.63634], [-79.46148, 43.63635], [-79.46148, 43.63637], [-79.46149, 43.63638], [-79.4615, 43.63639], [-79.46154, 43.63641], [-79.46157, 43.63641], [-79.4616, 43.63641], [-79.46163, 43.63641], [-79.46166, 43.6364], [-79.46169, 43.63638], [-79.46174, 43.63635], [-79.46183, 43.63631], [-79.46186, 43.63629], [-79.46192, 43.63624], [-79.46197, 43.6362], [-79.46203, 43.63614], [-79.4621, 43.63606], [-79.46214, 43.63602], [-79.4622, 43.63595], [-79.46227, 43.63588], [-79.46233, 43.63582], [-79.46243, 43.63575], [-79.46249, 43.63573], [-79.46257, 43.63569], [-79.46261, 43.63567], [-79.46264, 43.63567], [-79.46267, 43.63567], [-79.46272, 43.63567], [-79.46274, 43.63568], [-79.46282, 43.63571], [-79.46291, 43.63574], [-79.463, 43.63577], [-79.46304, 43.63578], [-79.46308, 43.63579], [-79.46315, 43.63578], [-79.46321, 43.63578], [-79.46329, 43.63577], [-79.46341, 43.63575], [-79.4635, 43.63574], [-79.46355, 43.63573], [-79.46359, 43.63573], [-79.4637, 43.63573], [-79.46384, 43.63571], [-79.46391, 43.63571], [-79.46394, 43.6357], [-79.46398, 43.63568], [-79.46402, 43.63565], [-79.46408, 43.63563], [-79.46416, 43.6356], [-79.46433, 43.63554], [-79.46437, 43.63553], [-79.4644, 43.63551], [-79.46445, 43.63549], [-79.46449, 43.63547], [-79.46452, 43.63546], [-79.46453, 43.63545], [-79.46457, 43.63543], [-79.4646, 43.63541], [-79.46464, 43.6354], [-79.46469, 43.63537], [-79.46479, 43.63533], [-79.46486, 43.6353], [-79.46492, 43.63527], [-79.46495, 43.63526], [-79.46499, 43.63526], [-79.46501, 43.63525], [-79.46504, 43.63523], [-79.46508, 43.63518], [-79.46514, 43.63512], [-79.46522, 43.63502], [-79.46527, 43.63498], [-79.46531, 43.63497], [-79.46534, 43.63496], [-79.46538, 43.63493], [-79.46542, 43.63492], [-79.46548, 43.63488], [-79.46554, 43.63485], [-79.46561, 43.6348], [-79.46566, 43.63476], [-79.46567, 43.63475], [-79.46573, 43.6347], [-79.46577, 43.63467], [-79.46581, 43.63464], [-79.46586, 43.63461], [-79.46589, 43.6346], [-79.46593, 43.63458], [-79.46597, 43.63457], [-79.46605, 43.63453], [-79.46615, 43.63449], [-79.4662, 43.63446], [-79.46624, 43.63445], [-79.46628, 43.63443], [-79.46631, 43.63442], [-79.46634, 43.63442], [-79.46636, 43.63442], [-79.46638, 43.63442], [-79.4664, 43.63442], [-79.46641, 43.63443], [-79.46643, 43.63443], [-79.46648, 43.63445], [-79.46654, 43.63446], [-79.46662, 43.63447], [-79.46664, 43.63448], [-79.46666, 43.63448], [-79.46669, 43.63448], [-79.46671, 43.63448], [-79.46674, 43.63448], [-79.46677, 43.63447], [-79.4668, 43.63447], [-79.46683, 43.63447], [-79.46686, 43.63446], [-79.46689, 43.63446], [-79.46694, 43.63445], [-79.467, 43.63444], [-79.46707, 43.63442], [-79.46712, 43.63441], [-79.46716, 43.6344], [-79.46721, 43.63438], [-79.46723, 43.63437], [-79.46724, 43.63435], [-79.46724, 43.63434], [-79.46724, 43.63432], [-79.46725, 43.63431], [-79.46725, 43.63429], [-79.46726, 43.63429], [-79.46728, 43.63427], [-79.46731, 43.63425], [-79.46742, 43.63422], [-79.46743, 43.63421], [-79.4675, 43.63419], [-79.46761, 43.63416], [-79.46766, 43.63414], [-79.46767, 43.63414], [-79.4677, 43.63415], [-79.46772, 43.63416], [-79.46775, 43.63416], [-79.46779, 43.63415], [-79.46783, 43.63413], [-79.46791, 43.6341], [-79.46798, 43.63406], [-79.46805, 43.63403], [-79.46809, 43.634], [-79.46815, 43.63397], [-79.4682, 43.63392], [-79.46826, 43.63388], [-79.46831, 43.63384], [-79.46835, 43.6338], [-79.46839, 43.63375], [-79.46842, 43.63372], [-79.46845, 43.63368], [-79.46847, 43.63365], [-79.46848, 43.63362], [-79.4685, 43.63354], [-79.46852, 43.6335], [-79.46854, 43.63347], [-79.46859, 43.6334], [-79.46863, 43.63335], [-79.4687, 43.63327], [-79.46873, 43.63322], [-79.46877, 43.63317], [-79.46882, 43.63312], [-79.46886, 43.6331], [-79.4689, 43.63307], [-79.46899, 43.63301], [-79.46904, 43.63296], [-79.46913, 43.63288], [-79.46924, 43.63278], [-79.46929, 43.63274], [-79.46933, 43.63272], [-79.46937, 43.6327], [-79.46943, 43.63266], [-79.46948, 43.63263], [-79.46955, 43.63259], [-79.46959, 43.63258], [-79.46962, 43.63257], [-79.46964, 43.63255], [-79.46967, 43.63253], [-79.46971, 43.63252], [-79.46974, 43.63252], [-79.46976, 43.6325], [-79.46981, 43.63248], [-79.46989, 43.63244], [-79.46995, 43.63241], [-79.47, 43.63238], [-79.47003, 43.63236], [-79.47006, 43.63234], [-79.47011, 43.63232], [-79.47018, 43.63229], [-79.47023, 43.63226], [-79.47027, 43.63224], [-79.47027, 43.63223], [-79.4703, 43.63222], [-79.47031, 43.63221], [-79.47035, 43.63221], [-79.4704, 43.63219], [-79.47044, 43.63218], [-79.47046, 43.63217], [-79.47049, 43.63215], [-79.47052, 43.63213], [-79.47055, 43.63213], [-79.47057, 43.63212], [-79.47059, 43.63212], [-79.4706, 43.63211], [-79.47062, 43.6321], [-79.47065, 43.63209], [-79.47068, 43.63207], [-79.47069, 43.63206], [-79.4707, 43.63204], [-79.47071, 43.63202], [-79.47073, 43.63201], [-79.47075, 43.63199], [-79.47077, 43.63197], [-79.47079, 43.63196], [-79.4708, 43.63195], [-79.47081, 43.63195], [-79.47083, 43.63195], [-79.47085, 43.63195], [-79.47086, 43.63196], [-79.47088, 43.63197], [-79.47089, 43.63198], [-79.4709, 43.63199], [-79.47092, 43.632], [-79.47123, 43.6317], [-79.47133, 43.63178], [-79.47202, 43.63237], [-79.47243, 43.63263], [-79.4728, 43.63282], [-79.47306, 43.63293], [-79.47316, 43.63297], [-79.47326, 43.63301], [-79.47333, 43.63304], [-79.47337, 43.63306], [-79.47347, 43.63311], [-79.47355, 43.63313], [-79.47363, 43.63316], [-79.47382, 43.63324], [-79.47391, 43.63327], [-79.47401, 43.63321], [-79.47396, 43.63329], [-79.47405, 43.63334], [-79.47424, 43.63344], [-79.47421, 43.63346], [-79.47413, 43.63351], [-79.47405, 43.63356], [-79.47397, 43.63362], [-79.47389, 43.63367], [-79.4738, 43.63372], [-79.47372, 43.63377], [-79.47364, 43.63382], [-79.47355, 43.63387], [-79.47347, 43.63391], [-79.47338, 43.63396], [-79.4733, 43.63401], [-79.47321, 43.63406], [-79.47312, 43.63411], [-79.47304, 43.63415], [-79.47295, 43.6342], [-79.47286, 43.63424], [-79.47277, 43.63429], [-79.47268, 43.63433], [-79.47259, 43.63438], [-79.4725, 43.63442], [-79.47241, 43.63446], [-79.47233, 43.6345], [-79.47232, 43.63451], [-79.47223, 43.63454], [-79.47223, 43.63455], [-79.47214, 43.63459], [-79.47204, 43.63463], [-79.47195, 43.63467], [-79.47192, 43.63468], [-79.47186, 43.63471], [-79.46887, 43.63603], [-79.46886, 43.63604], [-79.46599, 43.63726], [-79.46598, 43.63726], [-79.46587, 43.63731], [-79.46575, 43.63735], [-79.46564, 43.63739], [-79.46553, 43.63744], [-79.46541, 43.63748], [-79.4653, 43.63753], [-79.46518, 43.63757], [-79.46507, 43.63761], [-79.46495, 43.63765], [-79.46483, 43.63769], [-79.46472, 43.63773], [-79.4646, 43.63777], [-79.46448, 43.63781], [-79.46437, 43.63785], [-79.46425, 43.63789], [-79.46413, 43.63793], [-79.46401, 43.63796], [-79.46389, 43.638], [-79.46377, 43.63803], [-79.46366, 43.63807], [-79.46354, 43.63811], [-79.46342, 43.63814], [-79.4633, 43.63818], [-79.46318, 43.63821], [-79.46305, 43.63824], [-79.46293, 43.63827], [-79.46281, 43.6383], [-79.46269, 43.63834], [-79.46257, 43.63837], [-79.46245, 43.6384], [-79.46232, 43.63842], [-79.4622, 43.63846], [-79.46208, 43.63848], [-79.46196, 43.63851], [-79.46184, 43.63854], [-79.46172, 43.63857], [-79.4616, 43.6386], [-79.46148, 43.63862], [-79.46136, 43.63865], [-79.46124, 43.63867], [-79.46112, 43.6387], [-79.461, 43.63872], [-79.46088, 43.63875], [-79.46076, 43.63877], [-79.46064, 43.63879], [-79.46052, 43.63882], [-79.46039, 43.63884], [-79.46027, 43.63886], [-79.46015, 43.63888], [-79.46003, 43.6389], [-79.45991, 43.63892], [-79.45978, 43.63894], [-79.45966, 43.63895], [-79.45954, 43.63897], [-79.45942, 43.63899], [-79.45929, 43.63901], [-79.45924, 43.63901], [-79.45917, 43.63902], [-79.45905, 43.63904], [-79.45892, 43.63905], [-79.45788, 43.63917], [-79.45776, 43.63918], [-79.45764, 43.6392], [-79.45752, 43.63921], [-79.4574, 43.63922], [-79.45728, 43.63922], [-79.45716, 43.63923], [-79.45703, 43.63924], [-79.45691, 43.63924], [-79.45679, 43.63925], [-79.45667, 43.63926], [-79.45655, 43.63926], [-79.45643, 43.63926], [-79.45631, 43.63926], [-79.45618, 43.63927], [-79.45606, 43.63927], [-79.45594, 43.63927], [-79.45582, 43.63927], [-79.4557, 43.63927], [-79.45558, 43.63927], [-79.45545, 43.63927], [-79.45533, 43.63927], [-79.45521, 43.63927], [-79.45509, 43.63926], [-79.45497, 43.63926], [-79.45485, 43.63926], [-79.45472, 43.63925], [-79.4546, 43.63925], [-79.45448, 43.63925], [-79.45436, 43.63924], [-79.45424, 43.63923], [-79.45412, 43.63922], [-79.454, 43.63921], [-79.45388, 43.63921], [-79.45379, 43.6392], [-79.45375, 43.6392], [-79.45361, 43.63919], [-79.45346, 43.63918], [-79.45331, 43.63917], [-79.45302, 43.63915], [-79.45198, 43.63906], [-79.45168, 43.63902], [-79.45153, 43.63901], [-79.45138, 43.63899], [-79.45124, 43.63897], [-79.45122, 43.63896], [-79.45079, 43.63891], [-79.45065, 43.63889], [-79.4505, 43.63887], [-79.45035, 43.63884], [-79.4502, 43.63883], [-79.45006, 43.6388], [-79.44995, 43.63879], [-79.44983, 43.63877], [-79.44972, 43.63876], [-79.44961, 43.63874], [-79.4495, 43.63873], [-79.44939, 43.63871], [-79.44927, 43.63869], [-79.44916, 43.63867], [-79.44894, 43.63864], [-79.44883, 43.63861], [-79.44872, 43.63859], [-79.44861, 43.63857], [-79.4485, 43.63855], [-79.44828, 43.63851], [-79.44817, 43.63848], [-79.44795, 43.63844], [-79.44784, 43.63841], [-79.44773, 43.63839], [-79.44741, 43.63831], [-79.44719, 43.63825], [-79.44709, 43.63822], [-79.44698, 43.63819], [-79.4469, 43.63817], [-79.44676, 43.63844], [-79.44668, 43.63844], [-79.44663, 43.63846], [-79.4466, 43.63847], [-79.4465, 43.63847], [-79.44622, 43.63872], [-79.44383, 43.63918], [-79.4425, 43.63944], [-79.44222, 43.63949], [-79.44118, 43.63969], [-79.44096, 43.63974], [-79.43986, 43.63995], [-79.43911, 43.6401], [-79.43792, 43.64033], [-79.43728, 43.64045], [-79.43667, 43.64058], [-79.43597, 43.64072], [-79.43541, 43.64084], [-79.43452, 43.64103], [-79.43418, 43.64109], [-79.43315, 43.6413], [-79.43237, 43.64147], [-79.43159, 43.64163], [-79.43012, 43.64193], [-79.42972, 43.642], [-79.42864, 43.64221], [-79.42821, 43.64231], [-79.42805, 43.64223], [-79.4279, 43.64214], [-79.42749, 43.64193], [-79.42719, 43.64181], [-79.42695, 43.64171], [-79.4267, 43.64161], [-79.42641, 43.64151], [-79.42602, 43.64139], [-79.42563, 43.64128], [-79.42544, 43.64124], [-79.42536, 43.64122], [-79.42527, 43.6412], [-79.42507, 43.64115], [-79.42488, 43.6411], [-79.42439, 43.64099], [-79.42399, 43.6409], [-79.42359, 43.64083], [-79.42348, 43.64082], [-79.42318, 43.64077], [-79.42308, 43.64076], [-79.42298, 43.64074], [-79.42288, 43.64073], [-79.42278, 43.64072], [-79.42267, 43.64071], [-79.42257, 43.6407], [-79.42247, 43.64069], [-79.42237, 43.64067], [-79.42226, 43.64066], [-79.42216, 43.64066], [-79.42206, 43.64065], [-79.42196, 43.64064], [-79.42185, 43.64063], [-79.42175, 43.64062], [-79.42165, 43.64062], [-79.42154, 43.64061], [-79.42146, 43.64061]]]]}}, {"type": "Feature", "properties": {"AREA_NAME": "Little Portugal", "buzzmaps_hoods": ["Little Portugal"]}, "geometry": {"type": "MultiPolygon", "coordinates": [[[[-79.42628, 43.65327], [-79.42607, 43.65273], [-79.42589, 43.65226], [-79.42588, 43.65224], [-79.42566, 43.65171], [-79.42556, 43.65146], [-79.42507, 43.65024], [-79.42495, 43.64995], [-79.4249, 43.6498], [-79.42475, 43.64944], [-79.42411, 43.64782], [-79.42382, 43.64708], [-79.42363, 43.64661], [-79.42347, 43.64619], [-79.42315, 43.64536], [-79.42255, 43.64384], [-79.42241, 43.64349], [-79.42223, 43.64302], [-79.42168, 43.64155], [-79.42166, 43.64147], [-79.42142, 43.64082], [-79.4214, 43.64061], [-79.42144, 43.64061], [-79.42146, 43.64061], [-79.42154, 43.64061], [-79.42165, 43.64062], [-79.42175, 43.64062], [-79.42185, 43.64063], [-79.42196, 43.64064], [-79.42206, 43.64065], [-79.42216, 43.64066], [-79.42226, 43.64066], [-79.42237, 43.64067], [-79.42247, 43.64069], [-79.42257, 43.6407], [-79.42267, 43.64071], [-79.42278, 43.64072], [-79.42288, 43.64073], [-79.42298, 43.64074], [-79.42308, 43.64076], [-79.42318, 43.64077], [-79.42348, 43.64082], [-79.42359, 43.64083], [-79.42399, 43.6409], [-79.42439, 43.64099], [-79.42488, 43.6411], [-79.42507, 43.64115], [-79.42527, 43.6412], [-79.42536, 43.64122], [-79.42544, 43.64124], [-79.42563, 43.64128], [-79.42602, 43.64139], [-79.42641, 43.64151], [-79.4267, 43.64161], [-79.42695, 43.64171], [-79.42719, 43.64181], [-79.42749, 43.64193], [-79.4279, 43.64214], [-79.42805, 43.64223], [-79.42821, 43.64231], [-79.42836, 43.64235], [-79.42851, 43.64243], [-79.42866, 43.6425], [-79.42875, 43.64255], [-79.42881, 43.64258], [-79.42896, 43.64266], [-79.42911, 43.64273], [-79.42926, 43.64281], [-79.42941, 43.64288], [-79.42956, 43.64296], [-79.42965, 43.643], [-79.42971, 43.64303], [-79.42986, 43.6431], [-79.43001, 43.64317], [-79.43016, 43.64324], [-79.43032, 43.64332], [-79.43047, 43.64339], [-79.43094, 43.64361], [-79.43366, 43.64488], [-79.43443, 43.64524], [-79.43558, 43.64576], [-79.43582, 43.64587], [-79.43605, 43.64597], [-79.43606, 43.64597], [-79.4363, 43.64609], [-79.43654, 43.64619], [-79.43677, 43.6463], [-79.43693, 43.64638], [-79.43701, 43.64641], [-79.43725, 43.64652], [-79.43748, 43.64663], [-79.43762, 43.6467], [-79.43772, 43.64674], [-79.43795, 43.64685], [-79.43818, 43.64697], [-79.43842, 43.64708], [-79.43865, 43.64719], [-79.43888, 43.6473], [-79.43911, 43.64742], [-79.43922, 43.64747], [-79.43932, 43.64752], [-79.43942, 43.64758], [-79.43953, 43.64763], [-79.43963, 43.64769], [-79.43973, 43.64774], [-79.43983, 43.64779], [-79.43993, 43.64785], [-79.44003, 43.64791], [-79.44012, 43.64797], [-79.44022, 43.64802], [-79.44032, 43.64808], [-79.44042, 43.64814], [-79.44051, 43.6482], [-79.44061, 43.64825], [-79.4407, 43.64831], [-79.4408, 43.64837], [-79.44089, 43.64843], [-79.44099, 43.64849], [-79.44108, 43.64856], [-79.44116, 43.64861], [-79.44117, 43.64862], [-79.44127, 43.64868], [-79.44136, 43.64874], [-79.44145, 43.6488], [-79.44154, 43.64887], [-79.44163, 43.64893], [-79.44172, 43.64899], [-79.44181, 43.64906], [-79.4419, 43.64912], [-79.44198, 43.64919], [-79.44207, 43.64925], [-79.44216, 43.64932], [-79.44224, 43.64938], [-79.44233, 43.64945], [-79.44241, 43.64952], [-79.4425, 43.64959], [-79.44258, 43.64965], [-79.44267, 43.64972], [-79.44275, 43.64979], [-79.44283, 43.64986], [-79.44292, 43.64993], [-79.44301, 43.65001], [-79.4431, 43.65008], [-79.44319, 43.65015], [-79.44328, 43.65023], [-79.44337, 43.65031], [-79.44345, 43.65038], [-79.44354, 43.65046], [-79.44363, 43.65053], [-79.44371, 43.65061], [-79.4438, 43.65069], [-79.44388, 43.65076], [-79.44397, 43.65084], [-79.44405, 43.65091], [-79.44302, 43.65069], [-79.44215, 43.65047], [-79.44206, 43.65045], [-79.44145, 43.65032], [-79.44102, 43.65028], [-79.43973, 43.65017], [-79.43832, 43.65009], [-79.43701, 43.64998], [-79.43696, 43.64998], [-79.4356, 43.64989], [-79.43585, 43.6505], [-79.43609, 43.65113], [-79.43612, 43.65119], [-79.43636, 43.65181], [-79.43458, 43.65215], [-79.43312, 43.65245], [-79.43256, 43.65257], [-79.43168, 43.65274], [-79.43108, 43.65285], [-79.43081, 43.6529], [-79.43072, 43.65291], [-79.43059, 43.65293], [-79.43048, 43.65293], [-79.43038, 43.65292], [-79.43031, 43.65291], [-79.43016, 43.65288], [-79.43003, 43.65286], [-79.42988, 43.65287], [-79.42968, 43.65292], [-79.42945, 43.65296], [-79.42819, 43.65323], [-79.42724, 43.65343], [-79.4264, 43.6536], [-79.42628, 43.65327]]]]}}, {"type": "Feature", "properties": {"AREA_NAME": "Dufferin Grove", "buzzmaps_hoods": ["Dundas West"]}, "geometry": {"type": "MultiPolygon", "coordinates": [[[[-79.42945, 43.65296], [-79.42968, 43.65292], [-79.42988, 43.65287], [-79.43003, 43.65286], [-79.43016, 43.65288], [-79.43031, 43.65291], [-79.43038, 43.65292], [-79.43048, 43.65293], [-79.43059, 43.65293], [-79.43072, 43.65291], [-79.43081, 43.6529], [-79.43108, 43.65285], [-79.43168, 43.65274], [-79.43256, 43.65257], [-79.43312, 43.65245], [-79.43458, 43.65215], [-79.43636, 43.65181], [-79.43612, 43.65119], [-79.43609, 43.65113], [-79.43585, 43.6505], [-79.4356, 43.64989], [-79.43696, 43.64998], [-79.43701, 43.64998], [-79.43832, 43.65009], [-79.43973, 43.65017], [-79.44102, 43.65028], [-79.44145, 43.65032], [-79.44206, 43.65045], [-79.44215, 43.65047], [-79.44302, 43.65069], [-79.44405, 43.65091], [-79.44405, 43.65092], [-79.44642, 43.65336], [-79.44754, 43.6545], [-79.44779, 43.65475], [-79.44987, 43.65688], [-79.44965, 43.65692], [-79.44893, 43.65705], [-79.4488, 43.65708], [-79.44809, 43.65723], [-79.44777, 43.6573], [-79.44699, 43.65747], [-79.44693, 43.65748], [-79.44525, 43.65783], [-79.44522, 43.65783], [-79.444, 43.65809], [-79.44273, 43.65834], [-79.44173, 43.65856], [-79.44158, 43.65859], [-79.44075, 43.65878], [-79.44039, 43.65886], [-79.43974, 43.65899], [-79.43918, 43.6591], [-79.43867, 43.65921], [-79.43761, 43.65943], [-79.43644, 43.65965], [-79.43537, 43.65988], [-79.43411, 43.66015], [-79.43384, 43.66019], [-79.43303, 43.66037], [-79.43292, 43.66039], [-79.43244, 43.66049], [-79.43167, 43.66066], [-79.43113, 43.66079], [-79.43042, 43.66095], [-79.43024, 43.66098], [-79.42944, 43.66115], [-79.42928, 43.66076], [-79.42856, 43.65897], [-79.42744, 43.65617], [-79.4264, 43.6536], [-79.42724, 43.65343], [-79.42819, 43.65323], [-79.42945, 43.65296]]]]}}, {"type": "Feature", "properties": {"AREA_NAME": "Trinity-Bellwoods", "buzzmaps_hoods": ["Queen West", "Trinity-Bellwoods"]}, "geometry": {"type": "MultiPolygon", "coordinates": [[[[-79.40754, 43.65603], [-79.40684, 43.65429], [-79.40602, 43.65231], [-79.40565, 43.65139], [-79.4056, 43.65127], [-79.4055, 43.651], [-79.40545, 43.65089], [-79.40525, 43.65036], [-79.40501, 43.64975], [-79.4047, 43.64897], [-79.40465, 43.64883], [-79.4046, 43.64871], [-79.40459, 43.64868], [-79.40434, 43.64806], [-79.40433, 43.64803], [-79.40419, 43.64768], [-79.40401, 43.64719], [-79.40521, 43.64697], [-79.40658, 43.64668], [-79.40732, 43.64654], [-79.40771, 43.64647], [-79.40858, 43.64629], [-79.40958, 43.64608], [-79.40995, 43.646], [-79.41079, 43.64585], [-79.41126, 43.64575], [-79.41149, 43.6457], [-79.4132, 43.64537], [-79.41398, 43.64521], [-79.41508, 43.64497], [-79.4163, 43.64473], [-79.41748, 43.64448], [-79.41886, 43.6442], [-79.41942, 43.6441], [-79.42001, 43.64398], [-79.4212, 43.64373], [-79.4218, 43.64362], [-79.42241, 43.64349], [-79.42255, 43.64384], [-79.42315, 43.64536], [-79.42347, 43.64619], [-79.42363, 43.64661], [-79.42382, 43.64708], [-79.42411, 43.64782], [-79.42475, 43.64944], [-79.4249, 43.6498], [-79.42491, 43.64983], [-79.42495, 43.64995], [-79.42507, 43.65024], [-79.42556, 43.65146], [-79.42566, 43.65171], [-79.42588, 43.65224], [-79.42589, 43.65226], [-79.42607, 43.65273], [-79.42628, 43.65327], [-79.4264, 43.6536], [-79.42519, 43.65387], [-79.42396, 43.65412], [-79.42271, 43.6544], [-79.42149, 43.65466], [-79.42027, 43.65491], [-79.41971, 43.65504], [-79.41903, 43.65516], [-79.41887, 43.65519], [-79.41877, 43.6552], [-79.41859, 43.65523], [-79.41833, 43.65525], [-79.41825, 43.65525], [-79.41818, 43.65525], [-79.41809, 43.65526], [-79.41802, 43.65525], [-79.41791, 43.65525], [-79.41708, 43.65517], [-79.41673, 43.65512], [-79.41561, 43.65495], [-79.41556, 43.65494], [-79.41544, 43.65493], [-79.41529, 43.65494], [-79.41518, 43.65495], [-79.41506, 43.65497], [-79.41388, 43.65521], [-79.41262, 43.65546], [-79.41141, 43.65571], [-79.41016, 43.65597], [-79.40896, 43.65623], [-79.40835, 43.65635], [-79.40772, 43.65648], [-79.40754, 43.65603]]]]}}, {"type": "Feature", "properties": {"AREA_NAME": "Lansing-Westgate", "buzzmaps_hoods": ["North York"]}, "geometry": {"type": "MultiPolygon", "coordinates": [[[[-79.41613, 43.76809], [-79.41537, 43.76633], [-79.41442, 43.76656], [-79.41431, 43.76658], [-79.41417, 43.7666], [-79.41406, 43.7666], [-79.41393, 43.7666], [-79.41384, 43.76659], [-79.41369, 43.76656], [-79.4135, 43.76652], [-79.4134, 43.76652], [-79.4133, 43.76652], [-79.41271, 43.76665], [-79.4126, 43.76667], [-79.41242, 43.76666], [-79.41225, 43.76669], [-79.41221, 43.76656], [-79.41199, 43.76566], [-79.41176, 43.76481], [-79.41164, 43.7643], [-79.41157, 43.764], [-79.41154, 43.76389], [-79.41138, 43.76326], [-79.41116, 43.76235], [-79.41094, 43.76151], [-79.4108, 43.76097], [-79.41075, 43.76071], [-79.41059, 43.76005], [-79.41056, 43.75995], [-79.41034, 43.75905], [-79.41012, 43.75823], [-79.41007, 43.75802], [-79.40994, 43.75759], [-79.40988, 43.75734], [-79.40985, 43.75723], [-79.4097, 43.75666], [-79.40964, 43.75649], [-79.40959, 43.75633], [-79.40957, 43.75628], [-79.40953, 43.7562], [-79.4095, 43.75613], [-79.40947, 43.75605], [-79.40943, 43.75598], [-79.4094, 43.7559], [-79.40936, 43.75583], [-79.40932, 43.75575], [-79.40928, 43.75568], [-79.40924, 43.7556], [-79.4092, 43.75553], [-79.40917, 43.75546], [-79.40914, 43.7554], [-79.40912, 43.75534], [-79.40909, 43.75527], [-79.40905, 43.75521], [-79.40902, 43.75515], [-79.40899, 43.75508], [-79.40896, 43.75502], [-79.40892, 43.75496], [-79.40889, 43.7549], [-79.40886, 43.75484], [-79.40878, 43.75471], [-79.40875, 43.75466], [-79.40873, 43.75461], [-79.4087, 43.75456], [-79.40868, 43.75452], [-79.40866, 43.75447], [-79.40864, 43.75442], [-79.40861, 43.75437], [-79.40859, 43.75431], [-79.40857, 43.75426], [-79.40856, 43.75421], [-79.40854, 43.75416], [-79.40852, 43.75411], [-79.4085, 43.75406], [-79.40849, 43.75401], [-79.40847, 43.75396], [-79.40844, 43.75381], [-79.40839, 43.75362], [-79.41145, 43.75165], [-79.41386, 43.75011], [-79.41414, 43.74993], [-79.41419, 43.74989], [-79.41425, 43.74985], [-79.41431, 43.74981], [-79.41437, 43.74977], [-79.41442, 43.74973], [-79.41448, 43.74968], [-79.41453, 43.74964], [-79.41459, 43.7496], [-79.41464, 43.74956], [-79.4147, 43.74951], [-79.41475, 43.74947], [-79.4148, 43.74942], [-79.41485, 43.74938], [-79.4149, 43.74933], [-79.41495, 43.74929], [-79.415, 43.74924], [-79.41505, 43.7492], [-79.4151, 43.74915], [-79.41515, 43.7491], [-79.4152, 43.74906], [-79.41524, 43.74901], [-79.41529, 43.74896], [-79.41533, 43.74891], [-79.41538, 43.74887], [-79.41542, 43.74882], [-79.41546, 43.74877], [-79.41551, 43.74872], [-79.41562, 43.74859], [-79.41573, 43.74847], [-79.41584, 43.74834], [-79.41595, 43.74822], [-79.41606, 43.74809], [-79.41616, 43.74797], [-79.41627, 43.74784], [-79.41638, 43.74772], [-79.41648, 43.74759], [-79.41659, 43.74746], [-79.41669, 43.74734], [-79.4168, 43.74721], [-79.41765, 43.74624], [-79.41772, 43.74618], [-79.41778, 43.74612], [-79.41785, 43.74607], [-79.41791, 43.74601], [-79.41798, 43.74596], [-79.41805, 43.7459], [-79.41811, 43.74585], [-79.41818, 43.7458], [-79.41825, 43.74574], [-79.41832, 43.74569], [-79.41839, 43.74564], [-79.41846, 43.74558], [-79.41853, 43.74553], [-79.4186, 43.74548], [-79.41868, 43.74543], [-79.41875, 43.74538], [-79.41882, 43.74533], [-79.4189, 43.74528], [-79.41897, 43.74523], [-79.41905, 43.74518], [-79.41912, 43.74513], [-79.4192, 43.74509], [-79.41928, 43.74504], [-79.41935, 43.74499], [-79.41986, 43.74465], [-79.42143, 43.74364], [-79.42311, 43.74256], [-79.42372, 43.74217], [-79.42666, 43.74031], [-79.42748, 43.73982], [-79.43105, 43.7377], [-79.43121, 43.73761], [-79.43368, 43.73616], [-79.43371, 43.73615], [-79.43376, 43.73636], [-79.43379, 43.73646], [-79.43395, 43.73714], [-79.43401, 43.73735], [-79.43406, 43.73761], [-79.43425, 43.73842], [-79.43466, 43.74], [-79.43483, 43.74059], [-79.43488, 43.74087], [-79.43503, 43.7415], [-79.43509, 43.7418], [-79.43532, 43.74265], [-79.43559, 43.74356], [-79.43576, 43.74426], [-79.4358, 43.74445], [-79.43601, 43.74517], [-79.43604, 43.74529], [-79.43624, 43.74615], [-79.43648, 43.74725], [-79.43672, 43.74826], [-79.43695, 43.74912], [-79.43716, 43.74995], [-79.43734, 43.75076], [-79.43753, 43.75149], [-79.43773, 43.75238], [-79.43799, 43.75344], [-79.43812, 43.75398], [-79.43824, 43.75449], [-79.43848, 43.75546], [-79.43843, 43.75546], [-79.43819, 43.75547], [-79.43791, 43.7555], [-79.43745, 43.7556], [-79.43699, 43.75569], [-79.43283, 43.75663], [-79.43086, 43.75707], [-79.43041, 43.75719], [-79.43002, 43.75728], [-79.43011, 43.75738], [-79.43027, 43.75749], [-79.43031, 43.75752], [-79.43054, 43.75758], [-79.4308, 43.75757], [-79.43103, 43.75753], [-79.43128, 43.75749], [-79.43134, 43.75746], [-79.43151, 43.75743], [-79.43174, 43.75738], [-79.43196, 43.75733], [-79.43222, 43.75728], [-79.43249, 43.75723], [-79.43275, 43.7572], [-79.43298, 43.75719], [-79.43322, 43.75724], [-79.43348, 43.75734], [-79.43369, 43.75754], [-79.43373, 43.75775], [-79.43369, 43.75795], [-79.43386, 43.75805], [-79.43413, 43.75812], [-79.43439, 43.7582], [-79.43461, 43.75827], [-79.43469, 43.75839], [-79.43484, 43.75847], [-79.43499, 43.75859], [-79.43508, 43.7587], [-79.43526, 43.75886], [-79.43556, 43.75898], [-79.43591, 43.75904], [-79.43623, 43.75909], [-79.43655, 43.75912], [-79.43686, 43.75912], [-79.43713, 43.75904], [-79.4374, 43.75899], [-79.43771, 43.75903], [-79.43797, 43.75919], [-79.43814, 43.7594], [-79.43811, 43.75963], [-79.43797, 43.75983], [-79.43773, 43.75999], [-79.43761, 43.7602], [-79.43766, 43.76044], [-79.43784, 43.76064], [-79.4381, 43.76069], [-79.43833, 43.76071], [-79.43847, 43.76091], [-79.43856, 43.76114], [-79.43874, 43.76132], [-79.43902, 43.76145], [-79.43934, 43.76155], [-79.43967, 43.7616], [-79.43998, 43.76156], [-79.44004, 43.76177], [-79.44043, 43.7634], [-79.43996, 43.76351], [-79.43892, 43.76373], [-79.43764, 43.76334], [-79.43424, 43.76406], [-79.43251, 43.76441], [-79.43127, 43.7647], [-79.42999, 43.765], [-79.42821, 43.76539], [-79.42556, 43.76598], [-79.41613, 43.76809]]]]}}, {"type": "Feature", "properties": {"AREA_NAME": "Willowdale West", "buzzmaps_hoods": ["North York"]}, "geometry": {"type": "MultiPolygon", "coordinates": [[[[-79.41267, 43.76839], [-79.41245, 43.76747], [-79.41232, 43.76694], [-79.41225, 43.76669], [-79.41242, 43.76666], [-79.4126, 43.76667], [-79.41271, 43.76665], [-79.4133, 43.76652], [-79.4134, 43.76652], [-79.4135, 43.76652], [-79.41369, 43.76656], [-79.41384, 43.76659], [-79.41393, 43.7666], [-79.41406, 43.7666], [-79.41417, 43.7666], [-79.41431, 43.76658], [-79.41442, 43.76656], [-79.41537, 43.76633], [-79.41613, 43.76809], [-79.42556, 43.76598], [-79.42821, 43.76539], [-79.42999, 43.765], [-79.43127, 43.7647], [-79.43251, 43.76441], [-79.43424, 43.76406], [-79.43764, 43.76334], [-79.43892, 43.76373], [-79.43996, 43.76351], [-79.44043, 43.7634], [-79.44052, 43.76376], [-79.4406, 43.76408], [-79.44093, 43.76546], [-79.44108, 43.76613], [-79.44124, 43.76682], [-79.44145, 43.7677], [-79.4417, 43.76857], [-79.44191, 43.76948], [-79.44214, 43.77038], [-79.44253, 43.772], [-79.44261, 43.77232], [-79.44301, 43.77386], [-79.44268, 43.77389], [-79.44208, 43.77395], [-79.4415, 43.77403], [-79.44104, 43.77411], [-79.43886, 43.7746], [-79.43738, 43.77493], [-79.43649, 43.77513], [-79.43501, 43.77545], [-79.43388, 43.77571], [-79.43273, 43.77596], [-79.43172, 43.77619], [-79.43026, 43.77649], [-79.42777, 43.77705], [-79.42706, 43.77721], [-79.42577, 43.7775], [-79.4254, 43.77759], [-79.42428, 43.77783], [-79.42299, 43.77812], [-79.42207, 43.77832], [-79.42162, 43.77842], [-79.42153, 43.77844], [-79.42064, 43.77865], [-79.42031, 43.77872], [-79.41958, 43.77888], [-79.41898, 43.77902], [-79.41851, 43.77914], [-79.41767, 43.77931], [-79.41743, 43.77937], [-79.41558, 43.77977], [-79.41531, 43.77878], [-79.4153, 43.77875], [-79.41529, 43.77868], [-79.41509, 43.77789], [-79.41485, 43.77695], [-79.41475, 43.77659], [-79.41451, 43.77566], [-79.41438, 43.77516], [-79.41403, 43.77378], [-79.41383, 43.77298], [-79.41364, 43.77226], [-79.41358, 43.77199], [-79.41332, 43.77099], [-79.41322, 43.77057], [-79.41311, 43.77014], [-79.4129, 43.76927], [-79.41267, 43.76839]]]]}}, {"type": "Feature", "properties": {"AREA_NAME": "Newtonbrook West", "buzzmaps_hoods": ["North York"]}, "geometry": {"type": "MultiPolygon", "coordinates": [[[[-79.44268, 43.77389], [-79.44301, 43.77386], [-79.44318, 43.77455], [-79.44358, 43.77606], [-79.4438, 43.77691], [-79.44389, 43.77725], [-79.44396, 43.77754], [-79.44408, 43.77807], [-79.44446, 43.77956], [-79.44463, 43.78021], [-79.44483, 43.78104], [-79.4454, 43.78332], [-79.44555, 43.78393], [-79.44605, 43.78592], [-79.44661, 43.78807], [-79.44663, 43.78811], [-79.44666, 43.78826], [-79.44667, 43.78844], [-79.44668, 43.78859], [-79.44667, 43.78872], [-79.44664, 43.78883], [-79.44662, 43.78891], [-79.4466, 43.78896], [-79.44657, 43.78902], [-79.44653, 43.78908], [-79.44644, 43.78922], [-79.44643, 43.78924], [-79.44631, 43.78941], [-79.44622, 43.78954], [-79.44611, 43.78969], [-79.446, 43.78982], [-79.4459, 43.78994], [-79.44578, 43.79006], [-79.44567, 43.79019], [-79.44562, 43.7903], [-79.44553, 43.79042], [-79.44544, 43.79057], [-79.4454, 43.79069], [-79.44539, 43.79076], [-79.44538, 43.79083], [-79.44538, 43.79093], [-79.44541, 43.7911], [-79.44545, 43.79131], [-79.44554, 43.79163], [-79.4457, 43.79224], [-79.44576, 43.79241], [-79.44335, 43.79296], [-79.44106, 43.79345], [-79.43895, 43.79392], [-79.43839, 43.79404], [-79.43656, 43.79441], [-79.43272, 43.79525], [-79.42927, 43.79601], [-79.42638, 43.79662], [-79.42316, 43.79734], [-79.42008, 43.798], [-79.41982, 43.79716], [-79.41963, 43.79632], [-79.41942, 43.79548], [-79.41921, 43.79462], [-79.41901, 43.79381], [-79.41879, 43.79296], [-79.41858, 43.79206], [-79.41847, 43.79165], [-79.41836, 43.79117], [-79.41813, 43.79025], [-79.41792, 43.78936], [-79.41782, 43.78898], [-79.41735, 43.78707], [-79.41712, 43.78617], [-79.41698, 43.78555], [-79.41684, 43.78497], [-79.41672, 43.7845], [-79.41662, 43.78409], [-79.41648, 43.78353], [-79.41645, 43.78343], [-79.41634, 43.78301], [-79.41633, 43.78292], [-79.41616, 43.78226], [-79.416, 43.78164], [-79.41579, 43.78073], [-79.41558, 43.77977], [-79.41743, 43.77937], [-79.41767, 43.77931], [-79.41851, 43.77914], [-79.41898, 43.77902], [-79.41958, 43.77888], [-79.42031, 43.77872], [-79.42064, 43.77865], [-79.42153, 43.77844], [-79.42162, 43.77842], [-79.42207, 43.77832], [-79.42299, 43.77812], [-79.42428, 43.77783], [-79.4254, 43.77759], [-79.42706, 43.77721], [-79.42777, 43.77705], [-79.43026, 43.77649], [-79.43172, 43.77619], [-79.43273, 43.77596], [-79.43388, 43.77571], [-79.43501, 43.77545], [-79.43649, 43.77513], [-79.43738, 43.77493], [-79.43886, 43.7746], [-79.44104, 43.77411], [-79.4415, 43.77403], [-79.44208, 43.77395], [-79.44268, 43.77389]]]]}}, {"type": "Feature", "properties": {"AREA_NAME": "Newtonbrook East", "buzzmaps_hoods": ["North York"]}, "geometry": {"type": "MultiPolygon", "coordinates": [[[[-79.41493, 43.77991], [-79.41558, 43.77977], [-79.41579, 43.78073], [-79.416, 43.78164], [-79.41616, 43.78226], [-79.41633, 43.78292], [-79.41634, 43.78301], [-79.41645, 43.78343], [-79.41648, 43.78353], [-79.41662, 43.78409], [-79.41672, 43.7845], [-79.41684, 43.78497], [-79.41698, 43.78555], [-79.41712, 43.78617], [-79.41735, 43.78707], [-79.41782, 43.78898], [-79.41792, 43.78936], [-79.41813, 43.79025], [-79.41836, 43.79117], [-79.41847, 43.79165], [-79.41858, 43.79206], [-79.41879, 43.79296], [-79.41901, 43.79381], [-79.41921, 43.79462], [-79.41942, 43.79548], [-79.41963, 43.79632], [-79.41982, 43.79716], [-79.42008, 43.798], [-79.41973, 43.7981], [-79.41943, 43.79817], [-79.41894, 43.79828], [-79.41709, 43.79867], [-79.41447, 43.79925], [-79.41186, 43.79982], [-79.40926, 43.8004], [-79.40625, 43.80106], [-79.40368, 43.80162], [-79.40248, 43.80189], [-79.4017, 43.80207], [-79.40089, 43.80225], [-79.39948, 43.80256], [-79.39912, 43.80263], [-79.3985, 43.80277], [-79.3978, 43.80293], [-79.39731, 43.80303], [-79.39686, 43.80313], [-79.39623, 43.80327], [-79.39615, 43.80303], [-79.39606, 43.80281], [-79.39599, 43.80258], [-79.39591, 43.80224], [-79.39581, 43.80187], [-79.3956, 43.80092], [-79.39538, 43.79995], [-79.3953, 43.79963], [-79.39518, 43.79915], [-79.39488, 43.79793], [-79.39445, 43.79607], [-79.39423, 43.79513], [-79.39401, 43.79415], [-79.3936, 43.7923], [-79.39335, 43.79113], [-79.39316, 43.79008], [-79.39313, 43.78993], [-79.39299, 43.78923], [-79.39296, 43.78907], [-79.39292, 43.78889], [-79.39275, 43.78802], [-79.39268, 43.78771], [-79.39254, 43.78697], [-79.39239, 43.78624], [-79.39226, 43.78559], [-79.3922, 43.78523], [-79.39215, 43.78501], [-79.3924, 43.78489], [-79.39258, 43.78485], [-79.39296, 43.78475], [-79.39328, 43.78466], [-79.39361, 43.78459], [-79.3947, 43.78435], [-79.39595, 43.78408], [-79.39634, 43.78398], [-79.39705, 43.78383], [-79.39769, 43.78369], [-79.39798, 43.78363], [-79.39873, 43.78347], [-79.3993, 43.78334], [-79.40061, 43.78305], [-79.40188, 43.78276], [-79.40447, 43.7822], [-79.40711, 43.78163], [-79.40972, 43.78106], [-79.41232, 43.78048], [-79.41414, 43.78008], [-79.41493, 43.77991]]]]}}, {"type": "Feature", "properties": {"AREA_NAME": "Etobicoke West Mall", "buzzmaps_hoods": ["Etobicoke"]}, "geometry": {"type": "MultiPolygon", "coordinates": [[[[-79.56174, 43.64221], [-79.56115, 43.64076], [-79.56114, 43.64072], [-79.56079, 43.63983], [-79.56064, 43.63944], [-79.56057, 43.63923], [-79.5605, 43.63903], [-79.56042, 43.63882], [-79.56035, 43.63862], [-79.56027, 43.63841], [-79.5602, 43.63821], [-79.56012, 43.63801], [-79.56004, 43.63776], [-79.55999, 43.6376], [-79.55998, 43.63756], [-79.55997, 43.6375], [-79.55994, 43.6374], [-79.55991, 43.6373], [-79.55989, 43.6372], [-79.55986, 43.63711], [-79.55983, 43.63701], [-79.5598, 43.63691], [-79.55977, 43.63681], [-79.55974, 43.63671], [-79.55971, 43.63661], [-79.55968, 43.63652], [-79.55965, 43.63642], [-79.55961, 43.63632], [-79.55959, 43.63624], [-79.5598, 43.63621], [-79.56004, 43.63614], [-79.56047, 43.63605], [-79.56051, 43.63604], [-79.56056, 43.63603], [-79.56232, 43.63563], [-79.56365, 43.63531], [-79.564, 43.63604], [-79.56404, 43.63608], [-79.56413, 43.6362], [-79.5642, 43.63628], [-79.56428, 43.63636], [-79.56438, 43.63643], [-79.56448, 43.63649], [-79.56461, 43.63654], [-79.56471, 43.63656], [-79.56486, 43.63659], [-79.56499, 43.63659], [-79.56511, 43.6366], [-79.56526, 43.63657], [-79.56536, 43.63655], [-79.56647, 43.63628], [-79.56728, 43.63609], [-79.56739, 43.63608], [-79.56749, 43.63605], [-79.56759, 43.63604], [-79.56771, 43.63605], [-79.56781, 43.63605], [-79.56794, 43.63609], [-79.56804, 43.63611], [-79.56811, 43.63613], [-79.56815, 43.63615], [-79.56817, 43.63615], [-79.56824, 43.63618], [-79.56833, 43.63622], [-79.56842, 43.63627], [-79.56851, 43.63633], [-79.56862, 43.63641], [-79.56869, 43.63649], [-79.56875, 43.63658], [-79.56882, 43.63668], [-79.56912, 43.63735], [-79.56914, 43.63738], [-79.56919, 43.63748], [-79.56927, 43.63755], [-79.56937, 43.63763], [-79.56965, 43.63788], [-79.56999, 43.63816], [-79.57011, 43.63827], [-79.57024, 43.63841], [-79.57033, 43.63854], [-79.57041, 43.63866], [-79.5705, 43.63885], [-79.57064, 43.63913], [-79.57112, 43.64016], [-79.57155, 43.64104], [-79.57165, 43.64129], [-79.57278, 43.64103], [-79.57386, 43.64077], [-79.57415, 43.64143], [-79.57419, 43.6415], [-79.57425, 43.64159], [-79.57433, 43.64166], [-79.5744, 43.64173], [-79.57447, 43.64177], [-79.57454, 43.6418], [-79.57464, 43.64183], [-79.57474, 43.64185], [-79.57487, 43.64188], [-79.57545, 43.64201], [-79.5755, 43.64203], [-79.57559, 43.64207], [-79.57565, 43.64211], [-79.57571, 43.64217], [-79.57577, 43.64225], [-79.57581, 43.64234], [-79.57589, 43.64256], [-79.57529, 43.6427], [-79.57436, 43.64292], [-79.57411, 43.64295], [-79.57249, 43.64334], [-79.57283, 43.64406], [-79.57291, 43.64419], [-79.57299, 43.6443], [-79.57307, 43.64439], [-79.57315, 43.64446], [-79.57319, 43.6445], [-79.57323, 43.64455], [-79.57328, 43.64464], [-79.57332, 43.64474], [-79.57337, 43.64485], [-79.57342, 43.64495], [-79.57346, 43.64499], [-79.57355, 43.6451], [-79.57362, 43.64517], [-79.57369, 43.64523], [-79.57376, 43.64528], [-79.57384, 43.64532], [-79.57395, 43.64535], [-79.57405, 43.64538], [-79.57413, 43.6454], [-79.57419, 43.64541], [-79.57442, 43.64545], [-79.57508, 43.64555], [-79.57527, 43.6456], [-79.57555, 43.64568], [-79.57644, 43.64596], [-79.57653, 43.64599], [-79.57666, 43.64606], [-79.57677, 43.64614], [-79.57685, 43.6462], [-79.57691, 43.64626], [-79.57696, 43.64632], [-79.577, 43.64638], [-79.57705, 43.64647], [-79.57713, 43.64665], [-79.57726, 43.64701], [-79.57738, 43.64724], [-79.57744, 43.64733], [-79.57772, 43.64759], [-79.57792, 43.64781], [-79.57803, 43.64795], [-79.57811, 43.64808], [-79.57821, 43.64829], [-79.57885, 43.64973], [-79.57893, 43.64993], [-79.57922, 43.65046], [-79.5795, 43.65141], [-79.57751, 43.65186], [-79.57524, 43.65241], [-79.57429, 43.65263], [-79.57255, 43.65303], [-79.57252, 43.65304], [-79.57126, 43.65333], [-79.57022, 43.65356], [-79.56781, 43.65412], [-79.56755, 43.65418], [-79.5673, 43.65425], [-79.5671, 43.65383], [-79.567, 43.65362], [-79.56692, 43.65347], [-79.56684, 43.65331], [-79.56676, 43.65316], [-79.56668, 43.653], [-79.5666, 43.65284], [-79.56652, 43.65269], [-79.56645, 43.65253], [-79.56628, 43.6522], [-79.56622, 43.65205], [-79.56614, 43.6519], [-79.56607, 43.65175], [-79.56599, 43.65159], [-79.56591, 43.65144], [-79.56587, 43.65135], [-79.56584, 43.65128], [-79.56576, 43.65112], [-79.56569, 43.65096], [-79.56561, 43.65081], [-79.56554, 43.65065], [-79.56547, 43.6505], [-79.5654, 43.65034], [-79.56533, 43.65018], [-79.56526, 43.65002], [-79.56474, 43.64898], [-79.56442, 43.64832], [-79.56421, 43.6479], [-79.56416, 43.64781], [-79.56409, 43.64764], [-79.56356, 43.64647], [-79.56315, 43.64558], [-79.56313, 43.64552], [-79.56267, 43.64449], [-79.56224, 43.64345], [-79.56209, 43.64307], [-79.56174, 43.64221]]]]}}]}